observation_id,bird_age_weeks,season,region,days_since_last_vaccination,recent_medication,respiratory_distress,diarrhea,lethargy,reduced_feed_intake,leg_weakness,sudden_death_count,observation_type,disease_label
1,27,dry,North East,60,None,0,0,0,1,1,0,sick_check,Fowl Typhoid
2,3,dry,South West,,Sulfadimidine,0,1,1,1,1,0,sick_check,Salmonellosis
3,7,rainy,South West,90,None,0,1,0,1,0,0,sick_check,Coccidiosis
4,48,dry,South South,14,None,0,0,0,0,0,0,sick_check,Healthy
5,17,dry,South West,7,Amprolium,1,0,1,1,1,0,sick_check,Newcastle Disease
6,9,dry,South West,14,Vitamin_Electrolyte,1,1,1,1,0,0,sick_check,Newcastle Disease
7,4,dry,South West,180,Sulfadimidine,0,1,0,1,0,0,sick_check,Coccidiosis
8,38,dry,North West,7,Oxytetracycline,0,1,0,0,0,0,sick_check,Healthy
9,41,rainy,North East,,Amprolium,0,0,0,0,0,0,sick_check,Healthy
10,3,rainy,North Central,7,None,0,1,1,0,0,0,sick_check,Coccidiosis
11,37,dry,South West,180,Sulfadimidine,0,1,0,1,0,0,sick_check,Fowl Typhoid
12,0,dry,North Central,30,None,0,1,0,1,0,1,death_log,Salmonellosis
13,38,rainy,North East,180,None,1,1,1,1,0,2,death_log,Fowl Typhoid
14,1,dry,South South,90,Oxytetracycline,0,1,1,0,0,0,sick_check,Salmonellosis
15,4,dry,North Central,180,Oxytetracycline,0,1,1,1,0,0,sick_check,Salmonellosis
16,23,dry,North East,,None,1,0,1,1,0,6,death_log,Newcastle Disease
17,3,rainy,North West,30,None,0,1,1,0,1,0,sick_check,Coccidiosis
18,5,dry,North East,7,Tylosin,0,1,0,0,0,0,sick_check,Coccidiosis
19,26,rainy,South West,180,Tylosin,0,1,1,0,0,0,sick_check,Newcastle Disease
20,5,rainy,North West,14,Vitamin_Electrolyte,0,1,0,0,0,1,death_log,Coccidiosis
21,6,rainy,North East,14,Oxytetracycline,0,1,1,0,0,0,sick_check,Coccidiosis
22,71,rainy,South West,,None,1,1,1,0,0,0,sick_check,Fowl Typhoid
23,47,rainy,South East,7,Oxytetracycline,1,1,0,1,0,7,death_log,Newcastle Disease
24,3,dry,South South,180,Tylosin,0,1,1,1,1,0,sick_check,Coccidiosis
25,64,rainy,North Central,60,None,0,1,1,1,0,0,sick_check,Fowl Typhoid
26,12,rainy,South East,60,None,0,0,0,0,0,0,sick_check,Healthy
27,12,dry,North Central,30,None,1,1,0,0,1,0,sick_check,Newcastle Disease
28,7,rainy,South West,7,Sulfadimidine,0,1,0,1,0,0,sick_check,Coccidiosis
29,0,dry,South West,180,None,0,1,1,1,0,0,sick_check,Salmonellosis
30,78,rainy,North East,7,None,1,0,0,1,1,0,sick_check,Newcastle Disease
31,6,dry,North East,,Oxytetracycline,0,1,0,1,1,0,sick_check,Coccidiosis
32,7,rainy,South East,60,Sulfadimidine,0,0,1,1,0,1,death_log,Coccidiosis
33,6,rainy,South West,14,None,0,1,1,0,0,0,sick_check,Coccidiosis
34,27,rainy,South South,90,None,1,1,1,1,0,2,death_log,Newcastle Disease
35,47,rainy,South East,7,None,0,1,1,0,0,0,sick_check,Fowl Typhoid
36,4,rainy,North Central,180,None,0,1,0,0,0,0,sick_check,Salmonellosis
37,4,rainy,North West,14,None,1,0,0,1,1,0,sick_check,Gumboro (IBD)
38,5,dry,South East,7,None,0,0,1,1,0,1,death_log,Coccidiosis
39,2,rainy,North West,7,Oxytetracycline,1,1,1,1,0,1,death_log,Salmonellosis
40,6,dry,North West,30,Vitamin_Electrolyte,0,0,0,0,0,0,sick_check,Healthy
41,1,dry,South West,30,None,0,0,1,1,0,0,sick_check,Salmonellosis
42,7,rainy,South East,90,Tylosin,0,1,1,1,0,0,sick_check,Coccidiosis
43,2,rainy,South West,14,Amprolium,1,1,1,0,0,0,sick_check,Salmonellosis
44,4,dry,South East,60,Amprolium,0,1,1,1,0,1,death_log,Salmonellosis
45,0,rainy,South East,14,Amprolium,0,0,1,0,0,0,sick_check,Gumboro (IBD)
46,1,dry,South West,7,None,0,0,1,0,0,0,sick_check,Salmonellosis
47,46,dry,South East,,Tylosin,1,1,0,1,1,0,sick_check,Newcastle Disease
48,0,rainy,South South,90,None,1,0,0,1,0,0,sick_check,Gumboro (IBD)
49,4,rainy,North West,7,None,1,1,1,1,0,0,sick_check,Newcastle Disease
50,3,rainy,South West,,None,0,0,1,0,0,0,sick_check,Coccidiosis
51,4,rainy,North Central,60,Tylosin,0,1,1,1,0,4,death_log,Salmonellosis
52,20,dry,South West,14,Amprolium,1,1,1,1,1,5,death_log,Newcastle Disease
53,20,rainy,North West,14,None,0,0,0,0,0,0,sick_check,Healthy
54,4,rainy,South West,90,Tylosin,0,1,0,1,0,0,sick_check,Coccidiosis
55,32,dry,North Central,90,Vitamin_Electrolyte,0,0,0,0,0,0,sick_check,Healthy
56,6,rainy,North West,7,Sulfadimidine,1,1,0,0,0,0,sick_check,Gumboro (IBD)
57,7,dry,South West,7,None,0,0,0,0,0,0,sick_check,Healthy
58,48,dry,North West,7,None,0,1,1,0,0,0,sick_check,Newcastle Disease
59,9,dry,South East,,None,1,0,1,0,0,0,sick_check,Newcastle Disease
60,3,rainy,South West,30,Amprolium,0,1,1,0,0,0,sick_check,Salmonellosis
61,4,rainy,North East,30,None,0,1,1,1,0,1,death_log,Coccidiosis
62,47,rainy,South West,7,Tylosin,1,0,0,0,0,2,death_log,Fowl Typhoid
63,4,rainy,South East,14,Sulfadimidine,0,1,1,0,0,0,sick_check,Coccidiosis
64,4,rainy,South West,7,Vitamin_Electrolyte,1,1,1,1,0,1,death_log,Coccidiosis
65,35,rainy,South East,,None,1,1,1,1,0,8,death_log,Newcastle Disease
66,4,rainy,North Central,,Tylosin,1,1,0,0,1,1,death_log,Coccidiosis
67,3,rainy,North West,60,None,1,1,1,0,0,0,sick_check,Salmonellosis
68,4,dry,North Central,180,Vitamin_Electrolyte,0,1,1,0,0,2,death_log,Gumboro (IBD)
69,27,rainy,South West,60,None,0,0,0,1,1,1,death_log,Newcastle Disease
70,1,rainy,North Central,7,None,0,1,1,0,1,0,sick_check,Salmonellosis
71,0,dry,North West,180,None,0,0,0,1,0,0,sick_check,Salmonellosis
72,3,dry,North West,90,Oxytetracycline,1,1,1,0,0,0,sick_check,Salmonellosis
73,8,rainy,South West,7,Sulfadimidine,0,1,0,1,0,0,sick_check,Coccidiosis
74,4,rainy,North West,180,Oxytetracycline,0,1,1,1,1,2,death_log,Coccidiosis
75,3,rainy,South West,90,Sulfadimidine,0,0,0,0,0,0,sick_check,Healthy
76,22,rainy,South South,180,None,0,0,0,0,0,0,sick_check,Healthy
77,35,dry,South East,,Tylosin,1,0,0,1,1,2,death_log,Newcastle Disease
78,18,rainy,South East,,Vitamin_Electrolyte,0,0,1,1,0,0,sick_check,Fowl Typhoid
79,4,rainy,South East,,Sulfadimidine,1,1,1,1,0,3,death_log,Coccidiosis
80,2,dry,South East,180,None,1,1,0,1,0,0,sick_check,Salmonellosis
81,63,dry,South West,60,None,1,0,1,1,1,6,death_log,Newcastle Disease
82,3,dry,North West,30,Oxytetracycline,0,0,1,0,0,0,sick_check,Gumboro (IBD)
83,4,dry,North Central,30,None,0,1,1,1,0,0,sick_check,Coccidiosis
84,6,rainy,South West,,None,0,1,1,0,1,0,sick_check,Gumboro (IBD)
85,5,rainy,South West,60,None,0,1,1,1,1,1,death_log,Coccidiosis
86,23,rainy,South West,14,Vitamin_Electrolyte,0,1,1,1,0,0,sick_check,Fowl Typhoid
87,1,dry,South West,30,Tylosin,0,1,1,0,0,0,sick_check,Salmonellosis
88,0,rainy,South East,180,Vitamin_Electrolyte,0,1,0,0,0,0,sick_check,Salmonellosis
89,76,rainy,South South,14,None,1,1,1,0,0,0,sick_check,Fowl Typhoid
90,49,dry,South South,90,Vitamin_Electrolyte,0,0,0,0,0,0,sick_check,Healthy
91,6,rainy,South West,14,Oxytetracycline,0,1,0,1,0,0,sick_check,Coccidiosis
92,7,rainy,North East,180,Sulfadimidine,0,1,1,0,0,0,sick_check,Coccidiosis
93,0,rainy,North East,,None,0,1,0,0,0,0,sick_check,Gumboro (IBD)
94,3,rainy,South South,30,Vitamin_Electrolyte,1,1,1,0,0,2,death_log,Salmonellosis
95,2,rainy,North West,7,None,0,1,0,1,0,2,death_log,Coccidiosis
96,4,rainy,South South,90,Tylosin,0,1,1,1,0,0,sick_check,Salmonellosis
97,27,dry,South West,30,None,1,1,1,0,0,2,death_log,Fowl Typhoid
98,62,rainy,South West,90,Vitamin_Electrolyte,0,1,0,1,0,0,sick_check,Fowl Typhoid
99,57,rainy,North East,180,Vitamin_Electrolyte,0,1,0,0,0,0,sick_check,Fowl Typhoid
100,6,rainy,North East,7,None,0,1,1,1,0,0,sick_check,Coccidiosis
101,12,dry,South West,30,None,1,1,1,0,0,0,sick_check,Fowl Typhoid
102,32,rainy,North West,180,None,1,1,1,0,1,6,death_log,Newcastle Disease
103,35,dry,North Central,14,None,0,0,1,1,0,4,death_log,Salmonellosis
104,1,rainy,North West,7,None,0,1,0,1,0,2,death_log,Salmonellosis
105,4,rainy,South West,90,None,0,1,0,1,0,0,sick_check,Coccidiosis
106,48,dry,North East,60,Tylosin,0,0,0,0,0,0,sick_check,Healthy
107,55,dry,South South,60,None,1,0,1,0,0,0,sick_check,Newcastle Disease
108,32,dry,South South,,Sulfadimidine,1,0,0,0,1,0,sick_check,Newcastle Disease
109,1,dry,South West,90,Tylosin,0,1,1,0,0,0,sick_check,Salmonellosis
110,31,rainy,South South,7,None,1,0,0,0,1,0,sick_check,Newcastle Disease
111,9,rainy,South South,7,Amprolium,0,1,1,0,0,0,sick_check,Healthy
112,18,rainy,North East,,Amprolium,0,1,1,1,0,0,sick_check,Fowl Typhoid
113,1,rainy,South South,180,None,0,0,0,1,0,0,sick_check,Salmonellosis
114,4,dry,South South,,None,0,1,1,1,0,0,sick_check,Gumboro (IBD)
115,69,dry,South South,30,Sulfadimidine,0,1,1,1,0,0,sick_check,Fowl Typhoid
116,36,dry,South South,14,Sulfadimidine,1,1,1,0,0,0,sick_check,Fowl Typhoid
117,6,dry,North Central,14,Vitamin_Electrolyte,0,1,1,1,0,0,sick_check,Coccidiosis
118,3,rainy,North East,,Vitamin_Electrolyte,0,1,1,0,0,4,death_log,Salmonellosis
119,4,rainy,South South,60,Sulfadimidine,0,1,0,1,1,0,sick_check,Coccidiosis
120,53,dry,North Central,14,Oxytetracycline,0,1,1,0,0,4,death_log,Newcastle Disease
121,6,dry,North Central,60,Sulfadimidine,0,1,1,0,0,0,sick_check,Gumboro (IBD)
122,0,rainy,North Central,,None,0,1,1,1,1,0,sick_check,Coccidiosis
123,3,rainy,South East,60,None,0,0,1,1,0,0,sick_check,Salmonellosis
124,27,rainy,South East,180,Oxytetracycline,1,1,1,0,0,1,death_log,Fowl Typhoid
125,15,dry,North West,180,None,1,1,1,1,1,0,sick_check,Fowl Typhoid
126,5,dry,South South,30,Vitamin_Electrolyte,0,1,1,1,1,0,sick_check,Coccidiosis
127,0,rainy,North East,60,None,0,1,0,0,0,0,sick_check,Coccidiosis
128,9,rainy,North West,7,Oxytetracycline,0,0,1,0,0,0,sick_check,Coccidiosis
129,14,rainy,South West,30,None,0,0,0,0,0,2,death_log,Salmonellosis
130,31,rainy,South South,60,Sulfadimidine,0,0,0,0,0,0,sick_check,Healthy
131,61,rainy,North Central,14,Sulfadimidine,1,1,1,1,0,0,sick_check,Fowl Typhoid
132,4,dry,North Central,90,None,0,1,0,1,0,1,death_log,Salmonellosis
133,5,dry,South West,7,None,0,1,0,1,0,2,death_log,Gumboro (IBD)
134,4,rainy,North Central,30,Amprolium,0,1,1,0,0,0,sick_check,Coccidiosis
135,6,rainy,South South,90,Sulfadimidine,0,1,1,1,1,1,death_log,Coccidiosis
136,13,rainy,North East,30,None,0,0,0,0,0,0,sick_check,Healthy
137,3,dry,North East,180,Sulfadimidine,0,1,1,0,1,0,sick_check,Gumboro (IBD)
138,3,rainy,South South,,Vitamin_Electrolyte,0,1,1,1,0,0,sick_check,Salmonellosis
139,6,rainy,South South,14,Amprolium,0,1,0,1,0,0,sick_check,Coccidiosis
140,70,dry,North East,90,None,0,0,0,0,0,0,sick_check,Healthy
141,49,rainy,South East,180,Vitamin_Electrolyte,1,0,1,0,0,0,sick_check,Newcastle Disease
142,54,rainy,North Central,90,Vitamin_Electrolyte,0,0,1,1,0,0,sick_check,Fowl Typhoid
143,65,dry,North Central,,Oxytetracycline,0,1,1,0,1,0,sick_check,Newcastle Disease
144,8,rainy,South West,180,None,0,1,1,1,0,1,death_log,Coccidiosis
145,4,dry,South East,60,Oxytetracycline,1,1,1,0,0,2,death_log,Gumboro (IBD)
146,3,dry,South East,7,Amprolium,0,1,1,0,0,3,death_log,Salmonellosis
147,3,dry,South West,,Amprolium,0,1,1,0,0,3,death_log,Salmonellosis
148,46,rainy,North West,14,Oxytetracycline,0,0,0,1,0,0,sick_check,Healthy
149,3,dry,South West,90,Oxytetracycline,0,1,1,0,0,0,sick_check,Salmonellosis
150,8,rainy,North Central,14,Amprolium,0,0,0,0,0,0,sick_check,Coccidiosis
151,20,dry,South West,14,None,0,0,1,1,0,2,death_log,Fowl Typhoid
152,3,dry,South South,,Amprolium,0,1,1,1,0,0,sick_check,Gumboro (IBD)
153,33,rainy,North East,,Tylosin,0,0,0,0,0,0,sick_check,Healthy
154,4,dry,South South,60,Vitamin_Electrolyte,0,1,1,1,0,0,sick_check,Gumboro (IBD)
155,5,rainy,South West,,Sulfadimidine,0,1,0,0,0,0,sick_check,Coccidiosis
156,3,dry,South South,7,None,1,1,1,1,0,0,sick_check,Newcastle Disease
157,7,rainy,North West,30,None,0,1,1,1,1,0,sick_check,Coccidiosis
158,4,rainy,South West,180,None,0,0,0,0,0,3,death_log,Coccidiosis
159,40,dry,North Central,,Sulfadimidine,1,0,0,0,0,0,sick_check,Fowl Typhoid
160,63,dry,North West,14,None,1,1,1,1,1,0,sick_check,Newcastle Disease
161,5,dry,South West,180,None,0,0,1,1,0,0,sick_check,Gumboro (IBD)
162,5,rainy,South South,7,Sulfadimidine,0,1,1,1,0,0,sick_check,Coccidiosis
163,21,dry,North East,90,Vitamin_Electrolyte,1,1,0,1,0,0,sick_check,Newcastle Disease
164,44,dry,South East,7,Sulfadimidine,0,1,1,0,0,0,sick_check,Healthy
165,3,dry,North Central,180,Oxytetracycline,0,0,0,1,1,0,sick_check,Gumboro (IBD)
166,3,rainy,North East,60,None,0,1,1,1,0,0,sick_check,Salmonellosis
167,0,dry,South West,14,None,0,1,1,1,1,0,sick_check,Salmonellosis
168,3,rainy,South West,90,Vitamin_Electrolyte,1,1,0,1,1,0,sick_check,Coccidiosis
169,7,rainy,North West,90,None,0,1,1,0,0,0,sick_check,Coccidiosis
170,69,dry,North Central,180,None,0,0,0,0,1,0,sick_check,Healthy
171,7,rainy,North East,30,None,1,0,1,0,0,0,sick_check,Newcastle Disease
172,4,rainy,South East,60,None,0,1,1,1,0,0,sick_check,Gumboro (IBD)
173,8,rainy,North East,7,Sulfadimidine,0,0,1,0,0,0,sick_check,Coccidiosis
174,15,dry,South East,60,None,1,1,1,1,0,0,sick_check,Newcastle Disease
175,7,rainy,North East,30,Oxytetracycline,0,1,0,1,0,0,sick_check,Coccidiosis
176,1,rainy,North East,180,None,0,1,0,1,0,0,sick_check,Salmonellosis
177,6,dry,North East,180,Amprolium,0,1,1,1,0,0,sick_check,Coccidiosis
178,7,rainy,South South,7,None,0,1,1,0,0,0,sick_check,Coccidiosis
179,5,dry,South West,14,None,1,0,0,1,0,0,sick_check,Gumboro (IBD)
180,41,dry,South West,7,None,1,0,0,1,1,0,sick_check,Newcastle Disease
181,6,rainy,South East,180,None,0,1,1,0,1,0,sick_check,Gumboro (IBD)
182,29,dry,South East,180,Tylosin,1,1,1,0,0,0,sick_check,Fowl Typhoid
183,4,dry,South West,90,Amprolium,1,1,1,0,0,0,sick_check,Gumboro (IBD)
184,33,rainy,South South,14,Oxytetracycline,1,0,1,0,0,0,sick_check,Fowl Typhoid
185,7,rainy,North West,60,None,0,1,1,1,0,1,death_log,Coccidiosis
186,46,rainy,South South,7,Vitamin_Electrolyte,0,1,1,1,0,0,sick_check,Newcastle Disease
187,38,dry,North East,7,None,1,1,0,1,1,0,sick_check,Newcastle Disease
188,18,rainy,North West,7,None,1,0,0,1,0,0,sick_check,Newcastle Disease
189,15,rainy,North Central,60,Oxytetracycline,0,0,0,0,0,0,sick_check,Healthy
190,0,dry,North Central,14,Oxytetracycline,0,1,1,0,0,0,sick_check,Salmonellosis
191,71,dry,North West,7,Oxytetracycline,1,1,1,1,1,0,sick_check,Fowl Typhoid
192,0,dry,North Central,,Tylosin,0,1,1,1,0,2,death_log,Salmonellosis
193,12,rainy,South West,90,None,0,1,1,0,0,0,sick_check,Gumboro (IBD)
194,4,rainy,North West,30,Tylosin,0,1,0,1,0,4,death_log,Gumboro (IBD)
195,35,rainy,South South,90,Tylosin,1,0,1,1,1,0,sick_check,Fowl Typhoid
196,3,dry,South West,60,None,0,1,1,1,0,0,sick_check,Salmonellosis
197,67,rainy,North East,30,None,1,1,1,0,0,0,sick_check,Fowl Typhoid
198,4,dry,North Central,14,None,1,1,0,0,0,0,sick_check,Salmonellosis
199,35,rainy,South West,,Tylosin,1,1,1,0,1,0,sick_check,Newcastle Disease
200,3,rainy,North Central,90,Amprolium,0,1,1,1,1,0,sick_check,Salmonellosis
201,54,dry,South East,,None,1,1,1,0,0,0,sick_check,Fowl Typhoid
202,0,dry,North West,90,Sulfadimidine,0,1,1,0,0,0,sick_check,Salmonellosis
203,52,rainy,South West,60,Sulfadimidine,1,0,0,0,0,0,sick_check,Fowl Typhoid
204,71,rainy,South East,90,Vitamin_Electrolyte,0,1,1,0,0,0,sick_check,Fowl Typhoid
205,28,rainy,North Central,30,Sulfadimidine,1,0,1,1,0,3,death_log,Newcastle Disease
206,43,dry,South West,180,Vitamin_Electrolyte,0,0,0,0,0,0,sick_check,Healthy
207,77,dry,North East,,None,0,0,1,1,1,0,sick_check,Newcastle Disease
208,8,rainy,South South,7,Oxytetracycline,0,1,0,0,0,0,sick_check,Coccidiosis
209,8,rainy,South West,30,None,1,1,0,0,0,0,sick_check,Coccidiosis
210,44,rainy,South South,90,Oxytetracycline,0,1,1,0,0,1,death_log,Fowl Typhoid
211,65,dry,South South,14,Amprolium,0,0,0,0,1,2,death_log,Newcastle Disease
212,1,rainy,South East,,None,0,1,1,0,0,5,death_log,Salmonellosis
213,28,rainy,South East,180,Tylosin,1,1,1,0,0,0,sick_check,Fowl Typhoid
214,43,dry,South South,180,Amprolium,0,1,1,1,0,4,death_log,Fowl Typhoid
215,65,dry,North Central,30,Sulfadimidine,1,0,0,1,1,5,death_log,Newcastle Disease
216,4,rainy,North East,90,Oxytetracycline,0,1,1,1,1,1,death_log,Coccidiosis
217,6,rainy,South East,90,None,0,1,0,1,0,0,sick_check,Coccidiosis
218,40,dry,South South,60,Vitamin_Electrolyte,1,0,1,1,1,0,sick_check,Newcastle Disease
219,6,rainy,North Central,90,Vitamin_Electrolyte,0,1,1,1,0,0,sick_check,Coccidiosis
220,59,dry,North Central,60,Oxytetracycline,0,0,0,0,0,0,sick_check,Healthy
221,6,rainy,South East,60,None,0,1,1,1,0,0,sick_check,Coccidiosis
222,4,rainy,North East,90,Tylosin,0,0,1,1,0,0,sick_check,Gumboro (IBD)
223,45,dry,North East,90,Tylosin,0,1,1,0,1,0,sick_check,Newcastle Disease
224,47,rainy,South East,60,None,0,0,0,0,0,0,sick_check,Healthy
225,3,rainy,South South,180,Oxytetracycline,0,0,0,1,1,0,sick_check,Coccidiosis
226,7,rainy,South East,14,Amprolium,0,1,0,1,0,0,sick_check,Coccidiosis
227,0,dry,South South,60,None,0,1,0,1,0,0,sick_check,Salmonellosis
228,7,rainy,South South,30,Vitamin_Electrolyte,0,1,1,0,0,0,sick_check,Coccidiosis
229,40,rainy,South South,14,None,0,0,0,0,0,0,sick_check,Healthy
230,77,rainy,South West,60,Amprolium,1,0,0,0,0,0,sick_check,Newcastle Disease
231,3,rainy,North East,60,Sulfadimidine,0,1,1,1,0,0,sick_check,Coccidiosis
232,2,rainy,South East,60,None,0,1,1,0,0,0,sick_check,Coccidiosis
233,2,dry,North West,14,Amprolium,0,1,1,1,0,2,death_log,Salmonellosis
234,19,dry,South East,30,Vitamin_Electrolyte,1,1,1,0,0,0,sick_check,Newcastle Disease
235,4,rainy,North East,14,Oxytetracycline,0,1,1,0,0,0,sick_check,Coccidiosis
236,22,rainy,South East,180,Oxytetracycline,0,1,0,1,1,0,sick_check,Salmonellosis
237,34,dry,North Central,30,Vitamin_Electrolyte,1,1,0,1,0,3,death_log,Newcastle Disease
238,0,rainy,South South,7,None,0,1,1,1,1,2,death_log,Coccidiosis
239,26,rainy,South East,14,None,1,0,1,0,0,0,sick_check,Newcastle Disease
240,1,rainy,North Central,30,Tylosin,0,1,1,0,0,0,sick_check,Salmonellosis
241,6,dry,South West,14,Tylosin,0,1,0,1,0,1,death_log,Coccidiosis
242,29,rainy,South East,30,Amprolium,1,1,1,0,0,0,sick_check,Fowl Typhoid
243,60,dry,North Central,180,Sulfadimidine,1,0,1,1,1,4,death_log,Newcastle Disease
244,6,rainy,South South,14,None,0,0,1,0,0,0,sick_check,Gumboro (IBD)
245,5,rainy,North West,180,None,1,1,1,0,0,0,sick_check,Coccidiosis
246,5,rainy,South East,90,None,0,1,1,1,0,0,sick_check,Coccidiosis
247,27,dry,North Central,14,None,1,1,1,0,1,1,death_log,Fowl Typhoid
248,3,rainy,North West,60,None,0,1,1,1,1,0,sick_check,Coccidiosis
249,64,dry,North Central,14,Sulfadimidine,0,1,1,1,1,3,death_log,Newcastle Disease
250,58,dry,North West,30,Vitamin_Electrolyte,1,0,1,1,1,0,sick_check,Newcastle Disease
251,61,rainy,South West,90,Amprolium,1,1,1,0,1,0,sick_check,Newcastle Disease
252,25,rainy,South East,60,None,0,1,0,0,0,0,sick_check,Newcastle Disease
253,66,dry,North Central,60,None,1,0,1,1,0,0,sick_check,Fowl Typhoid
254,46,rainy,North East,7,None,1,1,1,1,1,4,death_log,Fowl Typhoid
255,50,rainy,South West,30,Tylosin,1,1,1,1,0,0,sick_check,Newcastle Disease
256,73,rainy,North West,7,Amprolium,0,0,1,1,0,3,death_log,Newcastle Disease
257,4,rainy,South West,14,Sulfadimidine,0,1,1,1,0,0,sick_check,Coccidiosis
258,11,rainy,South West,,Amprolium,0,1,1,1,1,1,death_log,Salmonellosis
259,23,dry,North East,7,None,1,0,0,0,1,0,sick_check,Healthy
260,4,rainy,North Central,,Vitamin_Electrolyte,0,1,1,1,0,3,death_log,Gumboro (IBD)
261,0,rainy,North West,14,Amprolium,0,0,0,0,0,2,death_log,Salmonellosis
262,17,dry,South West,,Amprolium,1,1,1,1,1,0,sick_check,Newcastle Disease
263,5,dry,South East,,None,0,1,0,1,0,0,sick_check,Coccidiosis
264,4,rainy,North Central,,None,0,1,0,1,0,1,death_log,Coccidiosis
265,26,dry,North West,90,Sulfadimidine,1,1,1,1,0,0,sick_check,Newcastle Disease
266,34,dry,North West,180,None,1,0,1,1,0,0,sick_check,Fowl Typhoid
267,0,dry,South East,7,None,0,1,1,1,0,0,sick_check,Coccidiosis
268,29,rainy,North Central,90,Oxytetracycline,0,0,1,1,0,1,death_log,Fowl Typhoid
269,25,dry,South East,60,Sulfadimidine,0,1,1,1,0,0,sick_check,Fowl Typhoid
270,33,rainy,South South,30,None,0,1,1,0,0,0,sick_check,Coccidiosis
271,53,rainy,North East,90,Vitamin_Electrolyte,0,1,1,1,0,0,sick_check,Fowl Typhoid
272,37,rainy,North East,180,None,0,1,1,1,1,0,sick_check,Newcastle Disease
273,20,rainy,South East,90,Vitamin_Electrolyte,0,0,0,1,0,0,sick_check,Newcastle Disease
274,3,dry,North East,30,None,0,1,1,1,0,0,sick_check,Salmonellosis
275,13,rainy,South West,90,Tylosin,0,1,0,1,0,0,sick_check,Coccidiosis
276,4,dry,South West,,Vitamin_Electrolyte,0,0,1,0,0,0,sick_check,Gumboro (IBD)
277,51,dry,North East,60,Vitamin_Electrolyte,0,0,0,0,0,0,sick_check,Healthy
278,39,dry,South South,180,None,0,0,1,1,0,0,sick_check,Newcastle Disease
279,27,dry,North Central,180,Amprolium,1,1,1,1,0,0,sick_check,Newcastle Disease
280,28,dry,North Central,30,Amprolium,0,0,0,0,0,0,sick_check,Healthy
281,16,dry,South East,30,Amprolium,0,0,1,1,0,0,sick_check,Fowl Typhoid
282,21,dry,South West,180,Oxytetracycline,1,1,1,1,1,0,sick_check,Fowl Typhoid
283,22,dry,North West,90,None,1,0,1,1,0,0,sick_check,Newcastle Disease
284,1,dry,South West,,None,0,0,0,1,0,0,sick_check,Salmonellosis
285,70,rainy,North Central,90,Tylosin,0,1,1,1,0,0,sick_check,Fowl Typhoid
286,14,dry,North West,60,None,1,1,1,0,1,0,sick_check,Fowl Typhoid
287,7,rainy,North East,,Oxytetracycline,0,0,0,1,0,0,sick_check,Coccidiosis
288,2,dry,North Central,,None,0,1,1,1,0,0,sick_check,Salmonellosis
289,75,dry,North East,90,None,1,1,0,1,0,1,death_log,Newcastle Disease
290,5,rainy,North West,,None,0,1,1,0,1,0,sick_check,Coccidiosis
291,41,dry,North East,30,None,1,1,1,1,0,1,death_log,Fowl Typhoid
292,47,dry,South South,30,None,1,0,1,1,1,0,sick_check,Newcastle Disease
293,6,rainy,North West,7,None,0,1,0,1,0,0,sick_check,Coccidiosis
294,6,rainy,South West,60,None,0,1,0,1,1,0,sick_check,Coccidiosis
295,31,rainy,South East,,Vitamin_Electrolyte,1,0,1,0,1,0,sick_check,Newcastle Disease
296,6,dry,North East,14,Tylosin,0,0,1,1,1,0,sick_check,Gumboro (IBD)
297,64,dry,North East,90,Oxytetracycline,1,1,1,1,0,0,sick_check,Newcastle Disease
298,6,rainy,North East,90,None,0,1,1,1,0,0,sick_check,Coccidiosis
299,23,rainy,South East,14,Amprolium,0,1,1,0,0,0,sick_check,Salmonellosis
300,71,rainy,South East,60,None,1,1,1,1,1,0,sick_check,Newcastle Disease
301,49,rainy,South East,7,Oxytetracycline,0,0,0,1,0,0,sick_check,Healthy
302,7,rainy,South South,90,None,0,1,0,1,0,0,sick_check,Coccidiosis
303,0,rainy,North Central,30,None,1,1,0,1,0,0,sick_check,Salmonellosis
304,53,dry,North Central,180,Oxytetracycline,0,0,0,0,0,0,sick_check,Healthy
305,7,rainy,North East,,Sulfadimidine,1,1,1,0,0,1,death_log,Coccidiosis
306,75,dry,South West,,Oxytetracycline,0,1,1,0,0,2,death_log,Fowl Typhoid
307,33,rainy,North West,60,None,0,0,0,0,0,0,sick_check,Healthy
308,46,rainy,North East,,Sulfadimidine,0,1,1,0,1,0,sick_check,Fowl Typhoid
309,57,rainy,South South,180,None,1,0,1,0,0,0,sick_check,Fowl Typhoid
310,14,rainy,North West,7,Amprolium,0,1,1,0,0,0,sick_check,Salmonellosis
311,23,rainy,North Central,60,Oxytetracycline,0,0,0,0,0,0,sick_check,Healthy
312,17,dry,North Central,7,Sulfadimidine,0,1,1,1,0,0,sick_check,Salmonellosis
313,51,rainy,South South,,None,1,1,1,0,1,0,sick_check,Newcastle Disease
314,0,dry,South East,,None,0,1,1,1,0,1,death_log,Salmonellosis
315,54,dry,South East,90,Oxytetracycline,1,1,1,1,0,0,sick_check,Newcastle Disease
316,5,rainy,South West,14,None,0,1,1,0,0,4,death_log,Gumboro (IBD)
317,9,dry,South South,30,None,1,1,0,1,0,0,sick_check,Newcastle Disease
318,3,dry,South West,,Tylosin,1,1,0,0,0,3,death_log,Newcastle Disease
319,31,dry,South West,30,None,0,0,1,0,0,0,sick_check,Fowl Typhoid
320,30,dry,South East,14,None,0,0,0,0,0,0,sick_check,Healthy
321,7,rainy,South South,60,None,0,0,0,0,0,1,death_log,Coccidiosis
322,66,rainy,North Central,,Oxytetracycline,0,1,0,0,0,0,sick_check,Healthy
323,5,rainy,North Central,90,None,1,1,1,0,1,2,death_log,Coccidiosis
324,26,dry,South East,90,Sulfadimidine,0,1,1,1,0,0,sick_check,Fowl Typhoid
325,0,rainy,North West,90,Sulfadimidine,1,1,0,0,0,0,sick_check,Salmonellosis
326,6,dry,South West,60,Oxytetracycline,0,0,0,1,0,0,sick_check,Salmonellosis
327,2,dry,North East,60,Sulfadimidine,0,1,1,1,0,0,sick_check,Salmonellosis
328,53,dry,South East,90,Vitamin_Electrolyte,1,0,1,1,0,0,sick_check,Newcastle Disease
329,2,rainy,South East,7,Oxytetracycline,0,0,1,0,1,0,sick_check,Salmonellosis
330,14,dry,South West,14,None,1,1,1,1,1,2,death_log,Newcastle Disease
331,0,dry,South East,180,Sulfadimidine,0,0,1,1,0,0,sick_check,Salmonellosis
332,2,rainy,North West,60,Amprolium,0,0,1,1,0,3,death_log,Salmonellosis
333,22,dry,South South,90,Tylosin,0,0,1,0,1,0,sick_check,Fowl Typhoid
334,4,rainy,South East,7,Tylosin,0,1,0,1,0,0,sick_check,Coccidiosis
335,1,rainy,North Central,14,Amprolium,0,0,1,1,0,4,death_log,Salmonellosis
336,65,rainy,South East,30,Sulfadimidine,1,0,1,0,0,0,sick_check,Newcastle Disease
337,62,rainy,North Central,60,None,0,1,1,0,0,1,death_log,Fowl Typhoid
338,4,rainy,North Central,60,None,0,0,1,0,0,2,death_log,Coccidiosis
339,7,rainy,South West,180,None,0,1,1,0,0,1,death_log,Coccidiosis
340,5,dry,South East,14,None,0,0,1,1,0,0,sick_check,Gumboro (IBD)
341,4,dry,North East,90,Amprolium,0,1,1,0,0,1,death_log,Coccidiosis
342,20,dry,North West,60,None,1,0,1,1,1,0,sick_check,Newcastle Disease
343,57,dry,South South,60,Tylosin,1,1,1,1,0,2,death_log,Newcastle Disease
344,1,dry,North East,14,Amprolium,0,1,1,1,0,0,sick_check,Salmonellosis
345,9,rainy,South East,90,None,1,0,1,0,1,0,sick_check,Newcastle Disease
346,52,rainy,South East,180,Sulfadimidine,1,1,1,0,1,2,death_log,Newcastle Disease
347,57,rainy,South West,,None,1,0,0,1,0,3,death_log,Newcastle Disease
348,1,dry,South West,180,None,1,1,1,1,1,0,sick_check,Salmonellosis
349,2,rainy,South South,,None,0,1,1,0,0,0,sick_check,Salmonellosis
350,70,dry,South East,14,None,1,1,1,1,0,1,death_log,Fowl Typhoid
351,28,rainy,North West,30,None,0,0,0,0,0,0,sick_check,Healthy
352,53,dry,South West,60,None,1,0,1,0,0,0,sick_check,Fowl Typhoid
353,5,dry,North Central,,Tylosin,0,1,0,1,0,0,sick_check,Coccidiosis
354,0,rainy,North East,60,Tylosin,0,1,1,1,0,4,death_log,Salmonellosis
355,4,rainy,South South,90,Amprolium,0,0,0,1,0,0,sick_check,Coccidiosis
356,2,dry,South South,14,Tylosin,0,1,0,1,0,0,sick_check,Salmonellosis
357,50,rainy,North East,180,None,1,1,1,1,1,1,death_log,Fowl Typhoid
358,0,rainy,North Central,180,None,1,1,1,0,0,0,sick_check,Salmonellosis
359,73,rainy,South East,14,None,0,1,1,1,1,2,death_log,Newcastle Disease
360,5,rainy,North Central,60,None,0,1,0,1,1,0,sick_check,Coccidiosis
361,12,dry,North West,14,None,0,0,0,0,0,0,sick_check,Fowl Typhoid
362,23,dry,South East,90,None,0,0,1,0,0,0,sick_check,Healthy
363,13,rainy,South South,,None,0,0,0,0,0,0,sick_check,Healthy
364,14,dry,North East,180,None,1,0,0,0,0,3,death_log,Fowl Typhoid
365,5,rainy,South South,30,Oxytetracycline,0,0,0,0,0,0,sick_check,Coccidiosis
366,48,dry,South West,30,None,1,0,1,1,0,0,sick_check,Newcastle Disease
367,6,rainy,South West,,None,0,1,1,0,0,0,sick_check,Gumboro (IBD)
368,22,rainy,South West,90,Sulfadimidine,0,1,1,1,0,0,sick_check,Gumboro (IBD)
369,0,rainy,South South,7,None,0,1,0,1,0,0,sick_check,Salmonellosis
370,26,rainy,North Central,30,Tylosin,0,0,1,0,0,0,sick_check,Fowl Typhoid
371,6,rainy,North East,30,None,0,1,1,0,0,0,sick_check,Coccidiosis
372,0,dry,North West,60,None,1,1,1,0,0,0,sick_check,Gumboro (IBD)
373,39,dry,North West,30,Oxytetracycline,0,0,0,0,0,0,sick_check,Healthy
374,5,rainy,South East,30,None,0,1,1,1,1,3,death_log,Coccidiosis
375,7,rainy,North East,7,None,0,1,0,1,0,0,sick_check,Coccidiosis
376,16,rainy,South East,7,Oxytetracycline,1,1,0,1,1,0,sick_check,Newcastle Disease
377,22,dry,North West,,Amprolium,1,0,0,1,0,0,sick_check,Fowl Typhoid
378,2,rainy,North West,30,Vitamin_Electrolyte,0,1,1,1,1,3,death_log,Salmonellosis
379,1,dry,North East,180,Oxytetracycline,0,1,1,1,0,0,sick_check,Salmonellosis
380,29,rainy,South West,90,None,0,1,0,0,0,2,death_log,Fowl Typhoid
381,1,dry,North Central,7,None,0,0,1,0,0,0,sick_check,Gumboro (IBD)
382,4,dry,South West,90,Sulfadimidine,0,1,1,1,0,0,sick_check,Gumboro (IBD)
383,3,dry,South East,30,None,0,1,0,0,0,3,death_log,Gumboro (IBD)
384,8,rainy,South West,60,None,0,1,0,0,0,0,sick_check,Coccidiosis
385,42,dry,North East,7,Tylosin,1,0,1,1,0,0,sick_check,Fowl Typhoid
386,3,rainy,North Central,60,Oxytetracycline,0,1,1,1,0,0,sick_check,Gumboro (IBD)
387,74,rainy,North Central,90,None,0,0,1,1,1,0,sick_check,Newcastle Disease
388,3,dry,North East,,None,0,1,1,0,0,0,sick_check,Salmonellosis
389,52,dry,North East,30,None,0,0,1,0,0,0,sick_check,Fowl Typhoid
390,74,dry,North West,90,Tylosin,1,1,0,1,1,0,sick_check,Newcastle Disease
391,69,rainy,South West,90,None,0,1,0,0,0,0,sick_check,Healthy
392,6,dry,North Central,7,None,1,1,1,1,0,0,sick_check,Coccidiosis
393,4,rainy,South West,,None,0,0,1,1,0,0,sick_check,Gumboro (IBD)
394,77,dry,North West,30,None,0,0,0,0,0,0,sick_check,Healthy
395,14,dry,South East,30,Oxytetracycline,0,1,1,1,0,0,sick_check,Fowl Typhoid
396,33,dry,North East,,Oxytetracycline,0,0,0,0,0,0,sick_check,Healthy
397,6,rainy,North Central,30,None,0,1,0,0,0,2,death_log,Coccidiosis
398,0,rainy,South South,7,Tylosin,0,1,0,1,0,0,sick_check,Salmonellosis
399,6,rainy,South East,90,None,1,1,1,0,0,0,sick_check,Coccidiosis
400,2,dry,South South,60,None,0,0,1,0,0,0,sick_check,Salmonellosis
401,4,dry,South East,,None,1,1,0,1,1,1,death_log,Gumboro (IBD)
402,5,rainy,North East,60,None,1,0,0,0,0,0,sick_check,Healthy
403,4,rainy,North Central,90,Vitamin_Electrolyte,0,0,1,1,0,0,sick_check,Salmonellosis
404,3,dry,North East,,None,0,1,1,0,0,3,death_log,Coccidiosis
405,20,rainy,North West,14,Tylosin,0,0,0,0,0,0,sick_check,Healthy
406,63,rainy,South West,,Oxytetracycline,1,1,0,1,1,0,sick_check,Newcastle Disease
407,14,rainy,South East,14,None,1,0,1,1,1,0,sick_check,Newcastle Disease
408,6,dry,South East,7,None,0,1,1,0,0,0,sick_check,Gumboro (IBD)
409,1,dry,North Central,,Amprolium,0,1,1,1,0,0,sick_check,Salmonellosis
410,73,dry,South South,90,Sulfadimidine,0,1,0,0,1,0,sick_check,Fowl Typhoid
411,0,rainy,North Central,60,Tylosin,1,1,0,1,0,1,death_log,Newcastle Disease
412,54,dry,North East,30,None,0,0,1,1,0,0,sick_check,Healthy
413,5,dry,South South,30,None,0,1,1,1,0,2,death_log,Coccidiosis
414,0,dry,South South,60,Oxytetracycline,1,1,1,0,0,0,sick_check,Salmonellosis
415,26,rainy,North West,60,None,0,1,1,0,0,0,sick_check,Coccidiosis
416,3,rainy,South South,90,None,0,1,0,1,1,0,sick_check,Coccidiosis
417,6,rainy,North East,14,Oxytetracycline,0,1,1,0,0,0,sick_check,Coccidiosis
418,5,rainy,North Central,,None,0,1,1,0,0,0,sick_check,Coccidiosis
419,9,rainy,South East,7,None,1,1,1,1,0,0,sick_check,Newcastle Disease
420,8,dry,South East,30,Tylosin,1,1,1,1,0,0,sick_check,Newcastle Disease
421,72,dry,North East,90,Vitamin_Electrolyte,1,1,1,0,0,2,death_log,Newcastle Disease
422,35,dry,South West,14,Amprolium,1,0,1,0,0,0,sick_check,Gumboro (IBD)
423,0,rainy,North West,7,Sulfadimidine,0,0,1,1,0,0,sick_check,Salmonellosis
424,4,rainy,South South,90,None,0,1,1,1,0,1,death_log,Coccidiosis
425,39,dry,North West,90,Oxytetracycline,0,1,0,0,0,0,sick_check,Healthy
426,35,rainy,North Central,180,None,1,1,0,1,0,0,sick_check,Newcastle Disease
427,5,rainy,South East,14,Sulfadimidine,0,1,0,1,1,0,sick_check,Coccidiosis
428,65,rainy,North East,14,Amprolium,1,1,1,1,0,0,sick_check,Newcastle Disease
429,25,rainy,South East,,Tylosin,1,1,1,1,1,0,sick_check,Fowl Typhoid
430,1,rainy,North West,90,None,0,1,0,1,0,2,death_log,Salmonellosis
431,46,rainy,South West,60,Tylosin,0,0,0,0,0,0,sick_check,Healthy
432,9,rainy,South East,30,None,1,1,0,0,0,0,sick_check,Salmonellosis
433,4,dry,South West,7,Sulfadimidine,0,0,0,0,0,0,sick_check,Gumboro (IBD)
434,4,rainy,North Central,30,Tylosin,0,1,0,1,0,0,sick_check,Coccidiosis
435,4,rainy,South West,7,None,0,1,0,1,0,0,sick_check,Coccidiosis
436,0,dry,South West,90,Tylosin,0,1,0,0,0,0,sick_check,Salmonellosis
437,3,rainy,South East,180,Tylosin,0,1,1,0,0,2,death_log,Coccidiosis
438,11,dry,North West,,None,1,1,1,1,1,0,sick_check,Fowl Typhoid
439,3,rainy,North Central,60,None,1,1,0,1,0,0,sick_check,Salmonellosis
440,73,dry,North West,60,Amprolium,1,0,1,1,0,0,sick_check,Fowl Typhoid
441,48,dry,North West,30,Vitamin_Electrolyte,0,0,0,0,0,0,sick_check,Healthy
442,6,rainy,South East,90,None,0,1,1,1,0,0,sick_check,Coccidiosis
443,4,dry,North Central,90,None,0,1,1,1,0,1,death_log,Gumboro (IBD)
444,33,dry,North West,90,None,1,0,0,0,1,0,sick_check,Newcastle Disease
445,14,rainy,North Central,30,None,1,0,1,1,1,2,death_log,Newcastle Disease
446,67,rainy,South East,60,None,0,0,0,0,0,0,sick_check,Healthy
447,46,rainy,South South,,Oxytetracycline,0,0,1,1,0,0,sick_check,Fowl Typhoid
448,40,dry,North West,30,None,1,0,1,0,0,4,death_log,Fowl Typhoid
449,6,rainy,South West,14,None,0,1,0,1,0,0,sick_check,Coccidiosis
450,8,rainy,South South,90,None,1,1,1,1,1,2,death_log,Newcastle Disease
451,71,rainy,South East,,None,0,0,1,1,0,0,sick_check,Fowl Typhoid
452,0,rainy,South South,14,Tylosin,0,1,1,0,0,0,sick_check,Coccidiosis
453,30,dry,North West,180,Tylosin,0,1,0,1,0,0,sick_check,Healthy
454,6,rainy,South West,30,Vitamin_Electrolyte,0,0,1,1,0,0,sick_check,Coccidiosis
455,74,rainy,South West,14,Tylosin,0,0,1,1,0,3,death_log,Fowl Typhoid
456,16,rainy,North East,14,Sulfadimidine,0,0,0,0,0,0,sick_check,Healthy
457,26,rainy,South West,30,Sulfadimidine,1,1,1,0,0,0,sick_check,Fowl Typhoid
458,54,rainy,North East,60,Vitamin_Electrolyte,1,1,1,0,0,0,sick_check,Fowl Typhoid
459,4,rainy,North West,14,Tylosin,0,0,0,0,0,0,sick_check,Coccidiosis
460,2,dry,South West,30,None,0,1,1,1,0,0,sick_check,Salmonellosis
461,63,dry,South West,180,None,0,0,0,0,0,0,sick_check,Healthy
462,33,rainy,North West,180,None,1,1,1,0,1,0,sick_check,Newcastle Disease
463,51,dry,South East,7,None,0,0,0,1,0,0,sick_check,Healthy
464,13,dry,North Central,30,None,0,0,0,0,0,0,sick_check,Healthy
465,35,dry,South East,60,None,0,1,1,1,0,2,death_log,Fowl Typhoid
466,50,rainy,South East,180,Amprolium,0,1,1,0,0,0,sick_check,Fowl Typhoid
467,5,dry,North East,180,Vitamin_Electrolyte,0,1,1,0,1,2,death_log,Gumboro (IBD)
468,23,dry,South East,14,Oxytetracycline,0,0,0,1,1,0,sick_check,Newcastle Disease
469,3,dry,North East,14,None,1,0,1,1,0,0,sick_check,Salmonellosis
470,6,rainy,South West,60,None,0,0,0,0,0,0,sick_check,Healthy
471,5,rainy,North Central,14,None,0,1,1,1,0,3,death_log,Gumboro (IBD)
472,0,rainy,North Central,7,None,0,1,1,0,0,0,sick_check,Coccidiosis
473,64,rainy,South East,180,None,0,0,1,1,0,0,sick_check,Fowl Typhoid
474,1,rainy,South East,,Oxytetracycline,0,1,0,1,0,0,sick_check,Salmonellosis
475,7,dry,North Central,60,Oxytetracycline,1,1,0,1,0,0,sick_check,Newcastle Disease
476,8,dry,South West,180,Amprolium,0,0,0,0,1,3,death_log,Coccidiosis
477,7,rainy,South East,90,Amprolium,0,0,0,0,0,1,death_log,Coccidiosis
478,73,dry,South East,7,None,0,0,1,1,0,3,death_log,Newcastle Disease
479,0,rainy,North Central,7,None,0,1,1,1,0,0,sick_check,Salmonellosis
480,70,dry,North Central,60,None,0,1,0,1,0,0,sick_check,Fowl Typhoid
481,61,rainy,South South,30,Sulfadimidine,0,0,0,1,1,3,death_log,Fowl Typhoid
482,28,rainy,North Central,180,None,0,1,1,0,0,3,death_log,Fowl Typhoid
483,21,dry,North East,7,None,1,1,0,1,0,0,sick_check,Fowl Typhoid
484,5,rainy,North West,30,None,0,1,0,1,0,1,death_log,Coccidiosis
485,24,dry,South West,30,None,1,0,0,0,0,0,sick_check,Healthy
486,47,dry,South South,60,Vitamin_Electrolyte,0,0,1,0,1,0,sick_check,Newcastle Disease
487,43,rainy,South South,90,Sulfadimidine,0,1,0,1,1,0,sick_check,Newcastle Disease
488,43,dry,South East,60,Oxytetracycline,0,1,1,1,0,1,death_log,Coccidiosis
489,4,rainy,North West,,Oxytetracycline,0,1,1,1,0,4,death_log,Gumboro (IBD)
490,6,rainy,South West,180,None,0,1,1,1,1,0,sick_check,Coccidiosis
491,26,dry,South South,14,None,0,0,1,0,0,2,death_log,Fowl Typhoid
492,3,dry,South East,90,None,0,1,1,1,0,0,sick_check,Salmonellosis
493,20,rainy,North East,,None,0,1,0,1,0,0,sick_check,Coccidiosis
494,73,dry,North East,180,Amprolium,1,0,1,0,0,2,death_log,Newcastle Disease
495,1,dry,North East,,None,1,1,0,1,0,0,sick_check,Salmonellosis
496,4,rainy,South West,,Oxytetracycline,0,1,1,1,1,0,sick_check,Coccidiosis
497,47,rainy,North East,180,None,0,0,0,1,1,0,sick_check,Newcastle Disease
498,51,rainy,North East,30,None,0,0,0,0,0,0,sick_check,Healthy
499,4,rainy,North East,60,Vitamin_Electrolyte,0,1,1,1,0,0,sick_check,Salmonellosis
500,3,rainy,North Central,180,Tylosin,0,1,1,0,0,2,death_log,Gumboro (IBD)
501,40,dry,South West,180,None,0,0,1,0,0,0,sick_check,Healthy
502,19,dry,South South,,None,0,0,1,0,0,0,sick_check,Newcastle Disease
503,67,dry,South South,30,Sulfadimidine,1,1,1,1,0,0,sick_check,Newcastle Disease
504,5,dry,South East,7,None,0,1,1,0,0,0,sick_check,Coccidiosis
505,4,rainy,South South,7,None,0,1,1,1,0,0,sick_check,Coccidiosis
506,44,rainy,North Central,90,None,0,0,0,0,0,0,sick_check,Healthy
507,4,rainy,South East,7,Vitamin_Electrolyte,0,1,0,1,0,0,sick_check,Coccidiosis
508,15,rainy,South East,90,Sulfadimidine,1,1,1,0,1,2,death_log,Newcastle Disease
509,60,rainy,South South,30,None,0,0,1,1,0,4,death_log,Newcastle Disease
510,4,dry,North Central,,Oxytetracycline,0,1,1,0,0,0,sick_check,Salmonellosis
511,4,dry,South South,90,None,1,0,1,1,0,4,death_log,Salmonellosis
512,4,rainy,North Central,30,None,1,0,0,1,0,0,sick_check,Salmonellosis
513,4,dry,South West,30,None,0,0,1,0,0,4,death_log,Salmonellosis
514,13,rainy,North Central,7,None,1,0,1,0,0,0,sick_check,Fowl Typhoid
515,42,dry,South West,180,Sulfadimidine,0,0,0,0,0,0,sick_check,Healthy
516,30,dry,South East,90,Sulfadimidine,0,1,1,0,0,0,sick_check,Fowl Typhoid
517,76,rainy,South West,60,Tylosin,1,1,0,0,1,0,sick_check,Newcastle Disease
518,78,rainy,South East,14,Tylosin,1,1,1,1,0,0,sick_check,Newcastle Disease
519,28,dry,North Central,,Oxytetracycline,0,1,1,0,1,0,sick_check,Fowl Typhoid
520,5,rainy,North Central,7,Amprolium,0,1,0,0,1,0,sick_check,Gumboro (IBD)
521,5,rainy,North Central,7,Amprolium,0,1,1,0,0,0,sick_check,Coccidiosis
522,5,dry,South South,30,Tylosin,0,1,1,1,0,1,death_log,Coccidiosis
523,47,rainy,North East,30,Oxytetracycline,0,1,1,1,1,0,sick_check,Fowl Typhoid
524,54,dry,North West,180,None,1,0,1,1,1,0,sick_check,Fowl Typhoid
525,0,rainy,North West,30,Tylosin,0,1,0,0,1,3,death_log,Salmonellosis
526,19,rainy,North Central,14,Sulfadimidine,0,1,1,1,1,0,sick_check,Fowl Typhoid
527,2,dry,North East,60,Oxytetracycline,0,1,1,0,0,0,sick_check,Newcastle Disease
528,2,rainy,North East,30,Tylosin,0,0,0,0,0,0,sick_check,Salmonellosis
529,7,rainy,South East,60,None,0,0,1,0,0,0,sick_check,Coccidiosis
530,25,dry,North West,7,Amprolium,1,1,0,1,1,0,sick_check,Newcastle Disease
531,6,rainy,South West,30,None,0,0,0,0,0,0,sick_check,Coccidiosis
532,5,rainy,North East,,None,0,1,0,1,0,0,sick_check,Coccidiosis
533,65,rainy,South West,,Tylosin,1,1,0,1,0,0,sick_check,Newcastle Disease
534,17,dry,North East,180,None,0,0,0,0,0,0,sick_check,Healthy
535,3,rainy,North Central,180,Sulfadimidine,0,0,1,0,0,0,sick_check,Gumboro (IBD)
536,4,rainy,South West,180,None,0,1,1,0,0,0,sick_check,Coccidiosis
537,37,dry,North East,30,Oxytetracycline,1,0,1,1,0,0,sick_check,Newcastle Disease
538,3,rainy,South East,90,None,0,1,1,1,0,4,death_log,Gumboro (IBD)
539,21,rainy,South West,,Oxytetracycline,1,1,1,1,1,0,sick_check,Newcastle Disease
540,29,rainy,North East,,None,0,1,1,0,0,1,death_log,Fowl Typhoid
541,4,rainy,North Central,60,None,0,0,1,0,1,4,death_log,Gumboro (IBD)
542,6,rainy,North West,30,Amprolium,0,1,1,1,0,0,sick_check,Coccidiosis
543,0,dry,South South,60,None,0,1,0,1,0,0,sick_check,Salmonellosis
544,0,rainy,North West,180,None,0,0,0,1,1,0,sick_check,Salmonellosis
545,2,rainy,North West,7,None,0,0,0,0,0,0,sick_check,Healthy
546,56,rainy,South South,14,None,1,0,1,0,0,0,sick_check,Fowl Typhoid
547,53,rainy,South South,180,None,1,1,1,1,1,3,death_log,Newcastle Disease
548,4,dry,South West,,Tylosin,0,1,1,1,0,0,sick_check,Coccidiosis
549,14,rainy,South West,7,None,0,0,0,0,0,0,sick_check,Healthy
550,3,rainy,South West,180,None,0,0,1,0,0,0,sick_check,Gumboro (IBD)
551,45,rainy,North East,,None,0,1,0,0,0,0,sick_check,Healthy
552,4,dry,North West,7,None,0,0,1,0,0,0,sick_check,Gumboro (IBD)
553,61,rainy,South West,180,Amprolium,1,1,1,1,0,2,death_log,Fowl Typhoid
554,0,dry,South South,90,Amprolium,0,1,1,1,0,0,sick_check,Coccidiosis
555,3,rainy,North West,90,Oxytetracycline,0,1,1,1,1,0,sick_check,Salmonellosis
556,72,rainy,North East,14,Oxytetracycline,1,1,1,1,0,2,death_log,Fowl Typhoid
557,3,dry,North West,90,Amprolium,0,0,0,0,0,0,sick_check,Salmonellosis
558,75,rainy,South South,180,Sulfadimidine,1,1,1,1,0,0,sick_check,Newcastle Disease
559,70,rainy,South East,7,Sulfadimidine,0,0,1,1,1,2,death_log,Fowl Typhoid
560,1,rainy,South West,,None,0,1,0,1,0,0,sick_check,Salmonellosis
561,3,rainy,South West,30,Tylosin,0,1,1,1,1,0,sick_check,Coccidiosis
562,2,dry,North Central,60,Amprolium,1,0,0,0,0,2,death_log,Salmonellosis
563,21,rainy,South East,,None,0,0,0,1,0,0,sick_check,Gumboro (IBD)
564,4,dry,North East,60,None,0,1,0,1,0,0,sick_check,Salmonellosis
565,8,rainy,South South,30,Oxytetracycline,1,1,0,1,0,0,sick_check,Newcastle Disease
566,12,rainy,South West,,None,1,1,1,0,0,1,death_log,Fowl Typhoid
567,48,dry,South West,90,None,0,1,1,0,0,0,sick_check,Fowl Typhoid
568,42,rainy,South West,60,None,1,0,1,0,0,4,death_log,Newcastle Disease
569,8,rainy,North East,180,None,0,1,1,0,1,0,sick_check,Coccidiosis
570,3,rainy,South South,,Oxytetracycline,1,1,1,0,1,3,death_log,Newcastle Disease
571,73,rainy,North West,90,Sulfadimidine,0,0,0,1,1,3,death_log,Newcastle Disease
572,0,rainy,South West,60,None,0,1,0,0,0,1,death_log,Coccidiosis
573,1,rainy,South West,14,None,0,1,1,0,1,1,death_log,Salmonellosis
574,3,dry,North West,90,None,0,0,1,1,0,0,sick_check,Gumboro (IBD)
575,53,rainy,South South,,None,1,1,0,1,0,2,death_log,Newcastle Disease
576,1,rainy,South South,30,Sulfadimidine,0,1,0,1,0,0,sick_check,Salmonellosis
577,5,rainy,South South,30,Vitamin_Electrolyte,1,1,0,1,0,1,death_log,Coccidiosis
578,88,rainy,South South,180,Sulfadimidine,0,0,1,1,0,1,death_log,Fowl Typhoid
579,8,rainy,South East,180,Sulfadimidine,0,1,0,1,0,1,death_log,Coccidiosis
580,50,rainy,North West,60,Vitamin_Electrolyte,1,1,1,0,1,1,death_log,Fowl Typhoid
581,3,rainy,North Central,14,Amprolium,0,1,0,1,0,5,death_log,Salmonellosis
582,0,dry,North Central,180,Sulfadimidine,0,1,1,1,0,0,sick_check,Salmonellosis
583,27,rainy,South East,30,None,1,0,0,0,0,0,sick_check,Newcastle Disease
584,8,dry,South West,14,Sulfadimidine,0,1,0,1,0,1,death_log,Coccidiosis
585,35,rainy,North East,14,None,1,1,0,0,0,0,sick_check,Fowl Typhoid
586,57,dry,South East,14,Tylosin,0,0,0,0,0,0,sick_check,Healthy
587,13,dry,South South,7,Tylosin,1,0,1,1,0,0,sick_check,Fowl Typhoid
588,64,dry,North East,60,Tylosin,1,0,1,0,0,0,sick_check,Fowl Typhoid
589,13,dry,South West,30,None,1,1,1,1,0,1,death_log,Fowl Typhoid
590,46,rainy,North Central,14,Oxytetracycline,1,0,1,1,0,0,sick_check,Fowl Typhoid
591,42,rainy,South South,30,None,1,1,0,1,0,0,sick_check,Fowl Typhoid
592,5,rainy,North Central,180,None,0,1,1,0,0,1,death_log,Coccidiosis
593,33,dry,South West,60,Vitamin_Electrolyte,1,1,0,0,0,0,sick_check,Fowl Typhoid
594,2,dry,South South,7,Tylosin,0,0,0,0,0,0,sick_check,Healthy
595,9,dry,North Central,180,None,0,1,1,0,0,0,sick_check,Gumboro (IBD)
596,3,rainy,North Central,30,Vitamin_Electrolyte,0,1,1,1,0,1,death_log,Coccidiosis
597,56,rainy,North East,7,Tylosin,1,0,0,0,0,0,sick_check,Healthy
598,1,rainy,South South,,None,0,1,1,1,0,0,sick_check,Salmonellosis
599,38,rainy,North West,60,Vitamin_Electrolyte,0,1,1,0,1,1,death_log,Newcastle Disease
600,76,dry,South East,14,Amprolium,1,1,0,1,0,0,sick_check,Newcastle Disease
601,3,dry,North West,7,None,0,1,1,1,0,0,sick_check,Salmonellosis
602,30,dry,North East,7,None,1,1,1,1,0,2,death_log,Fowl Typhoid
603,22,rainy,South South,7,Vitamin_Electrolyte,1,0,1,1,1,4,death_log,Newcastle Disease
604,1,rainy,South West,14,None,0,1,0,1,0,0,sick_check,Salmonellosis
605,63,rainy,South West,60,Tylosin,0,0,0,0,0,0,sick_check,Healthy
606,51,rainy,South South,30,None,0,0,0,0,0,0,sick_check,Healthy
607,0,dry,South East,,Oxytetracycline,0,0,1,1,0,0,sick_check,Salmonellosis
608,37,dry,South West,90,Vitamin_Electrolyte,1,1,1,1,0,0,sick_check,Newcastle Disease
609,3,dry,South West,7,Oxytetracycline,0,1,1,0,1,0,sick_check,Gumboro (IBD)
610,55,rainy,South West,7,Vitamin_Electrolyte,1,0,1,1,1,0,sick_check,Fowl Typhoid
611,21,dry,South West,30,None,1,0,1,1,0,0,sick_check,Newcastle Disease
612,7,rainy,South South,180,None,1,1,0,0,0,0,sick_check,Healthy
613,12,rainy,North East,14,None,1,1,1,0,0,0,sick_check,Fowl Typhoid
614,52,dry,North Central,60,Tylosin,0,1,0,0,0,0,sick_check,Fowl Typhoid
615,62,rainy,North East,90,None,0,1,1,1,0,3,death_log,Fowl Typhoid
616,37,rainy,South West,30,Tylosin,0,0,0,0,0,0,sick_check,Healthy
617,5,rainy,North East,90,Sulfadimidine,0,1,0,0,0,0,sick_check,Coccidiosis
618,39,rainy,North Central,7,None,0,0,1,1,0,2,death_log,Newcastle Disease
619,47,rainy,North Central,180,Sulfadimidine,1,1,1,0,0,1,death_log,Fowl Typhoid
620,4,rainy,South South,180,None,0,1,1,0,0,0,sick_check,Coccidiosis
621,39,dry,North East,60,Tylosin,1,1,1,1,1,3,death_log,Newcastle Disease
622,3,dry,South West,14,None,0,1,1,1,0,0,sick_check,Salmonellosis
623,64,rainy,South South,90,Amprolium,1,1,1,0,0,1,death_log,Fowl Typhoid
624,57,rainy,South East,60,None,1,1,1,1,1,0,sick_check,Newcastle Disease
625,5,rainy,South South,30,Oxytetracycline,0,1,1,1,0,0,sick_check,Coccidiosis
626,7,rainy,North West,,None,0,0,0,0,0,0,sick_check,Coccidiosis
627,60,dry,South East,14,Vitamin_Electrolyte,0,1,1,0,1,4,death_log,Fowl Typhoid
628,55,rainy,North East,14,None,0,0,1,1,0,1,death_log,Fowl Typhoid
629,2,rainy,South South,60,Oxytetracycline,0,1,1,1,0,0,sick_check,Salmonellosis
630,10,dry,South West,60,None,1,1,1,0,0,0,sick_check,Fowl Typhoid
631,0,dry,North West,7,Tylosin,0,1,1,0,0,0,sick_check,Coccidiosis
632,62,rainy,North East,180,None,1,1,1,0,0,0,sick_check,Fowl Typhoid
633,73,dry,North East,7,None,0,0,1,1,0,1,death_log,Fowl Typhoid
634,0,rainy,North Central,180,Sulfadimidine,0,1,1,0,0,0,sick_check,Salmonellosis
635,1,rainy,South West,60,Oxytetracycline,0,1,1,1,0,0,sick_check,Salmonellosis
636,6,dry,North East,,Vitamin_Electrolyte,0,0,1,0,1,3,death_log,Gumboro (IBD)
637,0,dry,North West,180,Tylosin,0,0,1,0,0,0,sick_check,Salmonellosis
638,20,rainy,South West,30,None,1,0,1,1,0,1,death_log,Fowl Typhoid
639,1,dry,North East,14,None,0,1,1,0,0,0,sick_check,Salmonellosis
640,5,rainy,North West,7,Sulfadimidine,1,1,1,0,0,0,sick_check,Gumboro (IBD)
641,43,rainy,South East,180,Vitamin_Electrolyte,0,1,1,1,0,1,death_log,Fowl Typhoid
642,39,dry,South West,60,Tylosin,0,1,1,1,1,0,sick_check,Newcastle Disease
643,3,rainy,South South,90,None,0,0,0,1,0,1,death_log,Salmonellosis
644,6,rainy,North Central,30,None,0,0,1,1,1,0,sick_check,Gumboro (IBD)
645,2,dry,South South,14,None,0,1,1,0,0,0,sick_check,Salmonellosis
646,40,rainy,North West,30,None,0,1,1,0,0,0,sick_check,Newcastle Disease
647,52,dry,South East,60,None,1,0,1,1,0,0,sick_check,Newcastle Disease
648,21,rainy,North East,180,Tylosin,0,1,0,0,0,0,sick_check,Fowl Typhoid
649,7,rainy,South East,7,None,0,1,1,1,0,0,sick_check,Coccidiosis
650,34,rainy,South East,90,Amprolium,0,1,1,0,0,0,sick_check,Fowl Typhoid
651,23,rainy,South West,30,None,0,0,1,0,0,0,sick_check,Healthy
652,62,rainy,North East,7,Vitamin_Electrolyte,0,1,1,1,0,0,sick_check,Fowl Typhoid
653,55,rainy,North West,,None,0,0,1,1,0,0,sick_check,Newcastle Disease
654,64,dry,South South,,Vitamin_Electrolyte,1,1,0,0,0,0,sick_check,Fowl Typhoid
655,6,dry,South South,,None,0,0,0,1,0,0,sick_check,Salmonellosis
656,3,rainy,North Central,90,Oxytetracycline,0,1,1,1,0,0,sick_check,Salmonellosis
657,33,dry,North East,7,Oxytetracycline,0,0,1,0,0,0,sick_check,Fowl Typhoid
658,77,dry,North East,7,None,0,0,1,1,0,3,death_log,Newcastle Disease
659,3,rainy,South South,14,None,0,1,1,0,0,0,sick_check,Coccidiosis
660,0,dry,North Central,90,Oxytetracycline,0,0,1,1,0,0,sick_check,Salmonellosis
661,8,rainy,North West,14,None,1,0,1,0,0,0,sick_check,Coccidiosis
662,4,dry,South West,14,None,0,1,1,1,0,0,sick_check,Coccidiosis
663,1,rainy,North Central,30,Tylosin,0,1,1,1,1,0,sick_check,Salmonellosis
664,2,dry,North West,7,None,0,1,1,0,0,0,sick_check,Salmonellosis
665,40,dry,South West,14,Vitamin_Electrolyte,1,1,1,1,0,0,sick_check,Newcastle Disease
666,52,dry,South West,30,Tylosin,0,1,1,1,1,0,sick_check,Newcastle Disease
667,45,rainy,South East,180,None,0,1,1,1,0,0,sick_check,Newcastle Disease
668,3,rainy,South South,30,None,0,0,1,0,0,2,death_log,Salmonellosis
669,68,dry,South East,60,Amprolium,0,0,0,0,0,0,sick_check,Healthy
670,4,dry,North West,30,None,0,0,1,0,0,1,death_log,Gumboro (IBD)
671,52,dry,South West,180,None,1,0,0,0,0,0,sick_check,Healthy
672,29,dry,South East,90,None,0,0,0,0,0,0,sick_check,Healthy
673,3,dry,South West,90,None,0,1,1,1,0,6,death_log,Salmonellosis
674,0,rainy,South East,180,Tylosin,0,1,0,1,0,0,sick_check,Coccidiosis
675,2,dry,South West,30,None,0,0,0,1,0,3,death_log,Salmonellosis
676,3,dry,South West,180,None,0,1,0,1,0,1,death_log,Salmonellosis
677,2,rainy,South West,,None,0,0,1,0,0,0,sick_check,Salmonellosis
678,26,rainy,South East,90,None,0,0,0,0,0,0,sick_check,Newcastle Disease
679,62,rainy,South West,,Sulfadimidine,1,0,0,0,0,0,sick_check,Fowl Typhoid
680,49,dry,South East,60,Vitamin_Electrolyte,1,1,1,1,1,0,sick_check,Newcastle Disease
681,2,rainy,South South,,Tylosin,0,1,0,1,0,0,sick_check,Salmonellosis
682,64,rainy,South South,7,Tylosin,0,0,1,0,0,0,sick_check,Fowl Typhoid
683,1,rainy,North East,30,Vitamin_Electrolyte,0,1,1,1,0,0,sick_check,Salmonellosis
684,47,rainy,North West,180,Sulfadimidine,0,1,0,0,0,5,death_log,Fowl Typhoid
685,15,dry,South West,,Amprolium,1,0,1,0,0,7,death_log,Fowl Typhoid
686,1,dry,North Central,7,Oxytetracycline,0,1,0,0,0,0,sick_check,Salmonellosis
687,5,rainy,South South,60,None,0,1,0,1,0,0,sick_check,Coccidiosis
688,4,dry,North Central,,None,0,1,0,0,0,1,death_log,Coccidiosis
689,20,dry,North East,90,None,1,1,1,1,0,0,sick_check,Newcastle Disease
690,28,dry,North Central,,Tylosin,1,0,1,1,0,0,sick_check,Newcastle Disease
691,45,rainy,South West,14,None,0,0,0,0,0,0,sick_check,Healthy
692,20,dry,South East,7,None,1,1,1,0,0,1,death_log,Fowl Typhoid
693,4,rainy,North Central,60,Vitamin_Electrolyte,0,0,1,1,0,0,sick_check,Gumboro (IBD)
694,3,rainy,North West,30,Sulfadimidine,0,1,1,1,0,0,sick_check,Salmonellosis
695,57,dry,North East,,Tylosin,0,1,1,0,1,5,death_log,Fowl Typhoid
696,44,dry,South South,,None,1,0,0,0,0,0,sick_check,Fowl Typhoid
697,15,rainy,North West,60,Vitamin_Electrolyte,0,1,1,1,0,0,sick_check,Coccidiosis
698,73,rainy,South East,30,None,0,0,0,0,0,0,sick_check,Healthy
699,16,dry,South East,30,Tylosin,1,1,0,0,0,3,death_log,Fowl Typhoid
700,13,rainy,North East,30,Vitamin_Electrolyte,0,1,1,1,0,0,sick_check,Gumboro (IBD)
701,3,dry,North East,14,Amprolium,1,1,0,1,1,0,sick_check,Salmonellosis
702,5,rainy,South East,7,Vitamin_Electrolyte,0,1,1,1,0,0,sick_check,Coccidiosis
703,8,rainy,North Central,90,None,0,1,1,1,0,0,sick_check,Coccidiosis
704,72,dry,South West,30,Sulfadimidine,1,0,1,1,0,0,sick_check,Fowl Typhoid
705,3,rainy,North East,30,None,1,0,0,0,0,0,sick_check,Gumboro (IBD)
706,5,rainy,South South,90,None,0,1,0,1,0,0,sick_check,Coccidiosis
707,6,rainy,South South,7,None,0,1,0,1,1,0,sick_check,Coccidiosis
708,19,rainy,South South,,Oxytetracycline,0,1,0,0,0,0,sick_check,Fowl Typhoid
709,9,dry,North West,30,None,0,0,1,0,0,0,sick_check,Fowl Typhoid
710,63,dry,North East,30,None,1,0,1,1,0,7,death_log,Newcastle Disease
711,22,dry,South South,14,None,1,0,1,0,0,0,sick_check,Newcastle Disease
712,31,dry,North Central,30,Sulfadimidine,0,0,1,0,0,6,death_log,Newcastle Disease
713,6,rainy,North East,7,Tylosin,0,1,0,0,0,0,sick_check,Coccidiosis
714,45,rainy,South East,7,Sulfadimidine,0,0,0,0,0,0,sick_check,Healthy
715,42,rainy,North Central,7,Amprolium,0,1,1,1,0,1,death_log,Fowl Typhoid
716,3,dry,North West,7,Sulfadimidine,0,1,0,0,1,0,sick_check,Coccidiosis
717,56,dry,North Central,30,None,0,0,0,0,0,0,sick_check,Healthy
718,46,dry,South East,7,None,0,1,1,0,0,1,death_log,Fowl Typhoid
719,50,rainy,North East,90,None,1,0,1,1,1,0,sick_check,Fowl Typhoid
720,55,rainy,North Central,14,Vitamin_Electrolyte,0,1,0,0,0,0,sick_check,Fowl Typhoid
721,3,rainy,South South,30,None,0,0,1,1,0,0,sick_check,Salmonellosis
722,33,dry,North East,30,None,1,0,1,0,1,1,death_log,Newcastle Disease
723,5,rainy,South South,90,None,0,1,1,1,0,0,sick_check,Coccidiosis
724,8,rainy,North Central,7,None,0,1,0,1,0,0,sick_check,Coccidiosis
725,35,rainy,North East,7,Sulfadimidine,0,0,0,0,0,0,sick_check,Healthy
726,45,dry,South West,30,None,0,0,1,0,0,0,sick_check,Healthy
727,38,rainy,North East,14,Sulfadimidine,0,0,0,0,0,0,sick_check,Healthy
728,4,dry,South West,180,None,0,1,1,1,0,0,sick_check,Salmonellosis
729,3,rainy,South East,14,None,0,1,1,1,0,0,sick_check,Coccidiosis
730,33,dry,North Central,,Oxytetracycline,0,1,1,1,1,0,sick_check,Newcastle Disease
731,3,dry,South West,180,None,0,1,1,1,0,0,sick_check,Coccidiosis
732,5,rainy,South South,7,None,0,1,0,1,1,0,sick_check,Coccidiosis
733,74,dry,South South,7,Amprolium,1,0,1,1,1,1,death_log,Newcastle Disease
734,45,rainy,South South,14,None,0,1,0,1,0,4,death_log,Newcastle Disease
735,5,rainy,North Central,90,Vitamin_Electrolyte,0,0,1,1,0,0,sick_check,Gumboro (IBD)
736,6,rainy,North West,30,Vitamin_Electrolyte,0,1,0,0,0,5,death_log,Gumboro (IBD)
737,3,rainy,South East,,None,0,0,1,0,0,0,sick_check,Salmonellosis
738,4,rainy,South West,180,Sulfadimidine,0,0,0,0,0,0,sick_check,Coccidiosis
739,74,dry,South East,7,None,1,0,0,0,0,0,sick_check,Newcastle Disease
740,43,rainy,South East,180,None,0,0,0,0,0,0,sick_check,Fowl Typhoid
741,78,dry,South South,7,None,0,0,1,1,0,0,sick_check,Fowl Typhoid
742,42,rainy,South West,30,None,0,0,0,0,0,0,sick_check,Healthy
743,8,rainy,South South,7,Sulfadimidine,0,1,0,1,0,0,sick_check,Coccidiosis
744,36,rainy,North Central,14,Vitamin_Electrolyte,0,1,1,0,0,0,sick_check,Fowl Typhoid
745,36,rainy,North East,60,Vitamin_Electrolyte,0,0,1,1,0,0,sick_check,Fowl Typhoid
746,0,rainy,North West,30,Sulfadimidine,0,1,0,1,0,5,death_log,Salmonellosis
747,50,rainy,South East,180,None,1,1,1,0,0,2,death_log,Fowl Typhoid
748,3,rainy,South West,30,None,1,1,0,1,0,0,sick_check,Salmonellosis
749,5,rainy,South West,90,Amprolium,0,0,1,0,0,0,sick_check,Coccidiosis
750,5,rainy,South South,7,None,0,1,1,0,0,2,death_log,Gumboro (IBD)
751,71,rainy,North Central,60,Amprolium,1,0,1,0,0,5,death_log,Fowl Typhoid
752,6,dry,South West,60,Sulfadimidine,0,0,1,1,0,0,sick_check,Coccidiosis
753,27,dry,North Central,60,None,0,0,0,0,0,0,sick_check,Healthy
754,58,rainy,North Central,7,None,1,1,1,1,1,0,sick_check,Newcastle Disease
755,0,rainy,South South,7,Oxytetracycline,0,0,1,0,0,0,sick_check,Salmonellosis
756,8,rainy,South East,180,Amprolium,1,1,0,1,0,0,sick_check,Coccidiosis
757,0,rainy,North Central,14,None,1,1,0,1,0,0,sick_check,Coccidiosis
758,1,rainy,South South,14,Amprolium,0,0,1,1,0,0,sick_check,Salmonellosis
759,3,rainy,North West,90,Oxytetracycline,0,0,1,0,0,3,death_log,Salmonellosis
760,35,dry,South West,7,Amprolium,1,1,1,1,0,0,sick_check,Fowl Typhoid
761,70,rainy,North West,,None,1,1,1,0,0,0,sick_check,Fowl Typhoid
762,4,rainy,South South,180,Sulfadimidine,0,1,0,1,1,0,sick_check,Gumboro (IBD)
763,8,rainy,North East,7,None,1,0,0,1,0,0,sick_check,Newcastle Disease
764,4,rainy,North East,14,Tylosin,0,1,0,1,0,0,sick_check,Salmonellosis
765,32,dry,South East,30,Vitamin_Electrolyte,1,0,1,1,0,5,death_log,Newcastle Disease
766,2,rainy,North Central,14,None,0,0,0,1,0,0,sick_check,Salmonellosis
767,53,dry,South East,30,Vitamin_Electrolyte,1,1,1,1,1,4,death_log,Newcastle Disease
768,28,dry,South East,60,Amprolium,1,1,1,0,1,0,sick_check,Newcastle Disease
769,6,rainy,North Central,14,Tylosin,0,0,0,1,0,0,sick_check,Gumboro (IBD)
770,13,dry,North East,7,Oxytetracycline,0,0,0,0,0,1,death_log,Newcastle Disease
771,21,dry,South South,,Amprolium,1,0,1,0,0,0,sick_check,Newcastle Disease
772,4,rainy,North East,,None,0,0,1,1,0,0,sick_check,Gumboro (IBD)
773,5,rainy,South East,7,Amprolium,0,0,0,0,0,3,death_log,Coccidiosis
774,1,rainy,North West,60,Vitamin_Electrolyte,0,1,1,0,0,0,sick_check,Salmonellosis
775,29,dry,North East,90,Sulfadimidine,1,1,1,0,1,0,sick_check,Fowl Typhoid
776,5,rainy,South East,,Sulfadimidine,0,1,1,0,0,0,sick_check,Coccidiosis
777,21,dry,South South,30,None,1,1,0,1,1,3,death_log,Newcastle Disease
778,2,dry,North East,,None,0,1,0,1,1,0,sick_check,Salmonellosis
779,33,dry,South East,7,None,1,1,0,0,1,0,sick_check,Newcastle Disease
780,33,rainy,North West,90,Oxytetracycline,0,0,0,0,0,0,sick_check,Healthy
781,28,dry,North East,60,None,0,1,1,1,0,3,death_log,Fowl Typhoid
782,43,dry,South East,90,None,0,0,1,1,0,0,sick_check,Fowl Typhoid
783,0,rainy,North Central,14,None,0,1,0,1,0,2,death_log,Coccidiosis
784,3,rainy,South West,14,Oxytetracycline,1,1,0,1,1,4,death_log,Coccidiosis
785,52,dry,North Central,30,None,0,0,1,1,0,0,sick_check,Healthy
786,2,rainy,North East,90,None,1,1,1,0,1,0,sick_check,Salmonellosis
787,13,rainy,North West,,None,0,1,0,0,0,1,death_log,Salmonellosis
788,56,rainy,North West,30,Oxytetracycline,0,0,0,0,0,0,sick_check,Healthy
789,5,rainy,North West,180,Amprolium,0,1,0,1,0,0,sick_check,Coccidiosis
790,63,rainy,South East,14,Vitamin_Electrolyte,1,0,1,1,0,1,death_log,Fowl Typhoid
791,3,rainy,South South,90,Tylosin,0,0,1,1,0,3,death_log,Gumboro (IBD)
792,2,rainy,North Central,180,Amprolium,1,1,1,1,0,0,sick_check,Salmonellosis
793,3,dry,North East,60,Tylosin,0,0,1,0,0,4,death_log,Salmonellosis
794,2,rainy,South South,,Oxytetracycline,0,1,1,0,0,3,death_log,Salmonellosis
795,74,dry,North Central,14,Sulfadimidine,1,1,1,0,1,0,sick_check,Newcastle Disease
796,13,dry,North Central,180,Amprolium,1,1,1,0,0,0,sick_check,Fowl Typhoid
797,2,dry,North West,7,None,0,1,0,0,0,0,sick_check,Salmonellosis
798,42,rainy,South West,90,Oxytetracycline,1,1,1,0,1,0,sick_check,Newcastle Disease
799,65,rainy,South South,30,Vitamin_Electrolyte,0,0,1,1,0,0,sick_check,Healthy
800,36,dry,North Central,14,None,1,1,1,0,1,0,sick_check,Newcastle Disease
801,0,dry,North Central,30,None,0,0,0,1,0,0,sick_check,Salmonellosis
802,8,rainy,North Central,7,None,0,1,1,1,0,2,death_log,Coccidiosis
803,7,dry,South South,90,None,0,1,0,1,0,1,death_log,Coccidiosis
804,33,rainy,North Central,180,None,1,1,1,0,1,0,sick_check,Newcastle Disease
805,5,dry,North East,7,None,0,0,1,0,0,0,sick_check,Gumboro (IBD)
806,15,rainy,North West,60,None,1,1,1,0,1,1,death_log,Newcastle Disease
807,4,dry,North East,90,None,1,0,0,1,0,0,sick_check,Coccidiosis
808,32,rainy,North East,7,Tylosin,1,1,0,1,0,1,death_log,Fowl Typhoid
809,4,rainy,South East,30,Vitamin_Electrolyte,0,1,1,1,0,1,death_log,Gumboro (IBD)
810,0,rainy,North West,90,None,0,1,0,1,0,0,sick_check,Salmonellosis
811,35,dry,North Central,14,Tylosin,1,1,0,1,1,6,death_log,Newcastle Disease
812,47,dry,South West,90,Vitamin_Electrolyte,1,0,1,1,0,0,sick_check,Fowl Typhoid
813,6,rainy,South South,30,Sulfadimidine,0,1,0,0,0,0,sick_check,Coccidiosis
814,44,dry,North East,,None,0,1,1,0,0,3,death_log,Newcastle Disease
815,77,rainy,North East,7,Oxytetracycline,0,0,0,0,0,0,sick_check,Healthy
816,67,dry,South East,90,Amprolium,0,1,0,0,0,3,death_log,Fowl Typhoid
817,66,dry,South West,14,Oxytetracycline,1,0,1,1,1,0,sick_check,Fowl Typhoid
818,5,dry,South West,,None,1,0,1,0,1,1,death_log,Gumboro (IBD)
819,58,rainy,South East,180,Tylosin,1,1,0,0,0,3,death_log,Fowl Typhoid
820,60,rainy,North Central,90,Tylosin,0,0,1,0,0,0,sick_check,Newcastle Disease
821,68,dry,North East,30,None,0,0,1,1,1,2,death_log,Newcastle Disease
822,5,dry,South South,,Vitamin_Electrolyte,0,1,1,1,0,1,death_log,Gumboro (IBD)
823,42,dry,South West,60,None,0,1,0,0,0,0,sick_check,Fowl Typhoid
824,30,dry,South South,180,None,1,1,0,1,0,2,death_log,Newcastle Disease
825,35,dry,South South,30,None,0,0,1,1,0,0,sick_check,Fowl Typhoid
826,62,dry,North West,60,Amprolium,0,1,1,0,0,4,death_log,Newcastle Disease
827,0,dry,North East,14,Sulfadimidine,1,1,1,1,1,0,sick_check,Salmonellosis
828,41,dry,South South,60,Amprolium,1,1,1,0,0,0,sick_check,Fowl Typhoid
829,37,dry,North Central,180,None,1,0,1,1,0,0,sick_check,Fowl Typhoid
830,12,rainy,North West,,None,1,0,0,0,0,0,sick_check,Healthy
831,7,dry,South West,14,None,0,1,0,0,0,0,sick_check,Coccidiosis
832,68,dry,North East,,Vitamin_Electrolyte,0,0,0,1,0,1,death_log,Fowl Typhoid
833,4,dry,South South,,Vitamin_Electrolyte,1,1,1,1,1,0,sick_check,Salmonellosis
834,33,rainy,North West,180,None,0,0,0,1,0,0,sick_check,Healthy
835,9,dry,South South,,Tylosin,0,0,1,0,0,0,sick_check,Newcastle Disease
836,51,rainy,North East,14,Tylosin,0,1,0,1,0,0,sick_check,Fowl Typhoid
837,2,dry,South West,90,None,0,1,1,1,1,0,sick_check,Salmonellosis
838,3,rainy,South West,180,None,1,1,1,0,1,0,sick_check,Salmonellosis
839,77,dry,North West,14,None,1,1,1,1,0,2,death_log,Newcastle Disease
840,4,dry,South East,,Vitamin_Electrolyte,0,0,1,1,1,4,death_log,Gumboro (IBD)
841,27,dry,South East,90,Oxytetracycline,0,0,0,0,0,0,sick_check,Healthy
842,1,dry,North West,180,Oxytetracycline,0,1,0,1,0,0,sick_check,Salmonellosis
843,0,rainy,North Central,14,Amprolium,0,1,1,1,0,0,sick_check,Gumboro (IBD)
844,19,dry,North East,,Sulfadimidine,1,0,1,1,1,0,sick_check,Fowl Typhoid
845,0,rainy,North Central,60,None,0,1,0,0,0,0,sick_check,Salmonellosis
846,6,rainy,North Central,14,Amprolium,0,0,1,0,0,2,death_log,Gumboro (IBD)
847,7,rainy,South South,60,None,1,1,1,1,0,3,death_log,Newcastle Disease
848,66,rainy,South East,,Oxytetracycline,0,0,0,1,0,0,sick_check,Healthy
849,4,rainy,North Central,30,Amprolium,0,0,1,1,0,5,death_log,Salmonellosis
850,1,dry,South West,90,None,0,0,1,0,1,0,sick_check,Salmonellosis
851,35,rainy,South East,90,Oxytetracycline,1,1,1,1,1,6,death_log,Newcastle Disease
852,0,dry,South South,14,None,0,0,1,1,0,5,death_log,Salmonellosis
853,71,rainy,North Central,30,None,0,0,0,0,0,0,sick_check,Healthy
854,1,rainy,South South,14,None,0,1,1,1,1,0,sick_check,Salmonellosis
855,3,dry,South East,90,Amprolium,0,1,1,1,1,0,sick_check,Gumboro (IBD)
856,65,dry,South East,90,Oxytetracycline,0,0,0,0,0,0,sick_check,Healthy
857,7,dry,South South,90,Amprolium,0,1,0,1,0,0,sick_check,Coccidiosis
858,56,dry,South East,7,None,1,0,0,0,1,0,sick_check,Fowl Typhoid
859,5,rainy,South West,90,Vitamin_Electrolyte,0,0,1,0,0,1,death_log,Gumboro (IBD)
860,52,rainy,South South,180,None,0,1,1,1,0,6,death_log,Newcastle Disease
861,57,rainy,South West,14,None,1,1,1,1,0,0,sick_check,Newcastle Disease
862,75,dry,South West,30,None,0,0,1,1,0,0,sick_check,Fowl Typhoid
863,58,dry,South West,14,Amprolium,0,1,1,0,0,3,death_log,Fowl Typhoid
864,60,rainy,South West,30,Vitamin_Electrolyte,1,1,0,0,0,0,sick_check,Newcastle Disease
865,3,rainy,South South,7,Oxytetracycline,0,0,1,1,1,0,sick_check,Coccidiosis
866,45,rainy,South East,7,Amprolium,0,0,0,1,0,0,sick_check,Fowl Typhoid
867,11,rainy,North West,60,None,0,1,1,1,0,0,sick_check,Coccidiosis
868,10,rainy,South South,60,None,1,0,1,0,1,0,sick_check,Fowl Typhoid
869,48,dry,South East,,None,0,1,1,0,0,1,death_log,Fowl Typhoid
870,7,rainy,North East,90,Tylosin,0,1,1,1,0,0,sick_check,Coccidiosis
871,5,dry,North Central,,None,0,1,0,1,0,0,sick_check,Gumboro (IBD)
872,41,rainy,South East,30,Amprolium,1,1,0,1,0,0,sick_check,Newcastle Disease
873,21,rainy,South West,60,Sulfadimidine,0,1,1,0,0,0,sick_check,Coccidiosis
874,33,rainy,North Central,180,Tylosin,0,1,0,0,0,0,sick_check,Healthy
875,6,dry,North East,30,None,1,1,1,1,0,0,sick_check,Gumboro (IBD)
876,1,dry,South East,7,Sulfadimidine,0,1,1,1,0,2,death_log,Salmonellosis
877,63,dry,South West,60,None,1,1,0,1,1,0,sick_check,Newcastle Disease
878,7,rainy,South South,90,None,0,1,1,0,0,0,sick_check,Coccidiosis
879,45,dry,North West,90,None,1,0,1,1,0,0,sick_check,Newcastle Disease
880,5,dry,North East,60,None,1,1,1,1,1,0,sick_check,Newcastle Disease
881,4,rainy,South West,60,None,0,1,1,1,0,0,sick_check,Coccidiosis
882,2,rainy,South West,180,None,0,0,0,0,0,0,sick_check,Salmonellosis
883,71,rainy,North Central,180,None,1,0,1,1,0,0,sick_check,Fowl Typhoid
884,4,dry,North East,14,Vitamin_Electrolyte,0,0,0,0,0,0,sick_check,Salmonellosis
885,3,rainy,South South,,Vitamin_Electrolyte,0,1,1,0,0,0,sick_check,Salmonellosis
886,63,dry,North East,7,Tylosin,1,0,0,0,0,0,sick_check,Healthy
887,20,dry,North Central,60,None,0,1,0,0,0,0,sick_check,Salmonellosis
888,0,rainy,South East,90,Sulfadimidine,1,1,1,0,0,0,sick_check,Salmonellosis
889,4,rainy,South West,60,Vitamin_Electrolyte,0,1,1,0,1,0,sick_check,Coccidiosis
890,49,dry,North Central,180,None,0,0,1,0,0,0,sick_check,Healthy
891,62,rainy,South West,14,Vitamin_Electrolyte,1,0,1,1,1,5,death_log,Newcastle Disease
892,5,dry,North East,60,None,0,1,1,0,0,5,death_log,Gumboro (IBD)
893,8,dry,North West,,None,0,0,0,1,0,0,sick_check,Coccidiosis
894,3,dry,South East,90,Oxytetracycline,0,1,0,0,0,4,death_log,Salmonellosis
895,4,rainy,North Central,90,Vitamin_Electrolyte,0,1,0,1,0,0,sick_check,Coccidiosis
896,7,rainy,North Central,90,Vitamin_Electrolyte,0,0,0,1,1,0,sick_check,Coccidiosis
897,2,dry,South East,90,None,0,1,0,1,1,0,sick_check,Salmonellosis
898,32,dry,North East,,Vitamin_Electrolyte,1,1,0,0,0,0,sick_check,Newcastle Disease
899,14,rainy,South East,180,Tylosin,1,0,0,1,0,0,sick_check,Newcastle Disease
900,56,rainy,North East,14,Oxytetracycline,0,0,0,1,0,0,sick_check,Healthy
901,9,rainy,South South,90,Tylosin,1,1,1,1,0,0,sick_check,Newcastle Disease
902,8,dry,South West,30,Vitamin_Electrolyte,0,1,1,0,0,0,sick_check,Fowl Typhoid
903,1,dry,North East,,None,0,1,1,1,0,0,sick_check,Salmonellosis
904,3,rainy,South East,14,None,0,0,1,0,1,0,sick_check,Salmonellosis
905,0,rainy,South East,14,None,0,0,1,0,0,0,sick_check,Coccidiosis
906,64,dry,North West,90,Tylosin,0,0,0,0,0,0,sick_check,Healthy
907,1,dry,North Central,60,Sulfadimidine,0,0,1,1,0,0,sick_check,Salmonellosis
908,73,dry,North Central,,Vitamin_Electrolyte,0,0,0,0,0,0,sick_check,Healthy
909,34,rainy,South West,30,Oxytetracycline,0,1,1,1,0,0,sick_check,Fowl Typhoid
910,28,dry,North West,60,Amprolium,0,0,1,1,0,0,sick_check,Newcastle Disease
911,4,rainy,South West,60,None,0,0,0,1,0,0,sick_check,Coccidiosis
912,4,rainy,South South,180,Vitamin_Electrolyte,0,1,1,1,1,0,sick_check,Coccidiosis
913,6,rainy,South East,180,None,0,1,0,1,0,1,death_log,Coccidiosis
914,5,dry,North East,180,Vitamin_Electrolyte,0,1,0,1,0,1,death_log,Gumboro (IBD)
915,75,rainy,South East,180,Vitamin_Electrolyte,0,0,1,1,0,0,sick_check,Healthy
916,27,dry,South South,,None,0,1,1,0,0,0,sick_check,Gumboro (IBD)
917,3,dry,North East,30,Oxytetracycline,0,0,0,0,0,0,sick_check,Salmonellosis
918,2,rainy,South West,30,Sulfadimidine,0,1,1,1,0,3,death_log,Salmonellosis
919,9,rainy,North Central,,Amprolium,0,1,0,1,0,0,sick_check,Coccidiosis
920,3,rainy,North Central,180,Sulfadimidine,0,1,1,1,0,0,sick_check,Coccidiosis
921,4,rainy,North Central,14,Vitamin_Electrolyte,0,1,0,0,0,2,death_log,Gumboro (IBD)
922,40,dry,South East,30,Oxytetracycline,0,0,0,0,0,0,sick_check,Healthy
923,4,dry,South West,14,None,0,0,1,0,0,0,sick_check,Salmonellosis
924,35,dry,North Central,60,None,1,1,0,0,0,3,death_log,Fowl Typhoid
925,2,rainy,South South,30,Vitamin_Electrolyte,0,1,0,1,0,0,sick_check,Salmonellosis
926,4,dry,South West,60,None,0,1,1,1,0,0,sick_check,Gumboro (IBD)
927,0,dry,North West,14,None,0,1,1,1,0,0,sick_check,Salmonellosis
928,29,rainy,North West,60,Vitamin_Electrolyte,0,1,0,0,0,0,sick_check,Fowl Typhoid
929,74,dry,South East,30,Oxytetracycline,1,0,1,0,1,0,sick_check,Fowl Typhoid
930,3,dry,North Central,60,Tylosin,0,0,1,1,0,0,sick_check,Gumboro (IBD)
931,7,rainy,North West,180,None,1,0,0,0,0,0,sick_check,Coccidiosis
932,20,rainy,North West,90,Oxytetracycline,1,0,0,0,0,0,sick_check,Healthy
933,55,dry,South West,60,Vitamin_Electrolyte,0,1,1,0,0,0,sick_check,Fowl Typhoid
934,5,rainy,North West,60,Vitamin_Electrolyte,0,0,0,1,0,0,sick_check,Gumboro (IBD)
935,4,dry,South West,7,Sulfadimidine,0,1,0,1,1,0,sick_check,Coccidiosis
936,0,dry,South West,30,None,0,1,1,1,1,0,sick_check,Salmonellosis
937,66,rainy,South West,90,None,0,1,1,1,1,0,sick_check,Newcastle Disease
938,59,rainy,North West,7,Vitamin_Electrolyte,0,0,0,0,0,0,sick_check,Healthy
939,59,dry,North Central,90,None,0,0,0,1,0,0,sick_check,Healthy
940,8,rainy,North West,60,None,0,1,0,1,0,0,sick_check,Coccidiosis
941,2,rainy,South South,60,None,0,1,1,1,0,0,sick_check,Salmonellosis
942,7,rainy,South West,90,Amprolium,0,1,1,1,1,0,sick_check,Coccidiosis
943,37,dry,South East,,Vitamin_Electrolyte,0,1,1,0,1,0,sick_check,Newcastle Disease
944,73,dry,South East,,None,0,0,0,0,0,0,sick_check,Healthy
945,47,rainy,North Central,14,Vitamin_Electrolyte,0,0,1,0,0,0,sick_check,Fowl Typhoid
946,21,rainy,North Central,,Oxytetracycline,0,1,1,1,1,0,sick_check,Coccidiosis
947,27,rainy,North Central,,None,1,1,1,1,1,0,sick_check,Newcastle Disease
948,4,dry,North East,,Vitamin_Electrolyte,0,1,1,0,0,0,sick_check,Salmonellosis
949,59,dry,North Central,,Vitamin_Electrolyte,0,1,0,0,0,0,sick_check,Healthy
950,7,dry,North East,180,None,1,1,0,0,0,1,death_log,Coccidiosis
951,24,dry,South South,,Sulfadimidine,1,1,0,1,0,0,sick_check,Fowl Typhoid
952,18,rainy,North East,7,Oxytetracycline,0,1,1,0,0,0,sick_check,Fowl Typhoid
953,51,dry,South West,90,None,1,0,1,1,0,0,sick_check,Newcastle Disease
954,77,rainy,North West,7,Amprolium,0,1,1,0,0,0,sick_check,Newcastle Disease
955,7,rainy,South East,180,None,0,1,1,1,0,0,sick_check,Coccidiosis
956,24,dry,South West,90,Sulfadimidine,0,1,0,1,0,5,death_log,Newcastle Disease
957,57,dry,South West,30,Sulfadimidine,1,1,0,0,1,1,death_log,Fowl Typhoid
958,19,dry,North East,90,Oxytetracycline,0,1,1,0,0,0,sick_check,Fowl Typhoid
959,6,rainy,North Central,,Sulfadimidine,0,1,0,1,0,0,sick_check,Coccidiosis
960,11,rainy,North West,30,None,0,0,1,0,0,0,sick_check,Fowl Typhoid
961,32,rainy,North Central,180,None,1,1,1,0,0,0,sick_check,Salmonellosis
962,4,rainy,North Central,90,None,0,1,0,1,1,0,sick_check,Coccidiosis
963,7,rainy,South West,30,Vitamin_Electrolyte,0,0,1,1,0,1,death_log,Coccidiosis
964,3,dry,South West,90,None,1,1,1,1,0,0,sick_check,Gumboro (IBD)
965,12,dry,North West,60,Amprolium,0,1,0,0,0,0,sick_check,Healthy
966,3,rainy,South East,180,Sulfadimidine,0,0,0,0,0,0,sick_check,Coccidiosis
967,6,rainy,North West,,None,1,0,1,0,0,0,sick_check,Salmonellosis
968,34,dry,North Central,60,Vitamin_Electrolyte,0,0,0,1,0,0,sick_check,Healthy
969,71,dry,South South,90,Amprolium,1,1,1,1,0,0,sick_check,Newcastle Disease
970,6,rainy,South West,30,Oxytetracycline,0,0,0,1,0,1,death_log,Coccidiosis
971,30,rainy,North West,60,None,0,1,1,0,1,0,sick_check,Newcastle Disease
972,40,dry,South West,14,Amprolium,1,0,0,0,0,0,sick_check,Healthy
973,55,dry,North East,7,None,1,1,1,1,0,4,death_log,Fowl Typhoid
974,40,rainy,North West,30,Sulfadimidine,0,0,1,0,0,0,sick_check,Newcastle Disease
975,10,dry,South West,7,Amprolium,1,0,0,0,1,0,sick_check,Newcastle Disease
976,74,dry,North West,,Amprolium,0,0,0,0,0,0,sick_check,Healthy
977,5,rainy,South East,14,Vitamin_Electrolyte,0,0,0,1,0,0,sick_check,Coccidiosis
978,11,rainy,South East,7,None,0,1,1,1,0,1,death_log,Fowl Typhoid
979,6,rainy,North East,,Amprolium,0,0,0,1,1,0,sick_check,Gumboro (IBD)
980,0,dry,South West,180,None,0,1,0,0,0,0,sick_check,Salmonellosis
981,75,dry,North West,90,Amprolium,1,1,0,1,1,0,sick_check,Newcastle Disease
982,7,rainy,South West,90,None,0,1,0,0,0,0,sick_check,Coccidiosis
983,37,rainy,North West,14,None,1,1,1,1,1,2,death_log,Newcastle Disease
984,0,rainy,South South,7,None,1,0,1,1,0,0,sick_check,Salmonellosis
985,4,dry,North West,,None,0,1,1,1,0,0,sick_check,Gumboro (IBD)
986,7,rainy,South East,7,None,0,1,1,1,1,0,sick_check,Coccidiosis
987,43,dry,South South,90,Tylosin,1,1,1,1,0,0,sick_check,Newcastle Disease
988,1,dry,South West,90,None,0,1,1,1,0,0,sick_check,Salmonellosis
989,9,dry,South West,,None,0,0,1,0,0,0,sick_check,Newcastle Disease
990,53,dry,North Central,180,None,0,0,1,0,0,0,sick_check,Healthy
991,4,dry,North Central,180,None,0,0,1,1,0,0,sick_check,Gumboro (IBD)
992,5,rainy,South West,180,None,0,1,0,1,0,1,death_log,Coccidiosis
993,28,dry,North West,180,Sulfadimidine,1,1,0,0,1,2,death_log,Fowl Typhoid
994,66,dry,South East,7,Vitamin_Electrolyte,0,1,1,0,0,0,sick_check,Fowl Typhoid
995,62,rainy,South West,7,None,0,0,0,0,0,0,sick_check,Healthy
996,1,dry,South South,30,None,1,1,0,0,0,7,death_log,Newcastle Disease
997,53,rainy,South West,180,None,1,0,1,1,0,0,sick_check,Newcastle Disease
998,38,rainy,North East,90,None,0,0,0,1,1,5,death_log,Newcastle Disease
999,3,rainy,North Central,14,None,0,1,1,1,1,0,sick_check,Salmonellosis
1000,1,rainy,North West,,Tylosin,1,0,0,1,0,2,death_log,Salmonellosis
1001,76,dry,North Central,30,None,1,1,1,0,0,0,sick_check,Newcastle Disease
1002,0,rainy,North East,14,Oxytetracycline,1,0,0,1,0,0,sick_check,Salmonellosis
1003,37,rainy,North West,14,None,0,0,0,0,0,0,sick_check,Healthy
1004,61,rainy,North East,180,Sulfadimidine,0,0,1,0,0,0,sick_check,Healthy
1005,0,rainy,South South,7,None,0,1,1,1,0,0,sick_check,Salmonellosis
1006,3,rainy,South East,60,Oxytetracycline,0,1,1,1,0,2,death_log,Coccidiosis
1007,17,dry,North Central,180,None,1,0,1,1,1,0,sick_check,Newcastle Disease
1008,7,rainy,North West,14,Oxytetracycline,0,1,1,0,0,1,death_log,Coccidiosis
1009,0,dry,North West,14,Amprolium,0,1,0,1,0,1,death_log,Coccidiosis
1010,56,dry,South South,7,None,1,0,0,1,1,0,sick_check,Newcastle Disease
1011,26,dry,South East,,None,1,1,1,1,0,2,death_log,Newcastle Disease
1012,2,dry,North East,30,Tylosin,0,0,0,1,0,0,sick_check,Salmonellosis
1013,1,rainy,South West,7,None,0,1,0,1,1,0,sick_check,Salmonellosis
1014,3,dry,South South,7,None,0,1,0,0,0,0,sick_check,Coccidiosis
1015,23,rainy,South West,90,Vitamin_Electrolyte,1,0,1,1,0,0,sick_check,Newcastle Disease
1016,24,dry,North East,7,None,0,0,1,1,1,0,sick_check,Newcastle Disease
1017,74,dry,North East,60,Vitamin_Electrolyte,0,1,1,0,0,6,death_log,Fowl Typhoid
1018,26,dry,North East,180,None,0,1,1,0,0,0,sick_check,Newcastle Disease
1019,4,rainy,North West,7,None,0,1,1,0,0,2,death_log,Gumboro (IBD)
1020,19,rainy,South South,7,None,0,0,0,0,0,0,sick_check,Coccidiosis
1021,5,rainy,North West,180,Oxytetracycline,0,0,0,0,0,0,sick_check,Gumboro (IBD)
1022,18,dry,South South,180,Oxytetracycline,0,0,1,0,1,0,sick_check,Gumboro (IBD)
1023,4,rainy,South West,60,None,0,1,1,1,1,1,death_log,Coccidiosis
1024,47,rainy,South West,,Amprolium,0,0,0,0,1,1,death_log,Fowl Typhoid
1025,1,rainy,South West,14,None,0,1,1,1,0,2,death_log,Salmonellosis
1026,53,rainy,South South,180,None,0,0,0,1,0,0,sick_check,Newcastle Disease
1027,2,rainy,North Central,30,None,1,1,1,1,0,3,death_log,Salmonellosis
1028,38,dry,North East,30,None,0,1,1,1,0,2,death_log,Fowl Typhoid
1029,10,rainy,South South,90,Vitamin_Electrolyte,1,0,1,0,1,0,sick_check,Newcastle Disease
1030,5,rainy,North East,,None,0,1,1,1,0,0,sick_check,Coccidiosis
1031,46,dry,North Central,14,Vitamin_Electrolyte,1,0,1,1,1,0,sick_check,Fowl Typhoid
1032,13,dry,South East,14,Vitamin_Electrolyte,0,0,1,1,1,0,sick_check,Salmonellosis
1033,3,rainy,North East,180,None,0,0,1,1,0,0,sick_check,Gumboro (IBD)
1034,6,rainy,South West,60,None,0,1,1,1,1,0,sick_check,Coccidiosis
1035,38,dry,North Central,7,None,0,0,0,0,0,0,sick_check,Healthy
1036,4,rainy,South East,,None,1,0,1,0,0,0,sick_check,Salmonellosis
1037,21,dry,South South,60,Oxytetracycline,1,0,1,1,0,0,sick_check,Newcastle Disease
1038,34,dry,North East,90,None,1,0,1,1,1,0,sick_check,Newcastle Disease
1039,6,rainy,South East,7,None,0,1,1,1,0,0,sick_check,Coccidiosis
1040,4,rainy,North East,,Oxytetracycline,0,0,1,0,0,0,sick_check,Salmonellosis
1041,5,rainy,South South,14,Sulfadimidine,0,1,1,1,1,0,sick_check,Coccidiosis
1042,15,rainy,North West,180,None,0,0,0,0,0,0,sick_check,Coccidiosis
1043,3,rainy,South East,14,Tylosin,0,0,1,0,1,0,sick_check,Gumboro (IBD)
1044,2,rainy,North East,14,Oxytetracycline,0,1,1,0,0,0,sick_check,Salmonellosis
1045,3,rainy,South East,7,None,0,1,1,1,0,0,sick_check,Salmonellosis
1046,0,rainy,North West,,None,0,1,0,0,0,4,death_log,Salmonellosis
1047,31,rainy,South South,7,Tylosin,1,0,1,1,1,0,sick_check,Newcastle Disease
1048,4,dry,South South,,None,0,0,1,0,1,0,sick_check,Gumboro (IBD)
1049,56,rainy,North Central,60,Oxytetracycline,1,0,1,1,0,3,death_log,Newcastle Disease
1050,4,dry,South South,90,None,0,0,1,0,1,2,death_log,Gumboro (IBD)
1051,0,rainy,North Central,7,None,0,1,0,0,0,0,sick_check,Coccidiosis
1052,34,rainy,North East,,None,0,0,0,0,0,0,sick_check,Healthy
1053,43,rainy,South West,14,Vitamin_Electrolyte,0,1,1,0,0,1,death_log,Coccidiosis
1054,65,dry,North Central,30,None,1,0,0,0,0,0,sick_check,Newcastle Disease
1055,6,rainy,South South,60,None,0,1,1,0,0,0,sick_check,Coccidiosis
1056,3,rainy,South South,60,Vitamin_Electrolyte,1,1,1,1,0,1,death_log,Coccidiosis
1057,5,rainy,North Central,7,None,0,0,1,0,0,0,sick_check,Gumboro (IBD)
1058,3,dry,South West,14,Vitamin_Electrolyte,0,1,1,1,0,0,sick_check,Salmonellosis
1059,0,rainy,North East,60,None,0,1,1,0,0,0,sick_check,Salmonellosis
1060,0,dry,North West,7,Amprolium,0,1,0,1,0,4,death_log,Salmonellosis
1061,20,rainy,North West,60,Sulfadimidine,0,1,0,1,0,0,sick_check,Salmonellosis
1062,4,dry,South West,180,Oxytetracycline,1,0,1,1,0,0,sick_check,Gumboro (IBD)
1063,39,rainy,South East,90,Amprolium,1,1,0,1,0,0,sick_check,Fowl Typhoid
1064,52,dry,North East,14,Tylosin,1,1,1,1,0,0,sick_check,Fowl Typhoid
1065,22,rainy,North East,7,Oxytetracycline,1,1,1,1,0,1,death_log,Fowl Typhoid
1066,6,rainy,South South,,None,1,0,0,0,0,0,sick_check,Healthy
1067,57,dry,North West,,Vitamin_Electrolyte,1,1,0,1,0,4,death_log,Newcastle Disease
1068,61,dry,North Central,90,Amprolium,1,1,1,0,1,0,sick_check,Newcastle Disease
1069,6,dry,North Central,7,Sulfadimidine,0,1,1,0,0,3,death_log,Gumboro (IBD)
1070,40,rainy,South South,14,None,1,0,1,1,0,4,death_log,Newcastle Disease
1071,7,rainy,South East,30,None,0,1,1,0,0,0,sick_check,Coccidiosis
1072,0,rainy,South West,90,None,1,0,1,1,0,1,death_log,Salmonellosis
1073,16,rainy,South East,7,None,1,0,0,1,0,0,sick_check,Healthy
1074,8,rainy,South West,90,Vitamin_Electrolyte,0,0,0,1,0,0,sick_check,Healthy
1075,23,dry,South South,180,Tylosin,0,0,0,0,0,0,sick_check,Healthy
1076,5,rainy,North West,180,Tylosin,1,0,0,0,0,0,sick_check,Coccidiosis
1077,23,dry,South South,,None,1,1,0,1,0,0,sick_check,Newcastle Disease
1078,71,rainy,North East,180,Tylosin,1,0,1,1,0,5,death_log,Newcastle Disease
1079,5,rainy,South East,180,None,1,0,1,0,0,2,death_log,Gumboro (IBD)
1080,2,rainy,North Central,30,None,0,1,1,0,0,5,death_log,Salmonellosis
1081,39,rainy,North East,60,None,0,0,1,1,1,0,sick_check,Newcastle Disease
1082,41,dry,South South,7,None,1,1,0,1,0,0,sick_check,Fowl Typhoid
1083,6,rainy,South East,7,Vitamin_Electrolyte,0,1,1,0,0,0,sick_check,Coccidiosis
1084,12,dry,North East,90,Vitamin_Electrolyte,1,1,0,1,1,0,sick_check,Newcastle Disease
1085,78,dry,South South,14,Tylosin,1,0,1,0,0,0,sick_check,Fowl Typhoid
1086,28,dry,South West,90,Tylosin,0,0,0,0,1,0,sick_check,Healthy
1087,21,dry,North East,90,None,0,1,1,1,0,0,sick_check,Fowl Typhoid
1088,28,rainy,North Central,180,Vitamin_Electrolyte,0,0,0,0,0,0,sick_check,Healthy
1089,70,rainy,South East,14,None,0,0,1,0,1,0,sick_check,Fowl Typhoid
1090,54,dry,South South,180,Tylosin,0,1,1,1,0,0,sick_check,Fowl Typhoid
1091,75,dry,North East,14,None,0,0,0,0,0,0,sick_check,Healthy
1092,1,dry,North East,30,None,1,0,0,1,1,4,death_log,Newcastle Disease
1093,5,rainy,South South,30,Amprolium,1,1,0,1,1,0,sick_check,Coccidiosis
1094,24,rainy,North East,14,Amprolium,0,1,1,0,0,0,sick_check,Fowl Typhoid
1095,6,rainy,South East,90,Tylosin,0,0,1,0,0,0,sick_check,Gumboro (IBD)
1096,7,dry,North West,180,Tylosin,0,0,0,0,1,0,sick_check,Healthy
1097,25,dry,North West,,Amprolium,0,1,1,1,0,1,death_log,Newcastle Disease
1098,3,dry,South South,,Amprolium,0,1,1,0,1,0,sick_check,Coccidiosis
1099,1,rainy,North East,180,Amprolium,0,1,1,0,1,3,death_log,Salmonellosis
1100,8,dry,South West,7,None,1,1,1,1,1,4,death_log,Newcastle Disease
1101,3,rainy,South East,14,Sulfadimidine,0,0,1,1,0,1,death_log,Coccidiosis
1102,59,rainy,North West,7,Tylosin,1,0,1,0,0,2,death_log,Fowl Typhoid
1103,3,rainy,North Central,60,None,0,1,0,0,0,5,death_log,Coccidiosis
1104,58,dry,South East,180,None,0,1,0,0,0,0,sick_check,Healthy
1105,27,rainy,South South,,Tylosin,0,0,0,0,0,0,sick_check,Healthy
1106,8,rainy,North West,30,Tylosin,0,1,1,1,1,0,sick_check,Coccidiosis
1107,1,rainy,South South,60,Amprolium,1,1,0,1,0,0,sick_check,Salmonellosis
1108,0,rainy,North East,,Sulfadimidine,0,1,0,1,0,0,sick_check,Salmonellosis
1109,0,rainy,North Central,,Vitamin_Electrolyte,0,1,0,0,0,0,sick_check,Coccidiosis
1110,74,rainy,North Central,60,Tylosin,0,1,1,0,1,4,death_log,Newcastle Disease
1111,49,rainy,North Central,30,None,0,0,1,0,0,0,sick_check,Fowl Typhoid
1112,45,rainy,North East,180,Amprolium,0,0,0,1,0,0,sick_check,Fowl Typhoid
1113,0,rainy,North West,180,None,0,1,0,0,1,2,death_log,Gumboro (IBD)
1114,5,rainy,South West,180,None,0,1,1,1,0,0,sick_check,Coccidiosis
1115,18,rainy,South East,,None,1,0,0,0,0,0,sick_check,Newcastle Disease
1116,29,dry,North East,14,None,0,1,0,0,0,0,sick_check,Fowl Typhoid
1117,2,rainy,North Central,180,None,0,1,0,0,0,0,sick_check,Salmonellosis
1118,3,rainy,North East,7,Amprolium,1,0,1,0,0,1,death_log,Coccidiosis
1119,1,rainy,North Central,90,None,0,1,0,1,1,0,sick_check,Coccidiosis
1120,4,rainy,South East,14,Sulfadimidine,0,0,0,1,0,0,sick_check,Gumboro (IBD)
1121,4,rainy,North Central,7,None,0,1,0,1,0,0,sick_check,Coccidiosis
1122,6,rainy,North East,180,Sulfadimidine,0,1,1,1,0,0,sick_check,Coccidiosis
1123,40,dry,North Central,180,None,1,1,0,1,0,0,sick_check,Fowl Typhoid
1124,15,rainy,North West,7,Amprolium,0,0,1,1,0,0,sick_check,Fowl Typhoid
1125,5,rainy,South East,,Tylosin,0,0,1,1,0,0,sick_check,Coccidiosis
1126,48,rainy,South East,60,Sulfadimidine,1,1,1,0,0,1,death_log,Fowl Typhoid
1127,0,rainy,North West,14,Amprolium,0,0,1,0,0,0,sick_check,Salmonellosis
1128,20,dry,North West,,Amprolium,0,1,0,0,0,0,sick_check,Salmonellosis
1129,5,rainy,North East,,Vitamin_Electrolyte,0,0,1,1,1,0,sick_check,Gumboro (IBD)
1130,5,rainy,South East,60,None,0,1,1,0,0,0,sick_check,Gumboro (IBD)
1131,25,rainy,North East,30,Tylosin,0,1,0,1,0,0,sick_check,Coccidiosis
1132,68,rainy,South East,14,Amprolium,0,0,1,1,0,0,sick_check,Newcastle Disease
1133,36,rainy,North West,90,None,1,1,1,1,1,4,death_log,Newcastle Disease
1134,12,rainy,South South,180,None,0,0,0,0,0,0,sick_check,Healthy
1135,4,rainy,South West,60,Oxytetracycline,1,0,1,1,0,0,sick_check,Gumboro (IBD)
1136,5,rainy,South West,90,Vitamin_Electrolyte,1,1,1,1,0,0,sick_check,Coccidiosis
1137,7,dry,South South,60,None,1,1,0,0,1,0,sick_check,Newcastle Disease
1138,4,dry,North East,7,Sulfadimidine,1,0,0,0,0,0,sick_check,Gumboro (IBD)
1139,6,rainy,South East,60,None,0,1,0,0,0,2,death_log,Coccidiosis
1140,27,dry,North Central,60,Oxytetracycline,1,1,1,1,0,0,sick_check,Newcastle Disease
1141,19,rainy,South East,30,None,0,0,0,0,0,0,sick_check,Healthy
1142,10,rainy,South East,30,None,0,0,0,0,0,0,sick_check,Healthy
1143,29,rainy,North Central,,None,1,1,1,1,0,4,death_log,Newcastle Disease
1144,3,rainy,South West,7,None,0,1,1,0,0,1,death_log,Coccidiosis
1145,13,dry,North Central,30,None,1,0,1,1,0,3,death_log,Fowl Typhoid
1146,7,dry,North East,,Tylosin,0,0,1,0,0,1,death_log,Coccidiosis
1147,7,dry,South South,180,None,0,1,1,1,0,0,sick_check,Coccidiosis
1148,7,rainy,North Central,7,Vitamin_Electrolyte,0,1,1,1,0,0,sick_check,Coccidiosis
1149,43,dry,South South,180,None,0,0,0,0,0,0,sick_check,Healthy
1150,20,rainy,North Central,90,None,1,1,1,0,0,0,sick_check,Fowl Typhoid
1151,11,dry,South South,,Sulfadimidine,1,1,1,1,0,1,death_log,Fowl Typhoid
1152,3,rainy,North West,,None,1,0,1,0,1,0,sick_check,Newcastle Disease
1153,4,rainy,South East,30,None,0,1,0,0,0,1,death_log,Coccidiosis
1154,30,rainy,North West,90,None,0,0,0,0,0,0,sick_check,Healthy
1155,6,dry,South East,,Tylosin,0,0,0,1,0,1,death_log,Coccidiosis
1156,5,rainy,South East,14,Vitamin_Electrolyte,0,1,1,1,1,0,sick_check,Coccidiosis
1157,7,rainy,South South,14,Oxytetracycline,1,1,0,0,1,0,sick_check,Coccidiosis
1158,4,rainy,North West,90,Oxytetracycline,0,1,1,1,1,0,sick_check,Coccidiosis
1159,40,rainy,North West,7,Oxytetracycline,0,0,1,0,0,0,sick_check,Fowl Typhoid
1160,6,rainy,North West,,Vitamin_Electrolyte,0,1,1,1,0,0,sick_check,Coccidiosis
1161,5,rainy,North East,30,Oxytetracycline,0,1,1,1,0,1,death_log,Coccidiosis
1162,55,dry,South South,90,Amprolium,0,1,0,1,0,0,sick_check,Newcastle Disease
1163,5,rainy,North East,180,Sulfadimidine,0,1,1,0,1,0,sick_check,Coccidiosis
1164,6,rainy,North East,7,Tylosin,0,1,1,0,0,1,death_log,Coccidiosis
1165,19,dry,South East,90,None,1,1,1,0,0,1,death_log,Fowl Typhoid
1166,5,rainy,North Central,60,Oxytetracycline,0,1,0,1,1,0,sick_check,Gumboro (IBD)
1167,65,rainy,North West,60,None,0,0,1,0,0,1,death_log,Fowl Typhoid
1168,47,dry,North West,,None,1,0,0,1,0,4,death_log,Newcastle Disease
1169,15,rainy,South West,180,None,0,1,1,1,1,0,sick_check,Salmonellosis
1170,25,dry,North West,60,None,1,0,1,1,1,2,death_log,Fowl Typhoid
1171,16,dry,South East,90,Tylosin,1,1,1,0,0,0,sick_check,Fowl Typhoid
1172,3,rainy,South South,,None,0,1,0,0,0,0,sick_check,Salmonellosis
1173,0,dry,South South,180,Amprolium,1,1,1,0,0,1,death_log,Salmonellosis
1174,26,rainy,North Central,7,Sulfadimidine,0,0,0,1,0,0,sick_check,Fowl Typhoid
1175,1,rainy,South South,180,Vitamin_Electrolyte,0,1,1,1,0,0,sick_check,Salmonellosis
1176,33,rainy,North West,60,Amprolium,1,1,1,0,0,4,death_log,Fowl Typhoid
1177,0,dry,South South,60,None,1,1,1,1,0,0,sick_check,Newcastle Disease
1178,2,rainy,South West,,Sulfadimidine,0,1,1,1,1,0,sick_check,Salmonellosis
1179,32,dry,North West,180,Amprolium,0,0,0,0,0,0,sick_check,Healthy
1180,0,rainy,South West,7,None,0,1,1,1,0,3,death_log,Salmonellosis
1181,15,dry,North East,90,Sulfadimidine,0,1,0,0,0,0,sick_check,Newcastle Disease
1182,51,dry,North Central,7,None,0,0,0,0,0,0,sick_check,Healthy
1183,1,rainy,North West,7,None,0,0,0,0,1,0,sick_check,Salmonellosis
1184,7,dry,South South,180,None,0,0,0,0,0,0,sick_check,Healthy
1185,18,dry,South East,90,Oxytetracycline,0,0,1,1,0,0,sick_check,Salmonellosis
1186,8,dry,North West,30,None,1,1,1,0,1,0,sick_check,Fowl Typhoid
1187,76,dry,North East,60,None,1,0,1,0,0,0,sick_check,Newcastle Disease
1188,23,dry,North West,180,None,0,0,1,0,0,0,sick_check,Newcastle Disease
1189,56,rainy,South East,90,None,0,0,0,0,0,0,sick_check,Healthy
1190,1,rainy,North East,180,None,1,0,0,1,0,0,sick_check,Salmonellosis
1191,5,rainy,South West,14,None,0,1,1,1,0,0,sick_check,Coccidiosis
1192,7,rainy,South South,14,Oxytetracycline,1,1,0,1,0,0,sick_check,Coccidiosis
1193,39,dry,North East,30,None,1,0,0,1,0,0,sick_check,Fowl Typhoid
1194,77,rainy,North West,60,None,0,0,0,1,0,0,sick_check,Newcastle Disease
1195,47,dry,South South,14,Amprolium,0,0,0,0,0,0,sick_check,Healthy
1196,1,rainy,North East,30,Oxytetracycline,0,1,1,0,0,0,sick_check,Salmonellosis
1197,0,rainy,South West,,None,0,1,0,0,0,0,sick_check,Salmonellosis
1198,48,dry,South South,,None,1,1,1,1,0,1,death_log,Fowl Typhoid
1199,5,rainy,South South,14,None,1,0,1,1,0,0,sick_check,Coccidiosis
1200,61,rainy,North Central,,Oxytetracycline,0,1,1,1,1,0,sick_check,Fowl Typhoid
1201,7,rainy,South South,14,Sulfadimidine,0,1,0,0,0,3,death_log,Coccidiosis
1202,50,rainy,North West,,Amprolium,0,0,0,0,0,0,sick_check,Healthy
1203,46,rainy,North West,,None,0,1,1,0,0,0,sick_check,Fowl Typhoid
1204,2,dry,North East,30,None,0,0,1,1,0,0,sick_check,Salmonellosis
1205,5,rainy,North Central,60,None,1,0,1,0,0,3,death_log,Newcastle Disease
1206,6,dry,South South,30,Amprolium,1,1,0,1,0,0,sick_check,Newcastle Disease
1207,6,dry,South South,90,Oxytetracycline,0,1,1,1,0,2,death_log,Coccidiosis
1208,5,rainy,South East,60,None,1,1,1,0,1,0,sick_check,Coccidiosis
1209,38,dry,North East,7,None,0,0,1,1,1,4,death_log,Newcastle Disease
1210,73,rainy,South East,,None,0,1,1,0,0,0,sick_check,Fowl Typhoid
1211,15,dry,North Central,180,Oxytetracycline,1,0,1,0,1,2,death_log,Fowl Typhoid
1212,3,rainy,North East,30,Vitamin_Electrolyte,1,0,1,1,1,0,sick_check,Coccidiosis
1213,12,rainy,South West,30,Sulfadimidine,0,0,0,0,0,0,sick_check,Healthy
1214,64,dry,North East,90,None,1,0,1,1,0,0,sick_check,Fowl Typhoid
1215,17,rainy,North West,180,None,1,1,1,1,1,0,sick_check,Fowl Typhoid
1216,4,rainy,South West,7,None,0,1,1,1,0,0,sick_check,Gumboro (IBD)
1217,33,rainy,South West,180,None,0,0,0,0,0,0,sick_check,Healthy
1218,5,dry,North East,60,Vitamin_Electrolyte,0,1,1,0,1,0,sick_check,Gumboro (IBD)
1219,3,dry,North West,180,Amprolium,0,1,1,0,0,4,death_log,Gumboro (IBD)
1220,0,rainy,North West,7,None,0,1,0,0,0,6,death_log,Salmonellosis
1221,12,rainy,North Central,60,Sulfadimidine,0,0,1,1,0,0,sick_check,Fowl Typhoid
1222,59,rainy,South South,7,None,0,0,0,0,0,0,sick_check,Healthy
1223,5,dry,South East,60,Sulfadimidine,1,1,1,1,0,0,sick_check,Newcastle Disease
1224,5,rainy,North East,14,None,0,0,1,0,0,0,sick_check,Coccidiosis
1225,4,dry,North West,,Amprolium,0,1,1,0,0,0,sick_check,Coccidiosis
1226,5,dry,South East,90,None,1,1,1,1,0,1,death_log,Coccidiosis
1227,0,rainy,South West,30,None,1,1,1,0,0,0,sick_check,Salmonellosis
1228,0,rainy,North West,90,Oxytetracycline,0,0,1,0,0,1,death_log,Coccidiosis
1229,3,rainy,South West,60,Oxytetracycline,1,1,1,1,1,1,death_log,Coccidiosis
1230,28,dry,South East,,Oxytetracycline,1,1,1,1,0,0,sick_check,Fowl Typhoid
1231,37,rainy,South West,14,None,1,1,1,1,0,0,sick_check,Newcastle Disease
1232,7,dry,South East,7,Oxytetracycline,1,1,0,1,0,4,death_log,Coccidiosis
1233,6,rainy,South South,60,Amprolium,0,1,1,0,0,0,sick_check,Coccidiosis
1234,12,dry,South East,,Vitamin_Electrolyte,1,1,1,0,1,0,sick_check,Newcastle Disease
1235,38,rainy,North Central,180,Tylosin,0,0,1,1,0,2,death_log,Fowl Typhoid
1236,0,rainy,South West,7,None,0,1,0,1,0,0,sick_check,Salmonellosis
1237,2,rainy,South East,90,Oxytetracycline,1,0,1,1,0,0,sick_check,Salmonellosis
1238,14,dry,North East,,Sulfadimidine,0,1,0,1,1,0,sick_check,Fowl Typhoid
1239,8,dry,North Central,180,None,0,1,1,1,0,0,sick_check,Coccidiosis
1240,16,rainy,North West,180,None,1,1,0,0,0,0,sick_check,Coccidiosis
1241,4,rainy,North West,7,Amprolium,1,1,1,1,0,0,sick_check,Coccidiosis
1242,11,rainy,South South,180,None,1,1,0,0,0,0,sick_check,Fowl Typhoid
1243,77,dry,North West,7,Oxytetracycline,1,0,0,1,0,6,death_log,Newcastle Disease
1244,4,rainy,North West,7,Oxytetracycline,0,0,0,0,0,1,death_log,Coccidiosis
1245,2,dry,North Central,180,Vitamin_Electrolyte,0,1,1,0,0,0,sick_check,Salmonellosis
1246,66,rainy,South South,90,Vitamin_Electrolyte,1,1,0,1,0,0,sick_check,Fowl Typhoid
1247,3,dry,South East,90,None,0,0,0,0,0,1,death_log,Salmonellosis
1248,31,rainy,North Central,14,Tylosin,1,0,1,1,0,3,death_log,Fowl Typhoid
1249,70,rainy,South South,7,Vitamin_Electrolyte,1,0,0,0,0,0,sick_check,Fowl Typhoid
1250,75,rainy,South West,30,None,1,0,1,1,0,0,sick_check,Newcastle Disease
1251,78,rainy,North East,7,Vitamin_Electrolyte,0,0,0,0,0,0,sick_check,Healthy
1252,70,rainy,North West,7,None,1,0,0,0,0,0,sick_check,Healthy
1253,4,rainy,North West,180,None,0,0,1,1,0,0,sick_check,Gumboro (IBD)
1254,48,rainy,North West,180,Sulfadimidine,0,0,0,0,0,0,sick_check,Healthy
1255,1,rainy,North West,7,Amprolium,1,1,0,0,0,5,death_log,Salmonellosis
1256,8,rainy,North West,60,Amprolium,0,1,1,1,1,0,sick_check,Coccidiosis
1257,0,dry,North West,60,None,1,1,1,1,0,3,death_log,Salmonellosis
1258,6,rainy,North Central,30,Oxytetracycline,0,1,1,1,0,0,sick_check,Coccidiosis
1259,5,rainy,South East,,None,0,1,0,1,1,2,death_log,Coccidiosis
1260,14,rainy,North West,30,None,0,1,1,1,1,3,death_log,Newcastle Disease
1261,7,rainy,South East,7,Oxytetracycline,0,1,1,0,0,0,sick_check,Coccidiosis
1262,51,dry,South West,60,None,1,0,1,1,1,0,sick_check,Newcastle Disease
1263,12,rainy,North West,60,None,0,0,0,0,0,1,death_log,Healthy
1264,4,rainy,North East,7,None,1,0,0,1,0,0,sick_check,Newcastle Disease
1265,5,rainy,South East,30,None,0,0,1,1,0,0,sick_check,Gumboro (IBD)
1266,77,dry,North East,60,Oxytetracycline,1,1,1,1,1,2,death_log,Newcastle Disease
1267,61,rainy,South West,180,Oxytetracycline,1,0,0,1,0,0,sick_check,Fowl Typhoid
1268,29,dry,North West,14,Amprolium,0,0,0,1,0,0,sick_check,Healthy
1269,2,dry,South East,30,None,1,1,1,1,1,4,death_log,Salmonellosis
1270,60,dry,North Central,14,None,1,0,1,0,1,1,death_log,Newcastle Disease
1271,61,rainy,South East,7,Amprolium,1,0,0,1,1,0,sick_check,Newcastle Disease
1272,2,rainy,North Central,,Oxytetracycline,0,1,1,1,0,0,sick_check,Salmonellosis
1273,2,dry,North East,14,Vitamin_Electrolyte,0,1,1,1,0,0,sick_check,Salmonellosis
1274,15,dry,North West,60,Vitamin_Electrolyte,0,0,1,0,0,0,sick_check,Newcastle Disease
1275,8,rainy,North East,90,Tylosin,1,0,1,1,0,2,death_log,Coccidiosis
1276,50,rainy,South East,14,Amprolium,0,0,0,1,1,0,sick_check,Newcastle Disease
1277,47,dry,North Central,,None,1,1,1,1,0,0,sick_check,Fowl Typhoid
1278,57,dry,South East,7,Sulfadimidine,1,0,1,0,0,0,sick_check,Fowl Typhoid
1279,0,dry,North Central,60,None,0,0,1,0,0,0,sick_check,Salmonellosis
1280,21,rainy,North East,,None,0,1,1,0,0,1,death_log,Coccidiosis
1281,4,rainy,North East,90,None,0,0,1,1,0,3,death_log,Gumboro (IBD)
1282,28,rainy,South West,60,None,0,1,1,1,1,0,sick_check,Newcastle Disease
1283,46,rainy,South East,30,None,1,0,1,0,1,2,death_log,Newcastle Disease
1284,10,rainy,North Central,30,Tylosin,1,1,1,1,0,0,sick_check,Fowl Typhoid
1285,6,dry,North Central,7,Amprolium,0,1,1,0,0,1,death_log,Coccidiosis
1286,62,dry,North East,60,None,1,1,1,1,0,0,sick_check,Newcastle Disease
1287,57,rainy,South East,30,Sulfadimidine,1,1,1,0,0,7,death_log,Newcastle Disease
1288,46,dry,South East,180,None,1,0,1,1,1,0,sick_check,Newcastle Disease
1289,4,rainy,North East,14,Vitamin_Electrolyte,0,0,1,1,0,0,sick_check,Gumboro (IBD)
1290,20,dry,North Central,,None,1,1,1,0,0,0,sick_check,Fowl Typhoid
1291,58,rainy,North East,,Amprolium,0,1,1,1,0,0,sick_check,Fowl Typhoid
1292,7,rainy,South East,7,None,1,1,1,1,0,0,sick_check,Coccidiosis
1293,71,dry,South East,30,Vitamin_Electrolyte,1,1,1,1,0,1,death_log,Fowl Typhoid
1294,2,rainy,North West,7,None,0,0,1,0,0,1,death_log,Salmonellosis
1295,6,dry,North West,30,Amprolium,1,1,1,1,0,2,death_log,Newcastle Disease
1296,4,rainy,North East,,None,0,1,1,1,0,1,death_log,Coccidiosis
1297,34,dry,South West,7,Sulfadimidine,0,0,0,1,0,0,sick_check,Healthy
1298,4,rainy,North East,14,Amprolium,0,1,1,1,0,0,sick_check,Coccidiosis
1299,14,dry,South East,,None,0,0,0,0,0,0,sick_check,Healthy
1300,0,dry,North East,60,Tylosin,0,1,1,1,0,0,sick_check,Salmonellosis
1301,62,rainy,South West,30,Vitamin_Electrolyte,0,0,1,1,0,0,sick_check,Newcastle Disease
1302,5,dry,South South,,None,0,1,0,0,0,0,sick_check,Gumboro (IBD)
1303,61,dry,North East,90,None,1,1,1,1,0,1,death_log,Fowl Typhoid
1304,4,dry,South East,60,Vitamin_Electrolyte,0,1,1,1,0,4,death_log,Salmonellosis
1305,23,rainy,North Central,60,Sulfadimidine,1,1,1,1,0,0,sick_check,Fowl Typhoid
1306,54,dry,North East,7,Tylosin,1,0,1,1,0,4,death_log,Newcastle Disease
1307,0,rainy,North East,180,Tylosin,0,1,0,1,0,2,death_log,Salmonellosis
1308,5,rainy,North East,30,None,0,1,0,0,0,0,sick_check,Gumboro (IBD)
1309,2,dry,North West,14,None,0,1,1,0,0,0,sick_check,Salmonellosis
1310,53,rainy,North East,14,Tylosin,0,0,0,0,0,0,sick_check,Healthy
1311,23,rainy,North Central,30,Vitamin_Electrolyte,1,1,1,0,1,0,sick_check,Newcastle Disease
1312,20,rainy,North Central,7,Vitamin_Electrolyte,0,1,1,1,0,0,sick_check,Salmonellosis
1313,69,dry,South South,180,Amprolium,1,1,1,1,1,6,death_log,Newcastle Disease
1314,77,dry,North Central,7,Sulfadimidine,0,0,1,1,1,0,sick_check,Newcastle Disease
1315,53,rainy,North Central,90,None,0,0,1,0,0,0,sick_check,Newcastle Disease
1316,53,dry,South South,7,None,0,0,0,0,0,0,sick_check,Healthy
1317,0,dry,North Central,60,Amprolium,0,1,1,0,1,2,death_log,Gumboro (IBD)
1318,28,dry,North Central,7,None,1,1,0,0,0,2,death_log,Fowl Typhoid
1319,0,dry,South South,60,None,0,1,1,1,1,0,sick_check,Salmonellosis
1320,5,rainy,South South,,None,0,0,1,1,0,0,sick_check,Gumboro (IBD)
1321,2,rainy,South South,14,Oxytetracycline,0,1,1,0,0,1,death_log,Salmonellosis
1322,26,dry,South South,90,None,1,1,1,1,1,6,death_log,Newcastle Disease
1323,1,rainy,South East,30,Vitamin_Electrolyte,0,1,0,1,0,0,sick_check,Salmonellosis
1324,6,rainy,South West,7,Sulfadimidine,0,1,0,1,0,0,sick_check,Coccidiosis
1325,46,dry,South West,14,None,1,0,1,1,0,5,death_log,Newcastle Disease
1326,51,rainy,North East,90,Sulfadimidine,1,1,0,1,1,2,death_log,Newcastle Disease
1327,7,rainy,North Central,180,None,0,1,0,1,0,0,sick_check,Coccidiosis
1328,11,rainy,South South,90,Vitamin_Electrolyte,0,1,1,1,0,0,sick_check,Fowl Typhoid
1329,16,dry,North East,30,Vitamin_Electrolyte,0,0,0,1,0,1,death_log,Newcastle Disease
1330,4,dry,South West,30,Sulfadimidine,1,1,0,1,0,1,death_log,Salmonellosis
1331,0,dry,North East,90,Amprolium,0,1,0,1,0,1,death_log,Salmonellosis
1332,7,dry,North Central,14,Tylosin,0,0,1,1,0,0,sick_check,Coccidiosis
1333,3,dry,North West,14,None,1,1,0,0,0,0,sick_check,Salmonellosis
1334,22,dry,South East,30,Amprolium,0,0,0,1,0,0,sick_check,Newcastle Disease
1335,45,dry,North Central,,None,0,1,1,1,0,0,sick_check,Fowl Typhoid
1336,37,rainy,South West,30,None,0,1,1,1,1,2,death_log,Fowl Typhoid
1337,45,dry,South South,14,Vitamin_Electrolyte,0,0,1,0,0,0,sick_check,Fowl Typhoid
1338,13,dry,North Central,7,None,0,0,0,0,0,0,sick_check,Gumboro (IBD)
1339,1,rainy,South South,30,None,0,1,1,1,0,0,sick_check,Salmonellosis
1340,5,dry,South East,7,Amprolium,0,1,1,0,0,0,sick_check,Gumboro (IBD)
1341,35,dry,South South,60,None,1,0,1,1,0,0,sick_check,Newcastle Disease
1342,7,rainy,North West,60,None,0,1,0,1,0,0,sick_check,Coccidiosis
1343,55,rainy,North Central,180,None,1,0,1,1,1,0,sick_check,Newcastle Disease
1344,4,dry,North West,60,Tylosin,1,0,1,1,0,0,sick_check,Gumboro (IBD)
1345,4,dry,South West,60,Vitamin_Electrolyte,1,1,0,0,0,1,death_log,Salmonellosis
1346,47,dry,North East,,Sulfadimidine,1,1,1,1,1,0,sick_check,Newcastle Disease
1347,6,rainy,North East,,Tylosin,0,1,0,0,0,0,sick_check,Gumboro (IBD)
1348,74,rainy,South East,14,None,0,1,1,1,0,3,death_log,Fowl Typhoid
1349,6,rainy,South South,7,Tylosin,0,1,1,1,0,0,sick_check,Coccidiosis
1350,6,rainy,South South,90,None,0,0,1,1,0,0,sick_check,Gumboro (IBD)
1351,5,rainy,North West,,Amprolium,0,1,1,1,0,7,death_log,Gumboro (IBD)
1352,1,dry,North Central,14,None,0,0,0,0,0,6,death_log,Salmonellosis
1353,52,dry,North East,,Oxytetracycline,1,1,0,1,1,0,sick_check,Fowl Typhoid
1354,16,dry,North Central,180,Vitamin_Electrolyte,0,0,0,0,0,0,sick_check,Healthy
1355,19,rainy,South South,14,None,0,0,0,0,0,0,sick_check,Healthy
1356,17,dry,South South,14,None,1,1,1,0,0,0,sick_check,Newcastle Disease
1357,0,rainy,North West,7,None,0,1,1,1,0,0,sick_check,Salmonellosis
1358,10,rainy,North West,90,None,0,1,0,1,1,3,death_log,Coccidiosis
1359,73,rainy,South South,90,None,1,0,0,1,1,3,death_log,Newcastle Disease
1360,1,dry,South West,,None,0,1,0,1,0,0,sick_check,Salmonellosis
1361,10,rainy,North Central,14,None,0,1,1,1,0,1,death_log,Coccidiosis
1362,0,rainy,North West,,Oxytetracycline,0,1,1,1,0,4,death_log,Salmonellosis
1363,5,rainy,North Central,,Sulfadimidine,0,1,1,0,0,0,sick_check,Gumboro (IBD)
1364,9,rainy,North East,7,Oxytetracycline,1,1,1,1,1,3,death_log,Newcastle Disease
1365,7,rainy,South South,180,Sulfadimidine,0,1,0,0,1,1,death_log,Coccidiosis
1366,29,dry,South South,7,Oxytetracycline,1,0,1,1,0,0,sick_check,Newcastle Disease
1367,61,dry,North West,60,Oxytetracycline,1,0,1,1,0,2,death_log,Newcastle Disease
1368,3,rainy,North Central,90,None,0,1,0,1,0,4,death_log,Salmonellosis
1369,34,rainy,North East,60,Amprolium,0,1,1,0,0,0,sick_check,Fowl Typhoid
1370,5,rainy,North West,180,Oxytetracycline,0,1,0,1,0,0,sick_check,Coccidiosis
1371,0,dry,South East,30,None,1,0,1,1,0,0,sick_check,Salmonellosis
1372,7,rainy,South East,,None,0,1,0,1,0,0,sick_check,Coccidiosis
1373,8,rainy,North Central,90,Vitamin_Electrolyte,0,1,0,0,1,1,death_log,Coccidiosis
1374,3,rainy,South East,,None,0,0,0,0,1,0,sick_check,Coccidiosis
1375,6,rainy,South East,180,Sulfadimidine,1,1,1,1,0,0,sick_check,Coccidiosis
1376,17,dry,South East,7,None,1,1,0,1,0,0,sick_check,Newcastle Disease
1377,17,dry,North Central,,None,1,0,1,1,1,0,sick_check,Newcastle Disease
1378,60,rainy,South West,60,Oxytetracycline,1,1,1,0,0,4,death_log,Newcastle Disease
1379,0,rainy,North Central,,None,0,1,1,1,0,0,sick_check,Coccidiosis
1380,3,rainy,South East,30,None,0,1,1,0,0,0,sick_check,Salmonellosis
1381,1,dry,North Central,90,Tylosin,0,1,1,1,0,4,death_log,Salmonellosis
1382,2,dry,South West,60,None,0,1,1,0,0,0,sick_check,Salmonellosis
1383,5,dry,North East,60,Amprolium,0,1,1,1,0,2,death_log,Gumboro (IBD)
1384,6,dry,South South,,Oxytetracycline,0,1,1,1,0,0,sick_check,Gumboro (IBD)
1385,18,rainy,North East,,Tylosin,0,0,1,1,0,0,sick_check,Gumboro (IBD)
1386,30,dry,North West,90,Oxytetracycline,1,0,1,1,0,2,death_log,Fowl Typhoid
1387,6,rainy,South West,30,None,1,1,0,1,0,0,sick_check,Coccidiosis
1388,14,dry,South South,90,None,1,1,1,1,1,0,sick_check,Newcastle Disease
1389,36,dry,North Central,60,Tylosin,1,1,1,1,0,2,death_log,Newcastle Disease
1390,6,rainy,North East,14,None,0,1,1,0,0,0,sick_check,Coccidiosis
1391,6,rainy,North West,60,None,0,1,1,0,0,0,sick_check,Coccidiosis
1392,67,dry,North Central,30,Amprolium,0,0,0,0,0,0,sick_check,Healthy
1393,14,dry,South South,180,None,0,0,0,0,0,0,sick_check,Healthy
1394,54,dry,North West,14,None,1,1,1,0,0,1,death_log,Fowl Typhoid
1395,34,rainy,South West,,None,0,0,0,0,0,0,sick_check,Healthy
1396,2,rainy,North East,7,Amprolium,0,0,0,1,0,0,sick_check,Newcastle Disease
1397,6,rainy,North West,60,None,0,0,1,1,1,0,sick_check,Gumboro (IBD)
1398,36,rainy,North West,30,Vitamin_Electrolyte,1,1,0,1,0,0,sick_check,Newcastle Disease
1399,6,rainy,South South,30,None,1,0,1,1,0,0,sick_check,Gumboro (IBD)
1400,5,rainy,North West,14,Oxytetracycline,0,0,1,1,0,1,death_log,Coccidiosis
1401,44,dry,North West,90,Sulfadimidine,1,1,1,0,1,0,sick_check,Fowl Typhoid
1402,34,rainy,South West,180,Vitamin_Electrolyte,0,0,1,1,0,0,sick_check,Healthy
1403,3,rainy,South South,7,None,0,1,1,1,0,0,sick_check,Salmonellosis
1404,7,dry,North East,90,None,0,1,0,1,0,2,death_log,Coccidiosis
1405,5,rainy,South East,90,None,0,1,1,1,0,0,sick_check,Coccidiosis
1406,75,dry,North East,30,None,1,1,0,0,0,0,sick_check,Newcastle Disease
1407,7,rainy,South East,14,Oxytetracycline,0,1,0,1,0,0,sick_check,Coccidiosis
1408,74,rainy,North East,30,None,0,1,1,1,0,0,sick_check,Fowl Typhoid
1409,8,rainy,North West,90,None,0,1,1,0,0,1,death_log,Coccidiosis
1410,5,rainy,South East,7,Tylosin,0,1,1,0,0,5,death_log,Gumboro (IBD)
1411,77,dry,North Central,,Oxytetracycline,0,0,1,0,0,0,sick_check,Newcastle Disease
1412,49,rainy,North West,30,None,0,1,1,1,0,0,sick_check,Fowl Typhoid
1413,60,rainy,South South,90,None,1,0,0,0,0,0,sick_check,Healthy
1414,76,rainy,North Central,14,Tylosin,1,1,1,0,1,1,death_log,Newcastle Disease
1415,38,dry,North Central,14,None,1,1,0,1,0,0,sick_check,Fowl Typhoid
1416,26,rainy,North West,90,None,1,1,1,0,0,0,sick_check,Fowl Typhoid
1417,8,rainy,South East,30,Vitamin_Electrolyte,0,1,1,1,0,0,sick_check,Coccidiosis
1418,1,rainy,South West,,Sulfadimidine,0,1,0,1,0,0,sick_check,Salmonellosis
1419,29,rainy,South South,60,None,0,0,0,0,0,0,sick_check,Healthy
1420,5,dry,South South,30,Vitamin_Electrolyte,1,1,1,1,1,0,sick_check,Gumboro (IBD)
1421,3,rainy,South South,180,None,0,1,1,1,0,0,sick_check,Coccidiosis
1422,15,rainy,North West,14,None,1,1,0,0,0,0,sick_check,Newcastle Disease
1423,25,rainy,North West,,None,0,0,1,1,0,0,sick_check,Fowl Typhoid
1424,66,dry,North Central,60,Oxytetracycline,1,0,1,0,0,0,sick_check,Fowl Typhoid
1425,62,dry,South East,60,Amprolium,1,1,1,1,1,0,sick_check,Newcastle Disease
1426,6,rainy,South West,,Vitamin_Electrolyte,1,1,0,0,0,1,death_log,Coccidiosis
1427,75,rainy,North West,180,None,1,0,1,1,1,0,sick_check,Newcastle Disease
1428,73,dry,South West,180,None,0,0,1,1,0,3,death_log,Fowl Typhoid
1429,3,rainy,North Central,90,Tylosin,1,0,0,1,0,2,death_log,Salmonellosis
1430,6,rainy,South South,7,Tylosin,0,1,0,0,0,0,sick_check,Coccidiosis
1431,69,dry,South West,7,None,0,1,0,0,1,3,death_log,Newcastle Disease
1432,68,rainy,South West,14,None,1,0,1,1,1,0,sick_check,Fowl Typhoid
1433,4,rainy,South East,180,Oxytetracycline,1,1,1,1,0,0,sick_check,Salmonellosis
1434,64,rainy,South West,,Vitamin_Electrolyte,0,1,0,1,0,0,sick_check,Fowl Typhoid
1435,19,dry,North Central,30,None,1,1,1,1,0,0,sick_check,Newcastle Disease
1436,6,rainy,South South,90,None,0,1,1,0,0,0,sick_check,Gumboro (IBD)
1437,1,rainy,North West,90,None,1,1,1,0,0,0,sick_check,Salmonellosis
1438,1,dry,North West,180,None,0,1,0,0,0,3,death_log,Salmonellosis
1439,39,dry,North Central,14,Vitamin_Electrolyte,0,1,0,0,0,0,sick_check,Healthy
1440,62,dry,South East,7,None,1,1,1,1,0,1,death_log,Fowl Typhoid
1441,7,rainy,South East,60,None,0,0,0,0,0,0,sick_check,Coccidiosis
1442,5,rainy,South East,7,Vitamin_Electrolyte,0,1,0,0,0,0,sick_check,Coccidiosis
1443,4,dry,South South,180,None,1,0,0,0,0,0,sick_check,Gumboro (IBD)
1444,1,dry,North Central,180,Tylosin,0,1,1,0,1,0,sick_check,Salmonellosis
1445,3,dry,South South,14,Oxytetracycline,0,1,1,1,0,1,death_log,Gumboro (IBD)
1446,59,rainy,South West,7,Oxytetracycline,1,1,0,0,1,5,death_log,Newcastle Disease
1447,0,rainy,South East,14,None,0,0,1,1,0,2,death_log,Coccidiosis
1448,4,dry,North Central,7,None,0,1,1,0,1,2,death_log,Salmonellosis
1449,39,rainy,North West,7,None,0,0,0,0,0,0,sick_check,Healthy
1450,29,dry,South West,60,Vitamin_Electrolyte,1,0,1,1,0,6,death_log,Newcastle Disease
1451,7,rainy,North East,,None,0,0,0,1,0,0,sick_check,Coccidiosis
1452,38,dry,North West,,None,0,0,1,0,0,0,sick_check,Healthy
1453,3,rainy,South South,90,Amprolium,0,1,1,1,1,0,sick_check,Gumboro (IBD)
1454,53,rainy,South West,7,Vitamin_Electrolyte,0,0,0,0,0,0,sick_check,Healthy
1455,4,rainy,South West,180,None,0,1,1,1,0,0,sick_check,Salmonellosis
1456,4,rainy,North West,180,Tylosin,1,0,1,1,0,0,sick_check,Newcastle Disease
1457,75,dry,South West,7,None,0,0,0,0,0,0,sick_check,Healthy
1458,66,dry,South West,60,None,1,1,1,1,0,0,sick_check,Newcastle Disease
1459,6,dry,North Central,60,Tylosin,0,1,1,0,0,1,death_log,Gumboro (IBD)
1460,5,rainy,North West,180,Vitamin_Electrolyte,0,1,0,0,1,0,sick_check,Coccidiosis
1461,35,rainy,North East,60,None,0,0,1,1,0,0,sick_check,Fowl Typhoid
1462,22,rainy,North Central,60,None,1,1,1,1,0,3,death_log,Newcastle Disease
1463,6,rainy,South East,14,None,1,1,0,1,0,0,sick_check,Coccidiosis
1464,7,rainy,North Central,7,None,1,1,0,1,0,2,death_log,Coccidiosis
1465,5,rainy,North Central,60,Vitamin_Electrolyte,0,1,0,0,0,0,sick_check,Coccidiosis
1466,24,dry,North West,60,None,0,0,1,1,0,0,sick_check,Fowl Typhoid
1467,13,rainy,North Central,60,Vitamin_Electrolyte,0,1,0,0,0,1,death_log,Coccidiosis
1468,44,rainy,North West,90,None,1,0,1,1,0,0,sick_check,Fowl Typhoid
1469,7,rainy,South East,,None,0,1,0,1,0,0,sick_check,Coccidiosis
1470,2,rainy,South South,,None,0,1,0,0,1,2,death_log,Salmonellosis
1471,8,rainy,North West,14,None,0,1,1,1,0,1,death_log,Coccidiosis
1472,2,rainy,South West,180,None,0,1,1,0,0,0,sick_check,Salmonellosis
1473,59,dry,North East,,Vitamin_Electrolyte,1,0,1,0,0,0,sick_check,Newcastle Disease
1474,6,rainy,South West,180,Amprolium,0,1,1,1,0,1,death_log,Coccidiosis
1475,56,rainy,South East,30,None,0,0,0,0,0,0,sick_check,Healthy
1476,1,dry,North West,,Tylosin,0,1,0,1,0,0,sick_check,Salmonellosis
1477,6,rainy,South South,7,Amprolium,0,0,0,1,0,0,sick_check,Coccidiosis
1478,4,rainy,South East,7,None,0,0,1,1,0,2,death_log,Gumboro (IBD)
1479,76,dry,North West,180,Vitamin_Electrolyte,1,0,1,0,0,0,sick_check,Fowl Typhoid
1480,74,rainy,South West,7,None,1,1,1,1,0,3,death_log,Newcastle Disease
1481,4,rainy,North West,,None,0,1,1,1,0,0,sick_check,Gumboro (IBD)
1482,21,rainy,South East,30,None,0,0,0,0,0,0,sick_check,Coccidiosis
1483,46,dry,North East,60,Oxytetracycline,1,1,0,0,1,4,death_log,Newcastle Disease
1484,2,rainy,North East,30,Sulfadimidine,0,1,1,0,0,0,sick_check,Salmonellosis
1485,0,dry,North East,7,Oxytetracycline,0,0,1,0,0,5,death_log,Salmonellosis
1486,8,rainy,North West,180,None,1,1,1,0,0,0,sick_check,Fowl Typhoid
1487,15,dry,South East,180,None,0,1,1,1,0,0,sick_check,Fowl Typhoid
1488,29,rainy,North East,30,None,0,1,1,0,1,1,death_log,Newcastle Disease
1489,43,dry,South South,7,None,1,1,1,0,1,1,death_log,Fowl Typhoid
1490,5,rainy,North East,14,Amprolium,0,0,1,0,0,4,death_log,Gumboro (IBD)
1491,63,dry,South East,,Sulfadimidine,0,0,0,0,0,0,sick_check,Healthy
1492,25,rainy,South South,180,Sulfadimidine,0,0,0,0,0,0,sick_check,Healthy
1493,73,rainy,South West,7,Oxytetracycline,0,0,1,0,0,0,sick_check,Fowl Typhoid
1494,3,rainy,South West,,Oxytetracycline,0,1,1,1,0,0,sick_check,Gumboro (IBD)
1495,67,dry,South West,180,Sulfadimidine,0,1,1,1,1,0,sick_check,Newcastle Disease
1496,4,dry,North Central,30,None,0,1,1,0,1,0,sick_check,Gumboro (IBD)
1497,36,dry,South East,180,None,0,0,0,0,0,0,sick_check,Healthy
1498,77,rainy,South East,180,None,0,0,0,0,0,0,sick_check,Healthy
1499,39,dry,North East,90,Sulfadimidine,0,0,0,1,0,0,sick_check,Healthy
1500,35,dry,South West,,None,1,1,1,1,0,0,sick_check,Newcastle Disease
1501,3,dry,South West,90,Vitamin_Electrolyte,0,0,1,1,0,4,death_log,Salmonellosis
1502,4,rainy,North East,90,Tylosin,0,1,1,1,0,2,death_log,Salmonellosis
1503,77,rainy,North West,14,Sulfadimidine,1,1,1,1,0,1,death_log,Fowl Typhoid
1504,7,rainy,North Central,90,Tylosin,0,0,1,1,0,1,death_log,Coccidiosis
1505,63,rainy,North West,60,None,1,1,0,1,1,0,sick_check,Fowl Typhoid
1506,19,rainy,South West,14,None,0,1,0,0,0,0,sick_check,Coccidiosis
1507,37,rainy,North East,60,Oxytetracycline,1,0,0,0,1,4,death_log,Newcastle Disease
1508,4,dry,North Central,30,Amprolium,1,1,1,1,0,0,sick_check,Gumboro (IBD)
1509,1,dry,South West,7,Amprolium,1,1,1,1,0,1,death_log,Salmonellosis
1510,2,dry,South South,90,None,1,0,1,1,0,0,sick_check,Salmonellosis
1511,4,dry,North West,90,None,0,1,0,1,1,0,sick_check,Salmonellosis
1512,6,dry,South West,60,None,0,1,1,1,0,0,sick_check,Gumboro (IBD)
1513,75,rainy,North Central,60,Vitamin_Electrolyte,0,1,1,1,0,0,sick_check,Fowl Typhoid
1514,2,rainy,North Central,90,Oxytetracycline,1,1,1,1,0,0,sick_check,Salmonellosis
1515,43,rainy,South South,90,Amprolium,0,1,1,1,1,0,sick_check,Newcastle Disease
1516,65,dry,North West,14,None,1,1,1,1,0,1,death_log,Newcastle Disease
1517,58,dry,South West,,None,0,0,0,0,0,0,sick_check,Healthy
1518,45,dry,North Central,60,Amprolium,1,1,1,0,0,0,sick_check,Fowl Typhoid
1519,27,rainy,North East,7,None,1,1,1,1,0,1,death_log,Fowl Typhoid
1520,6,rainy,South West,90,None,0,0,1,1,0,0,sick_check,Coccidiosis
1521,10,rainy,South East,30,Vitamin_Electrolyte,1,1,1,0,0,0,sick_check,Gumboro (IBD)
1522,5,rainy,North West,30,None,0,1,1,1,0,1,death_log,Coccidiosis
1523,3,dry,North Central,,None,0,1,1,1,0,0,sick_check,Coccidiosis
1524,68,dry,North Central,60,Oxytetracycline,0,0,0,0,0,0,sick_check,Healthy
1525,4,rainy,North Central,90,Vitamin_Electrolyte,1,1,0,1,1,0,sick_check,Newcastle Disease
1526,35,dry,North West,30,Amprolium,0,0,1,0,0,0,sick_check,Newcastle Disease
1527,20,rainy,South East,30,None,1,0,1,1,0,6,death_log,Newcastle Disease
1528,4,rainy,North Central,,Tylosin,0,1,1,0,0,0,sick_check,Salmonellosis
1529,59,rainy,North West,30,Oxytetracycline,1,1,1,1,0,0,sick_check,Newcastle Disease
1530,4,rainy,South East,60,None,1,1,1,1,0,0,sick_check,Coccidiosis
1531,3,rainy,North Central,14,Amprolium,0,0,1,1,0,0,sick_check,Coccidiosis
1532,6,rainy,South South,,Sulfadimidine,0,1,1,0,0,1,death_log,Gumboro (IBD)
1533,5,rainy,North West,30,Vitamin_Electrolyte,0,0,1,0,0,0,sick_check,Gumboro (IBD)
1534,18,dry,North Central,30,Oxytetracycline,0,1,1,1,1,5,death_log,Newcastle Disease
1535,2,rainy,South East,14,Sulfadimidine,0,1,1,0,0,0,sick_check,Salmonellosis
1536,7,rainy,South West,30,None,0,0,1,1,0,0,sick_check,Coccidiosis
1537,5,dry,South East,30,None,0,1,1,0,0,0,sick_check,Coccidiosis
1538,54,rainy,North Central,180,Sulfadimidine,1,0,0,0,1,0,sick_check,Newcastle Disease
1539,43,rainy,South West,180,Tylosin,0,1,1,1,1,1,death_log,Fowl Typhoid
1540,14,rainy,South East,,Oxytetracycline,1,1,1,0,0,1,death_log,Fowl Typhoid
1541,3,rainy,South West,7,None,0,1,1,0,0,0,sick_check,Salmonellosis
1542,4,rainy,North East,7,None,0,0,1,1,1,0,sick_check,Coccidiosis
1543,57,rainy,North West,7,None,1,0,1,1,0,0,sick_check,Newcastle Disease
1544,35,rainy,South East,7,Tylosin,1,1,1,0,0,0,sick_check,Newcastle Disease
1545,40,dry,North East,180,None,1,1,0,0,0,0,sick_check,Fowl Typhoid
1546,7,dry,South West,,Oxytetracycline,0,1,1,1,0,0,sick_check,Coccidiosis
1547,2,dry,North West,,None,0,1,1,1,0,0,sick_check,Salmonellosis
1548,4,rainy,North East,7,Oxytetracycline,0,1,1,1,0,0,sick_check,Coccidiosis
1549,6,rainy,North East,7,None,0,1,0,0,0,0,sick_check,Coccidiosis
1550,0,rainy,South West,60,None,0,1,0,0,0,1,death_log,Salmonellosis
1551,3,dry,South South,7,Sulfadimidine,1,1,1,0,0,0,sick_check,Gumboro (IBD)
1552,3,rainy,South West,,Oxytetracycline,0,1,1,1,0,1,death_log,Gumboro (IBD)
1553,3,rainy,North West,14,None,0,0,1,0,0,0,sick_check,Gumboro (IBD)
1554,1,rainy,North Central,30,None,1,1,1,1,1,0,sick_check,Newcastle Disease
1555,7,rainy,North East,,Tylosin,0,0,1,0,0,3,death_log,Coccidiosis
1556,31,dry,South East,,Sulfadimidine,0,0,1,1,1,0,sick_check,Newcastle Disease
1557,4,rainy,South West,7,Amprolium,0,1,1,1,1,0,sick_check,Coccidiosis
1558,0,dry,North West,7,Oxytetracycline,0,0,1,1,0,2,death_log,Salmonellosis
1559,64,dry,North West,30,None,1,0,1,0,0,0,sick_check,Fowl Typhoid
1560,2,rainy,North Central,7,None,0,0,0,0,0,0,sick_check,Coccidiosis
1561,2,rainy,North West,7,None,0,0,0,0,0,0,sick_check,Coccidiosis
1562,75,rainy,South West,180,None,0,0,1,0,0,0,sick_check,Healthy
1563,77,dry,North Central,180,None,0,1,1,0,1,0,sick_check,Fowl Typhoid
1564,4,dry,North West,90,None,0,1,1,1,1,2,death_log,Salmonellosis
1565,70,dry,North Central,180,Amprolium,0,1,1,0,0,0,sick_check,Fowl Typhoid
1566,4,rainy,North Central,60,Tylosin,0,1,1,1,0,0,sick_check,Salmonellosis
1567,0,rainy,North East,60,Tylosin,0,0,0,0,0,0,sick_check,Salmonellosis
1568,23,rainy,North West,7,None,0,0,0,0,0,0,sick_check,Healthy
1569,54,rainy,South East,14,Sulfadimidine,0,1,0,1,0,0,sick_check,Fowl Typhoid
1570,63,dry,South East,180,Amprolium,0,1,1,1,0,0,sick_check,Fowl Typhoid
1571,8,dry,South West,90,Oxytetracycline,1,0,1,0,0,0,sick_check,Coccidiosis
1572,50,dry,South East,14,None,1,0,1,0,0,0,sick_check,Newcastle Disease
1573,0,dry,North East,14,Oxytetracycline,1,1,0,1,0,0,sick_check,Salmonellosis
1574,4,dry,North East,,Sulfadimidine,1,1,1,1,1,0,sick_check,Newcastle Disease
1575,9,rainy,North Central,90,Amprolium,1,1,1,1,0,0,sick_check,Newcastle Disease
1576,53,dry,South East,14,None,0,0,0,0,0,0,sick_check,Healthy
1577,3,rainy,North West,180,Oxytetracycline,0,1,1,0,0,0,sick_check,Salmonellosis
1578,50,rainy,South East,90,Oxytetracycline,0,0,0,1,0,0,sick_check,Healthy
1579,6,dry,North East,30,None,0,1,0,1,0,0,sick_check,Gumboro (IBD)
1580,39,dry,North East,90,None,0,0,1,1,0,0,sick_check,Fowl Typhoid
1581,59,dry,South West,180,None,0,1,0,0,1,0,sick_check,Fowl Typhoid
1582,0,dry,South West,7,None,0,1,1,1,0,3,death_log,Salmonellosis
1583,51,dry,North Central,30,None,0,0,0,0,0,0,sick_check,Newcastle Disease
1584,5,dry,South West,14,None,0,1,1,0,0,0,sick_check,Gumboro (IBD)
1585,0,dry,South West,7,Amprolium,0,1,1,1,0,0,sick_check,Salmonellosis
1586,62,dry,South South,90,Amprolium,1,1,1,1,1,0,sick_check,Newcastle Disease
1587,7,rainy,North Central,60,None,0,1,1,0,0,0,sick_check,Coccidiosis
1588,59,rainy,North East,14,Amprolium,1,0,1,0,0,0,sick_check,Newcastle Disease
1589,3,rainy,North Central,14,None,0,1,0,1,0,0,sick_check,Salmonellosis
1590,6,rainy,South South,,Tylosin,0,1,0,0,0,1,death_log,Coccidiosis
1591,0,dry,North Central,60,Sulfadimidine,0,1,1,0,1,3,death_log,Salmonellosis
1592,6,rainy,South West,7,None,0,0,0,1,0,0,sick_check,Salmonellosis
1593,6,rainy,North East,7,None,0,1,0,1,0,0,sick_check,Coccidiosis
1594,23,dry,South East,180,Amprolium,0,0,0,0,0,0,sick_check,Healthy
1595,7,rainy,South West,14,Amprolium,1,1,1,1,0,0,sick_check,Coccidiosis
1596,53,rainy,North West,,Oxytetracycline,0,0,1,0,0,6,death_log,Newcastle Disease
1597,29,dry,South South,,Amprolium,1,0,1,1,1,0,sick_check,Newcastle Disease
1598,35,dry,South West,90,Sulfadimidine,1,1,1,1,1,0,sick_check,Newcastle Disease
1599,31,rainy,South South,,None,0,1,0,0,0,0,sick_check,Newcastle Disease
1600,29,dry,South East,14,Tylosin,0,1,0,1,0,0,sick_check,Salmonellosis
1601,16,rainy,South South,14,Sulfadimidine,0,1,1,1,0,0,sick_check,Fowl Typhoid
1602,8,dry,South South,7,None,0,1,1,1,0,1,death_log,Coccidiosis
1603,3,dry,North West,60,Tylosin,0,0,1,0,0,0,sick_check,Gumboro (IBD)
1604,72,dry,South East,7,None,1,0,0,0,0,0,sick_check,Newcastle Disease
1605,53,rainy,North Central,,None,1,1,0,1,0,4,death_log,Newcastle Disease
1606,4,dry,South East,,None,0,0,0,1,0,2,death_log,Gumboro (IBD)
1607,4,dry,North Central,60,Amprolium,0,1,0,0,0,0,sick_check,Gumboro (IBD)
1608,7,rainy,North Central,7,None,1,1,0,1,0,0,sick_check,Coccidiosis
1609,68,rainy,South South,30,Vitamin_Electrolyte,1,0,1,1,0,2,death_log,Newcastle Disease
1610,12,rainy,South East,180,Vitamin_Electrolyte,0,0,0,0,0,0,sick_check,Healthy
1611,29,dry,North West,60,None,0,0,0,0,0,0,sick_check,Healthy
1612,4,rainy,North East,7,None,0,1,0,1,0,3,death_log,Salmonellosis
1613,19,dry,South East,180,Tylosin,0,1,1,1,1,0,sick_check,Coccidiosis
1614,4,rainy,North West,60,Tylosin,1,0,0,0,0,0,sick_check,Coccidiosis
1615,42,rainy,North West,180,None,0,1,0,0,0,0,sick_check,Healthy
1616,38,dry,South West,60,None,1,1,1,0,1,0,sick_check,Newcastle Disease
1617,5,dry,North West,180,None,0,1,1,0,1,1,death_log,Gumboro (IBD)
1618,6,rainy,South South,30,None,0,1,0,1,0,0,sick_check,Coccidiosis
1619,8,dry,North West,7,Oxytetracycline,0,1,0,1,0,1,death_log,Coccidiosis
1620,10,rainy,North East,60,Oxytetracycline,0,0,0,0,0,0,sick_check,Healthy
1621,71,rainy,North West,180,Amprolium,1,1,0,1,0,3,death_log,Newcastle Disease
1622,7,rainy,North East,14,Oxytetracycline,0,1,1,1,0,0,sick_check,Coccidiosis
1623,26,dry,South West,30,Oxytetracycline,1,1,1,1,0,0,sick_check,Fowl Typhoid
1624,8,dry,North West,14,None,1,1,0,1,0,1,death_log,Coccidiosis
1625,53,rainy,South West,90,Vitamin_Electrolyte,1,1,1,1,1,0,sick_check,Newcastle Disease
1626,14,rainy,South South,60,None,1,1,1,1,0,1,death_log,Salmonellosis
1627,2,dry,South West,,Sulfadimidine,0,0,1,0,0,0,sick_check,Salmonellosis
1628,54,dry,South East,,None,0,0,0,0,1,0,sick_check,Healthy
1629,10,dry,North West,14,Vitamin_Electrolyte,0,0,1,1,0,0,sick_check,Fowl Typhoid
1630,51,dry,North East,90,Vitamin_Electrolyte,1,0,1,1,0,0,sick_check,Newcastle Disease
1631,70,rainy,North Central,180,Tylosin,0,1,1,1,1,4,death_log,Fowl Typhoid
1632,4,dry,North East,30,None,0,1,0,0,0,1,death_log,Coccidiosis
1633,66,rainy,North West,,Tylosin,0,1,1,1,1,0,sick_check,Newcastle Disease
1634,3,rainy,South South,30,Vitamin_Electrolyte,0,1,0,0,0,0,sick_check,Salmonellosis
1635,42,dry,North East,7,None,0,0,0,0,0,1,death_log,Healthy
1636,5,rainy,South West,30,None,0,1,0,1,0,0,sick_check,Coccidiosis
1637,24,dry,North Central,30,None,1,0,1,1,1,0,sick_check,Newcastle Disease
1638,25,rainy,South South,7,None,0,1,1,1,0,0,sick_check,Coccidiosis
1639,19,dry,South East,30,Vitamin_Electrolyte,1,0,0,0,0,0,sick_check,Fowl Typhoid
1640,1,dry,North Central,90,None,1,0,0,0,0,0,sick_check,Newcastle Disease
1641,0,dry,South East,90,Oxytetracycline,0,1,1,0,1,1,death_log,Gumboro (IBD)
1642,71,dry,South South,7,Tylosin,1,0,0,0,0,0,sick_check,Newcastle Disease
1643,3,rainy,North East,30,None,0,0,0,0,0,0,sick_check,Healthy
1644,3,rainy,South West,180,None,0,1,1,1,0,0,sick_check,Coccidiosis
1645,24,rainy,South West,30,Vitamin_Electrolyte,0,0,0,0,0,0,sick_check,Healthy
1646,11,dry,South East,180,Sulfadimidine,1,0,1,0,0,3,death_log,Fowl Typhoid
1647,44,dry,South West,60,None,0,0,0,0,0,0,sick_check,Healthy
1648,42,rainy,South West,90,None,1,1,1,0,1,0,sick_check,Newcastle Disease
1649,5,dry,South South,,None,0,0,1,1,1,6,death_log,Gumboro (IBD)
1650,30,dry,North Central,180,Vitamin_Electrolyte,0,0,0,0,0,0,sick_check,Healthy
1651,3,rainy,South West,,Oxytetracycline,0,1,1,0,1,0,sick_check,Salmonellosis
1652,8,rainy,South West,,None,0,1,0,1,0,0,sick_check,Coccidiosis
1653,16,rainy,North East,7,Oxytetracycline,0,1,1,0,1,0,sick_check,Coccidiosis
1654,61,dry,South East,7,None,1,1,1,1,0,0,sick_check,Fowl Typhoid
1655,3,dry,South South,90,None,0,1,1,0,0,0,sick_check,Salmonellosis
1656,5,rainy,North West,14,None,0,1,1,1,0,0,sick_check,Coccidiosis
1657,4,dry,North East,90,Sulfadimidine,0,0,1,0,1,0,sick_check,Salmonellosis
1658,8,rainy,North Central,14,None,0,1,0,1,0,0,sick_check,Coccidiosis
1659,58,rainy,North Central,180,None,1,1,1,1,0,0,sick_check,Newcastle Disease
1660,38,dry,North East,7,None,0,0,0,0,0,0,sick_check,Healthy
1661,45,dry,North Central,7,Vitamin_Electrolyte,1,1,1,1,1,6,death_log,Newcastle Disease
1662,18,dry,South West,90,Sulfadimidine,1,0,1,1,1,0,sick_check,Newcastle Disease
1663,4,rainy,South West,90,Tylosin,0,1,1,0,0,0,sick_check,Coccidiosis
1664,52,dry,South East,14,Oxytetracycline,1,1,1,1,0,0,sick_check,Newcastle Disease
1665,0,rainy,South East,14,Vitamin_Electrolyte,0,0,1,1,1,0,sick_check,Coccidiosis
1666,4,rainy,North Central,30,None,0,0,1,0,0,0,sick_check,Gumboro (IBD)
1667,3,rainy,South South,30,None,0,1,0,0,0,0,sick_check,Coccidiosis
1668,59,dry,South West,180,Vitamin_Electrolyte,1,0,1,1,1,0,sick_check,Newcastle Disease
1669,6,rainy,South East,7,Oxytetracycline,0,1,1,1,0,0,sick_check,Coccidiosis
1670,30,rainy,North East,180,None,0,0,0,0,0,0,sick_check,Healthy
1671,24,rainy,South East,90,Oxytetracycline,1,0,0,1,1,0,sick_check,Newcastle Disease
1672,51,rainy,North Central,90,None,1,1,1,1,0,0,sick_check,Fowl Typhoid
1673,22,rainy,North East,,Vitamin_Electrolyte,0,0,0,0,0,0,sick_check,Healthy
1674,40,rainy,North East,,Amprolium,1,0,1,1,0,0,sick_check,Fowl Typhoid
1675,18,rainy,North West,60,Tylosin,0,0,0,0,1,0,sick_check,Healthy
1676,35,rainy,South South,90,None,0,0,0,1,0,0,sick_check,Fowl Typhoid
1677,35,dry,South South,30,Vitamin_Electrolyte,1,0,1,0,1,2,death_log,Newcastle Disease
1678,4,rainy,North Central,60,Vitamin_Electrolyte,0,1,1,0,0,0,sick_check,Salmonellosis
1679,71,dry,North Central,14,None,0,1,1,0,0,1,death_log,Fowl Typhoid
1680,46,rainy,North East,60,None,0,0,1,0,1,0,sick_check,Newcastle Disease
1681,14,rainy,South South,60,None,0,1,1,0,0,0,sick_check,Fowl Typhoid
1682,34,rainy,South West,90,Sulfadimidine,0,0,0,0,0,0,sick_check,Healthy
1683,16,dry,South East,60,Tylosin,0,0,0,0,1,1,death_log,Gumboro (IBD)
1684,3,dry,North East,,Oxytetracycline,0,0,1,1,1,0,sick_check,Gumboro (IBD)
1685,26,dry,South West,180,Oxytetracycline,1,1,0,1,0,2,death_log,Gumboro (IBD)
1686,0,dry,South West,60,Vitamin_Electrolyte,0,0,1,1,0,0,sick_check,Salmonellosis
1687,12,dry,North West,,Amprolium,0,1,1,0,1,0,sick_check,Newcastle Disease
1688,8,rainy,North East,,None,0,1,1,1,1,0,sick_check,Coccidiosis
1689,67,dry,South West,60,Oxytetracycline,0,1,1,1,0,1,death_log,Fowl Typhoid
1690,6,dry,South East,30,None,0,1,1,0,0,0,sick_check,Gumboro (IBD)
1691,1,dry,North West,30,Oxytetracycline,0,0,0,0,0,0,sick_check,Salmonellosis
1692,4,dry,South East,,None,0,1,1,0,0,0,sick_check,Gumboro (IBD)
1693,17,rainy,South East,60,Amprolium,1,1,1,0,0,0,sick_check,Fowl Typhoid
1694,37,dry,North Central,7,None,1,0,0,1,0,1,death_log,Fowl Typhoid
1695,0,rainy,North Central,,Oxytetracycline,0,1,0,1,1,0,sick_check,Coccidiosis
1696,51,rainy,North East,7,Vitamin_Electrolyte,0,0,1,0,0,0,sick_check,Healthy
1697,14,dry,South South,180,None,1,0,1,0,1,0,sick_check,Fowl Typhoid
1698,7,rainy,South West,30,Oxytetracycline,0,1,0,0,1,1,death_log,Coccidiosis
1699,3,dry,South South,180,None,1,1,1,1,0,0,sick_check,Salmonellosis
1700,39,rainy,North West,90,None,1,0,0,1,1,0,sick_check,Newcastle Disease
1701,4,rainy,North Central,7,Amprolium,0,1,0,1,0,0,sick_check,Coccidiosis
1702,1,rainy,South East,7,None,0,1,1,1,0,0,sick_check,Salmonellosis
1703,3,dry,South West,,None,0,1,0,1,0,5,death_log,Salmonellosis
1704,50,dry,North Central,7,None,0,0,0,0,0,0,sick_check,Healthy
1705,49,rainy,North East,180,Oxytetracycline,1,1,1,0,1,0,sick_check,Fowl Typhoid
1706,6,rainy,South South,180,Tylosin,0,1,0,1,1,0,sick_check,Coccidiosis
1707,12,rainy,North East,14,None,1,1,0,1,1,6,death_log,Newcastle Disease
1708,43,dry,North West,180,None,1,0,0,1,0,0,sick_check,Newcastle Disease
1709,31,rainy,North West,90,Amprolium,0,0,1,0,1,0,sick_check,Newcastle Disease
1710,17,rainy,South South,14,Oxytetracycline,1,1,1,1,0,0,sick_check,Newcastle Disease
1711,13,dry,South East,180,Vitamin_Electrolyte,0,0,0,0,0,0,sick_check,Healthy
1712,35,rainy,South East,90,Vitamin_Electrolyte,0,1,0,1,0,0,sick_check,Salmonellosis
1713,6,rainy,South East,7,Sulfadimidine,0,0,0,0,0,1,death_log,Coccidiosis
1714,60,dry,South West,14,None,1,1,1,1,1,5,death_log,Newcastle Disease
1715,6,dry,South South,30,None,1,1,1,1,0,0,sick_check,Coccidiosis
1716,3,dry,South South,60,None,0,0,1,0,1,0,sick_check,Gumboro (IBD)
1717,74,dry,South East,30,None,1,1,1,1,0,0,sick_check,Newcastle Disease
1718,40,rainy,South East,14,Amprolium,0,0,1,0,0,1,death_log,Fowl Typhoid
1719,8,rainy,South South,14,Oxytetracycline,0,1,1,1,0,1,death_log,Coccidiosis
1720,34,dry,South West,,Sulfadimidine,0,0,1,1,0,0,sick_check,Newcastle Disease
1721,2,rainy,South South,,None,0,0,0,1,0,4,death_log,Salmonellosis
1722,65,rainy,North West,90,None,1,0,1,1,0,0,sick_check,Newcastle Disease
1723,7,rainy,North West,60,Oxytetracycline,0,1,1,1,0,2,death_log,Coccidiosis
1724,6,rainy,North East,30,Amprolium,0,1,1,1,0,0,sick_check,Coccidiosis
1725,19,rainy,North West,90,Tylosin,0,0,0,0,0,0,sick_check,Newcastle Disease
1726,55,dry,North West,30,None,1,0,1,1,1,0,sick_check,Newcastle Disease
1727,8,rainy,South West,90,Sulfadimidine,1,0,1,1,1,0,sick_check,Coccidiosis
1728,0,dry,North Central,30,Amprolium,0,1,1,1,0,0,sick_check,Salmonellosis
1729,4,dry,South East,14,Oxytetracycline,1,0,1,0,0,0,sick_check,Salmonellosis
1730,37,dry,South East,7,None,1,1,1,1,0,1,death_log,Fowl Typhoid
1731,34,dry,South South,7,None,1,1,1,1,0,0,sick_check,Fowl Typhoid
1732,26,dry,South East,60,None,0,0,0,0,0,0,sick_check,Healthy
1733,2,rainy,South South,14,Oxytetracycline,0,1,0,1,0,2,death_log,Salmonellosis
1734,2,dry,North Central,14,Vitamin_Electrolyte,0,0,1,0,0,0,sick_check,Salmonellosis
1735,1,rainy,North Central,,Tylosin,0,0,0,0,1,0,sick_check,Salmonellosis
1736,5,dry,North Central,180,Tylosin,0,0,0,0,0,0,sick_check,Gumboro (IBD)
1737,75,rainy,North West,7,None,0,1,0,0,0,0,sick_check,Healthy
1738,31,rainy,North Central,14,Amprolium,1,1,0,0,0,0,sick_check,Newcastle Disease
1739,44,dry,North West,7,None,1,1,1,1,1,0,sick_check,Newcastle Disease
1740,31,dry,North West,,Amprolium,0,1,1,1,0,0,sick_check,Fowl Typhoid
1741,50,rainy,South South,14,Tylosin,1,1,1,0,1,0,sick_check,Newcastle Disease
1742,5,rainy,South West,14,None,0,1,0,0,1,0,sick_check,Coccidiosis
1743,73,rainy,South South,7,Oxytetracycline,0,0,0,0,0,0,sick_check,Healthy
1744,1,rainy,South West,180,Tylosin,0,1,1,1,0,0,sick_check,Salmonellosis
1745,0,rainy,North Central,,None,0,0,1,1,0,0,sick_check,Salmonellosis
1746,27,rainy,South West,30,None,0,1,0,1,1,0,sick_check,Newcastle Disease
1747,36,dry,South East,90,Tylosin,1,1,0,0,0,0,sick_check,Fowl Typhoid
1748,28,dry,North West,90,None,1,1,0,0,0,3,death_log,Newcastle Disease
1749,32,dry,South South,,None,0,0,0,1,0,0,sick_check,Healthy
1750,5,rainy,South West,60,Amprolium,0,1,0,1,0,0,sick_check,Coccidiosis
1751,39,rainy,South West,14,None,0,0,0,0,0,0,sick_check,Healthy
1752,3,dry,South West,,Amprolium,0,1,0,0,0,3,death_log,Salmonellosis
1753,1,rainy,South South,7,None,1,0,1,0,0,3,death_log,Salmonellosis
1754,28,rainy,North East,7,None,0,0,1,0,0,0,sick_check,Fowl Typhoid
1755,15,rainy,South East,60,Vitamin_Electrolyte,0,1,1,1,0,3,death_log,Fowl Typhoid
1756,5,rainy,South West,30,None,0,1,1,0,0,3,death_log,Coccidiosis
1757,12,dry,South West,7,None,0,1,1,0,0,0,sick_check,Fowl Typhoid
1758,18,rainy,North Central,14,None,0,1,1,0,1,2,death_log,Newcastle Disease
1759,7,rainy,South West,30,Oxytetracycline,0,0,1,1,0,0,sick_check,Coccidiosis
1760,3,rainy,North East,,Sulfadimidine,0,0,1,1,0,2,death_log,Salmonellosis
1761,2,dry,North West,7,None,0,1,1,0,0,0,sick_check,Salmonellosis
1762,3,dry,South West,90,Amprolium,0,1,1,1,0,0,sick_check,Gumboro (IBD)
1763,17,dry,South South,60,None,1,0,1,0,1,0,sick_check,Fowl Typhoid
1764,3,rainy,South South,14,Sulfadimidine,0,0,0,0,0,2,death_log,Salmonellosis
1765,1,dry,South West,30,None,0,1,1,1,0,3,death_log,Salmonellosis
1766,4,rainy,South East,,None,0,1,1,1,0,0,sick_check,Gumboro (IBD)
1767,32,rainy,North West,30,Vitamin_Electrolyte,1,1,1,1,1,0,sick_check,Newcastle Disease
1768,9,dry,North West,,Oxytetracycline,0,0,0,1,0,0,sick_check,Newcastle Disease
1769,68,dry,North East,90,None,0,0,1,1,1,0,sick_check,Newcastle Disease
1770,26,rainy,South South,90,None,1,1,1,1,0,0,sick_check,Newcastle Disease
1771,56,rainy,North Central,90,None,0,1,0,0,1,0,sick_check,Newcastle Disease
1772,19,rainy,South East,30,Sulfadimidine,0,0,1,0,0,0,sick_check,Healthy
1773,7,rainy,North Central,90,Tylosin,0,1,1,0,0,2,death_log,Newcastle Disease
1774,53,rainy,South East,,Oxytetracycline,1,1,1,0,0,3,death_log,Fowl Typhoid
1775,67,dry,South East,14,Vitamin_Electrolyte,0,1,1,0,0,0,sick_check,Fowl Typhoid
1776,56,rainy,North West,7,Tylosin,0,1,0,1,0,2,death_log,Newcastle Disease
1777,0,dry,South East,180,Tylosin,0,0,1,0,0,2,death_log,Salmonellosis
1778,50,dry,South East,90,None,0,1,1,1,1,3,death_log,Fowl Typhoid
1779,47,rainy,South East,30,Oxytetracycline,0,0,1,1,0,0,sick_check,Newcastle Disease
1780,36,rainy,North Central,180,None,0,1,1,1,0,4,death_log,Fowl Typhoid
1781,67,rainy,North West,30,None,1,0,1,1,0,0,sick_check,Newcastle Disease
1782,3,rainy,South West,60,None,0,0,1,0,0,0,sick_check,Salmonellosis
1783,2,rainy,North Central,,Amprolium,0,1,1,0,0,0,sick_check,Salmonellosis
1784,0,dry,South West,14,None,1,1,0,0,0,0,sick_check,Salmonellosis
1785,5,rainy,South South,30,None,0,0,1,1,0,1,death_log,Coccidiosis
1786,11,dry,North Central,90,Oxytetracycline,0,0,1,0,0,0,sick_check,Healthy
1787,1,rainy,South South,14,None,0,1,1,1,0,1,death_log,Coccidiosis
1788,0,rainy,South South,30,Amprolium,1,1,1,0,0,0,sick_check,Salmonellosis
1789,6,rainy,North West,180,Vitamin_Electrolyte,1,1,1,1,0,4,death_log,Gumboro (IBD)
1790,1,dry,North Central,180,Tylosin,1,0,1,0,0,1,death_log,Salmonellosis
1791,4,rainy,North East,180,Sulfadimidine,0,0,1,1,0,0,sick_check,Salmonellosis
1792,7,rainy,North West,90,Oxytetracycline,0,1,1,0,0,0,sick_check,Coccidiosis
1793,22,rainy,North Central,,Vitamin_Electrolyte,1,1,1,0,1,0,sick_check,Newcastle Disease
1794,62,dry,North Central,,None,1,1,1,1,1,2,death_log,Newcastle Disease
1795,3,rainy,South West,60,Tylosin,0,0,1,1,1,0,sick_check,Coccidiosis
1796,40,rainy,South South,60,Tylosin,1,1,1,1,0,1,death_log,Newcastle Disease
1797,28,rainy,South South,30,None,1,1,0,0,0,3,death_log,Fowl Typhoid
1798,13,dry,North Central,14,Oxytetracycline,1,1,1,1,0,0,sick_check,Newcastle Disease
1799,1,dry,South South,14,None,0,1,0,0,0,5,death_log,Salmonellosis
1800,51,dry,North Central,90,Sulfadimidine,1,0,1,1,0,0,sick_check,Newcastle Disease
1801,59,rainy,South East,7,None,1,0,0,0,0,0,sick_check,Fowl Typhoid
1802,7,rainy,North West,30,Sulfadimidine,0,1,0,1,0,0,sick_check,Coccidiosis
1803,0,rainy,North East,,Oxytetracycline,0,1,1,1,1,0,sick_check,Coccidiosis
1804,5,rainy,North East,7,Amprolium,0,0,1,0,0,0,sick_check,Gumboro (IBD)
1805,3,dry,South South,90,None,0,1,0,0,0,0,sick_check,Salmonellosis
1806,4,dry,South East,60,None,0,1,0,0,0,0,sick_check,Gumboro (IBD)
1807,5,dry,South West,,Vitamin_Electrolyte,1,1,1,0,1,0,sick_check,Gumboro (IBD)
1808,1,rainy,South West,,Tylosin,0,0,1,1,0,0,sick_check,Salmonellosis
1809,48,rainy,South South,60,None,0,0,0,0,0,0,sick_check,Healthy
1810,4,rainy,South West,90,Oxytetracycline,0,1,1,1,0,0,sick_check,Coccidiosis
1811,2,dry,South East,,Sulfadimidine,0,0,0,0,0,0,sick_check,Healthy
1812,9,dry,North East,180,None,1,1,1,1,0,0,sick_check,Newcastle Disease
1813,3,dry,North Central,7,None,1,1,1,1,1,0,sick_check,Salmonellosis
1814,57,dry,North East,,None,0,0,0,1,0,0,sick_check,Healthy
1815,5,rainy,North Central,30,Amprolium,0,1,1,1,0,0,sick_check,Coccidiosis
1816,21,dry,North West,14,None,0,0,1,1,0,1,death_log,Fowl Typhoid
1817,68,dry,North West,7,Oxytetracycline,1,1,1,1,0,3,death_log,Newcastle Disease
1818,75,rainy,South West,60,Sulfadimidine,1,1,1,0,0,0,sick_check,Newcastle Disease
1819,4,rainy,North West,180,None,0,1,1,1,0,0,sick_check,Gumboro (IBD)
1820,3,rainy,North West,90,None,0,1,0,0,0,0,sick_check,Coccidiosis
1821,31,rainy,South West,90,None,0,0,0,0,0,0,sick_check,Healthy
1822,10,rainy,North West,,None,0,1,1,1,0,0,sick_check,Fowl Typhoid
1823,50,rainy,North East,,None,1,1,1,1,1,5,death_log,Newcastle Disease
1824,46,rainy,South East,180,Sulfadimidine,0,0,0,0,0,0,sick_check,Healthy
1825,18,dry,North West,90,None,1,1,1,1,0,0,sick_check,Fowl Typhoid
1826,69,rainy,South South,14,Amprolium,0,0,0,0,0,0,sick_check,Healthy
1827,7,rainy,South East,30,Oxytetracycline,0,1,1,1,1,0,sick_check,Coccidiosis
1828,51,rainy,South West,60,Amprolium,0,1,1,1,0,0,sick_check,Fowl Typhoid
1829,43,dry,North West,14,None,1,0,0,0,1,0,sick_check,Fowl Typhoid
1830,8,rainy,North Central,14,Tylosin,0,1,0,1,0,2,death_log,Coccidiosis
1831,3,rainy,North East,,Oxytetracycline,0,0,1,1,1,0,sick_check,Gumboro (IBD)
1832,8,rainy,South West,7,Vitamin_Electrolyte,0,1,1,1,0,0,sick_check,Newcastle Disease
1833,4,rainy,South East,60,None,0,1,0,0,0,0,sick_check,Coccidiosis
1834,4,rainy,South South,7,Vitamin_Electrolyte,0,1,1,1,0,0,sick_check,Gumboro (IBD)
1835,29,dry,North West,,Tylosin,1,0,1,1,1,0,sick_check,Newcastle Disease
1836,49,rainy,North East,60,None,1,0,1,0,0,0,sick_check,Fowl Typhoid
1837,29,rainy,North Central,180,None,0,1,0,1,0,0,sick_check,Fowl Typhoid
1838,4,rainy,South West,14,Vitamin_Electrolyte,0,1,0,1,0,0,sick_check,Salmonellosis
1839,3,dry,South South,180,None,0,0,0,1,0,0,sick_check,Salmonellosis
1840,3,dry,North East,7,None,1,0,0,1,0,1,death_log,Salmonellosis
1841,4,rainy,North Central,180,None,0,0,0,0,0,0,sick_check,Salmonellosis
1842,2,dry,South West,,None,0,1,1,0,0,0,sick_check,Salmonellosis
1843,3,dry,South East,,None,0,0,1,0,0,0,sick_check,Salmonellosis
1844,8,rainy,North East,60,Sulfadimidine,0,1,1,1,0,0,sick_check,Coccidiosis
1845,73,rainy,South East,7,Vitamin_Electrolyte,0,0,0,0,0,0,sick_check,Healthy
1846,2,dry,North Central,90,Amprolium,0,1,1,1,0,0,sick_check,Salmonellosis
1847,61,rainy,North East,,Oxytetracycline,0,0,1,0,0,0,sick_check,Healthy
1848,2,dry,North East,,Tylosin,0,0,1,1,0,0,sick_check,Salmonellosis
1849,40,rainy,South South,,Tylosin,0,1,0,0,0,0,sick_check,Fowl Typhoid
1850,46,rainy,North West,60,Amprolium,0,0,1,0,0,0,sick_check,Healthy
1851,2,rainy,South South,,None,1,1,0,0,0,0,sick_check,Salmonellosis
1852,74,dry,North Central,60,Vitamin_Electrolyte,1,1,1,1,0,0,sick_check,Fowl Typhoid
1853,6,rainy,North East,7,Oxytetracycline,0,1,1,1,1,1,death_log,Coccidiosis
1854,8,rainy,North East,90,Vitamin_Electrolyte,0,1,1,0,1,0,sick_check,Coccidiosis
1855,3,rainy,South West,30,None,0,0,1,1,1,0,sick_check,Coccidiosis
1856,74,rainy,South South,14,Oxytetracycline,1,1,1,1,0,5,death_log,Newcastle Disease
1857,12,dry,South East,7,Sulfadimidine,0,0,1,1,0,0,sick_check,Salmonellosis
1858,0,dry,North Central,30,Sulfadimidine,0,0,0,1,0,2,death_log,Gumboro (IBD)
1859,19,dry,South South,,Amprolium,0,0,0,0,0,0,sick_check,Healthy
1860,53,rainy,South South,90,None,1,1,1,1,0,0,sick_check,Fowl Typhoid
1861,3,rainy,South South,30,None,0,0,0,1,0,0,sick_check,Salmonellosis
1862,7,dry,North West,30,None,0,0,1,1,1,0,sick_check,Coccidiosis
1863,15,dry,North West,60,Vitamin_Electrolyte,0,0,0,0,0,0,sick_check,Healthy
1864,5,rainy,South West,60,Tylosin,0,1,1,0,0,1,death_log,Coccidiosis
1865,6,dry,North Central,180,None,0,1,1,1,0,0,sick_check,Gumboro (IBD)
1866,0,rainy,North Central,90,None,0,1,1,1,1,0,sick_check,Salmonellosis
1867,4,rainy,South East,14,Tylosin,0,1,0,1,0,0,sick_check,Salmonellosis
1868,26,rainy,North East,7,None,1,1,1,1,0,2,death_log,Newcastle Disease
1869,28,dry,South East,14,None,0,0,1,1,1,0,sick_check,Newcastle Disease
1870,3,dry,North Central,180,Amprolium,1,0,0,0,0,0,sick_check,Healthy
1871,26,rainy,North West,60,None,1,1,1,1,0,2,death_log,Fowl Typhoid
1872,45,dry,South West,180,Tylosin,1,1,1,1,0,0,sick_check,Newcastle Disease
1873,58,rainy,South West,90,None,1,1,0,1,0,3,death_log,Fowl Typhoid
1874,6,rainy,North East,90,Tylosin,0,0,1,0,0,1,death_log,Coccidiosis
1875,5,dry,North East,180,None,0,0,0,0,0,0,sick_check,Gumboro (IBD)
1876,1,dry,North Central,30,Oxytetracycline,0,1,1,0,0,0,sick_check,Salmonellosis
1877,26,rainy,North East,14,None,1,1,1,1,1,0,sick_check,Newcastle Disease
1878,24,rainy,North Central,60,None,1,1,1,1,0,0,sick_check,Newcastle Disease
1879,0,dry,South South,90,Amprolium,0,0,1,1,1,2,death_log,Gumboro (IBD)
1880,6,dry,South East,60,Sulfadimidine,0,1,1,1,0,0,sick_check,Coccidiosis
1881,12,rainy,South West,7,Tylosin,0,1,1,0,1,1,death_log,Coccidiosis
1882,4,dry,South East,180,Amprolium,0,0,1,1,0,0,sick_check,Gumboro (IBD)
1883,5,dry,North East,7,None,0,0,1,0,0,1,death_log,Gumboro (IBD)
1884,55,dry,North Central,30,None,0,0,1,1,0,0,sick_check,Fowl Typhoid
1885,7,rainy,North West,14,None,0,0,0,1,0,0,sick_check,Coccidiosis
1886,2,rainy,South South,7,Oxytetracycline,0,1,1,0,0,0,sick_check,Salmonellosis
1887,67,rainy,South East,90,None,0,1,1,1,1,0,sick_check,Newcastle Disease
1888,30,rainy,South South,180,Sulfadimidine,1,1,1,1,1,0,sick_check,Newcastle Disease
1889,7,rainy,South West,90,None,0,1,1,1,0,0,sick_check,Coccidiosis
1890,48,rainy,South West,90,None,1,0,1,1,0,0,sick_check,Fowl Typhoid
1891,17,rainy,South East,7,Amprolium,1,1,0,0,0,0,sick_check,Fowl Typhoid
1892,61,rainy,South West,60,None,1,0,1,1,0,0,sick_check,Newcastle Disease
1893,36,rainy,South West,90,Oxytetracycline,1,1,0,0,0,0,sick_check,Newcastle Disease
1894,52,dry,North West,60,None,1,1,1,0,0,0,sick_check,Newcastle Disease
1895,28,dry,South South,180,None,1,1,1,1,0,0,sick_check,Newcastle Disease
1896,2,rainy,South West,7,None,0,1,0,1,0,0,sick_check,Salmonellosis
1897,0,rainy,North West,60,Sulfadimidine,0,0,1,1,0,0,sick_check,Coccidiosis
1898,13,rainy,South South,14,None,0,1,0,0,0,0,sick_check,Healthy
1899,21,dry,South West,180,Sulfadimidine,1,1,1,1,0,0,sick_check,Newcastle Disease
1900,4,dry,South West,,None,0,1,0,0,0,0,sick_check,Salmonellosis
1901,28,dry,North Central,7,None,0,0,1,0,0,0,sick_check,Newcastle Disease
1902,8,rainy,North East,90,Oxytetracycline,1,1,0,1,0,0,sick_check,Salmonellosis
1903,8,dry,South East,180,None,1,0,0,0,1,0,sick_check,Newcastle Disease
1904,4,rainy,South South,,None,0,1,0,1,0,0,sick_check,Coccidiosis
1905,5,rainy,South West,7,None,0,1,1,1,0,1,death_log,Coccidiosis
1906,58,rainy,North East,7,None,1,1,1,1,0,0,sick_check,Fowl Typhoid
1907,4,rainy,South South,60,None,0,0,0,0,1,0,sick_check,Coccidiosis
1908,5,rainy,North Central,14,Vitamin_Electrolyte,0,1,0,0,0,1,death_log,Coccidiosis
1909,35,rainy,North Central,90,None,1,1,0,1,1,0,sick_check,Newcastle Disease
1910,10,rainy,South East,60,Sulfadimidine,1,1,1,0,0,0,sick_check,Fowl Typhoid
1911,6,rainy,South West,,Tylosin,0,1,0,0,0,0,sick_check,Coccidiosis
1912,1,dry,South East,180,Tylosin,0,1,1,0,0,2,death_log,Salmonellosis
1913,0,rainy,North East,7,Amprolium,0,0,0,0,0,0,sick_check,Salmonellosis
1914,12,dry,North Central,7,None,0,1,1,0,0,0,sick_check,Fowl Typhoid
1915,5,dry,South East,7,None,0,0,0,1,0,4,death_log,Coccidiosis
1916,2,dry,North West,30,None,0,1,1,1,0,3,death_log,Salmonellosis
1917,2,dry,North East,30,None,0,1,1,1,0,0,sick_check,Salmonellosis
1918,3,rainy,South South,30,Oxytetracycline,0,1,1,1,0,3,death_log,Salmonellosis
1919,4,rainy,North East,7,None,0,0,1,1,0,1,death_log,Coccidiosis
1920,7,rainy,South East,,Vitamin_Electrolyte,0,0,1,0,0,0,sick_check,Coccidiosis
1921,13,dry,North Central,90,None,1,1,1,1,0,0,sick_check,Gumboro (IBD)
1922,4,dry,North West,60,Sulfadimidine,1,1,1,0,0,0,sick_check,Gumboro (IBD)
1923,16,dry,South West,90,None,0,0,1,1,1,3,death_log,Newcastle Disease
1924,31,rainy,South South,,None,0,1,1,1,0,0,sick_check,Salmonellosis
1925,8,rainy,South West,60,None,0,1,1,1,0,0,sick_check,Coccidiosis
1926,69,rainy,North East,30,None,0,1,1,1,0,1,death_log,Fowl Typhoid
1927,32,dry,North Central,60,Sulfadimidine,1,1,1,1,1,0,sick_check,Fowl Typhoid
1928,78,dry,South West,180,None,1,1,1,0,0,0,sick_check,Fowl Typhoid
1929,4,rainy,North East,30,None,1,1,0,1,0,4,death_log,Salmonellosis
1930,13,rainy,South West,60,None,0,0,0,0,0,0,sick_check,Healthy
1931,6,rainy,South East,7,Amprolium,1,0,1,0,0,0,sick_check,Coccidiosis
1932,63,dry,North East,30,None,0,0,0,1,0,0,sick_check,Healthy
1933,3,dry,North Central,14,Amprolium,1,1,1,1,1,0,sick_check,Salmonellosis
1934,61,dry,North West,30,Sulfadimidine,1,1,1,0,1,0,sick_check,Newcastle Disease
1935,25,dry,South East,60,Tylosin,0,0,0,0,0,0,sick_check,Healthy
1936,7,rainy,South East,7,None,0,0,1,1,0,0,sick_check,Coccidiosis
1937,56,dry,North East,60,Vitamin_Electrolyte,1,1,0,1,0,1,death_log,Fowl Typhoid
1938,3,rainy,North Central,7,None,0,0,1,1,1,0,sick_check,Salmonellosis
1939,2,dry,North East,180,None,1,1,1,1,1,0,sick_check,Newcastle Disease
1940,22,dry,South East,14,None,1,1,1,0,0,3,death_log,Newcastle Disease
1941,52,dry,South West,90,Sulfadimidine,0,1,1,0,0,0,sick_check,Fowl Typhoid
1942,2,dry,South East,180,Oxytetracycline,0,1,1,1,0,0,sick_check,Salmonellosis
1943,56,dry,North Central,,None,1,0,0,1,1,0,sick_check,Newcastle Disease
1944,46,rainy,South West,90,Sulfadimidine,1,0,1,1,0,1,death_log,Fowl Typhoid
1945,65,rainy,South East,60,None,1,0,1,0,0,0,sick_check,Fowl Typhoid
1946,4,rainy,South East,60,None,0,0,1,1,0,4,death_log,Newcastle Disease
1947,70,rainy,South South,14,None,0,0,0,0,0,0,sick_check,Healthy
1948,66,dry,North Central,,Vitamin_Electrolyte,1,1,0,0,0,0,sick_check,Fowl Typhoid
1949,2,rainy,North Central,,Vitamin_Electrolyte,0,1,0,0,0,0,sick_check,Salmonellosis
1950,4,rainy,South West,14,None,0,0,0,1,0,0,sick_check,Healthy
1951,3,dry,South East,30,None,0,1,1,0,0,3,death_log,Salmonellosis
1952,3,rainy,South West,180,None,1,1,1,1,0,0,sick_check,Gumboro (IBD)
1953,1,dry,South South,7,None,0,1,1,0,0,0,sick_check,Salmonellosis
1954,10,rainy,South South,180,Vitamin_Electrolyte,0,1,1,0,0,0,sick_check,Coccidiosis
1955,5,rainy,South South,60,Tylosin,0,0,1,1,1,1,death_log,Gumboro (IBD)
1956,27,dry,South East,60,None,0,0,0,1,0,0,sick_check,Healthy
1957,15,dry,South East,7,Oxytetracycline,0,0,1,1,0,2,death_log,Gumboro (IBD)
1958,5,rainy,South South,180,Amprolium,0,1,1,1,0,1,death_log,Coccidiosis
1959,57,rainy,North East,,Oxytetracycline,0,0,1,1,1,5,death_log,Fowl Typhoid
1960,7,rainy,South East,30,None,0,1,0,1,0,0,sick_check,Coccidiosis
1961,1,rainy,South East,14,None,0,1,1,1,0,0,sick_check,Salmonellosis
1962,34,dry,South West,14,None,1,0,1,1,0,2,death_log,Newcastle Disease
1963,43,rainy,South East,,None,1,0,0,1,0,0,sick_check,Fowl Typhoid
1964,3,rainy,South South,14,Amprolium,0,1,0,1,1,0,sick_check,Gumboro (IBD)
1965,2,dry,South East,180,Amprolium,0,1,1,0,0,0,sick_check,Salmonellosis
1966,8,dry,North East,30,Tylosin,0,1,1,0,0,0,sick_check,Coccidiosis
1967,55,rainy,North West,60,None,0,0,1,0,0,0,sick_check,Newcastle Disease
1968,51,rainy,South South,7,None,0,1,0,1,0,0,sick_check,Healthy
1969,11,rainy,North East,60,Oxytetracycline,1,0,0,1,0,0,sick_check,Fowl Typhoid
1970,8,rainy,North Central,,None,0,1,1,1,0,0,sick_check,Coccidiosis
1971,64,dry,South South,14,None,1,1,1,1,0,0,sick_check,Fowl Typhoid
1972,6,dry,North Central,30,None,0,1,1,1,0,0,sick_check,Coccidiosis
1973,6,rainy,South South,90,None,1,1,1,1,1,2,death_log,Coccidiosis
1974,4,rainy,North West,60,Oxytetracycline,0,0,1,0,0,0,sick_check,Gumboro (IBD)
1975,41,rainy,South East,,None,1,1,1,1,0,0,sick_check,Newcastle Disease
1976,3,rainy,South South,90,Oxytetracycline,0,0,0,0,0,0,sick_check,Healthy
1977,47,rainy,South West,7,Vitamin_Electrolyte,1,1,1,0,0,0,sick_check,Fowl Typhoid
1978,4,rainy,South South,90,Oxytetracycline,0,1,1,1,1,0,sick_check,Gumboro (IBD)
1979,9,rainy,South East,30,None,1,1,0,1,0,2,death_log,Fowl Typhoid
1980,7,rainy,North East,14,Tylosin,0,1,0,1,0,0,sick_check,Coccidiosis
1981,6,rainy,North Central,14,Vitamin_Electrolyte,1,1,1,1,0,0,sick_check,Coccidiosis
1982,2,rainy,South East,180,Amprolium,0,1,1,0,0,4,death_log,Salmonellosis
1983,30,dry,South West,30,None,1,0,1,1,0,0,sick_check,Newcastle Disease
1984,7,rainy,South East,,Tylosin,0,0,1,0,1,1,death_log,Coccidiosis
1985,7,dry,North West,7,None,0,1,0,1,0,0,sick_check,Coccidiosis
1986,22,rainy,South East,180,None,0,0,0,0,0,1,death_log,Healthy
1987,7,rainy,South East,180,None,0,1,0,0,0,1,death_log,Coccidiosis
1988,4,dry,South West,180,Oxytetracycline,0,1,1,1,0,0,sick_check,Gumboro (IBD)
1989,22,dry,South West,14,None,1,0,0,1,0,3,death_log,Newcastle Disease
1990,6,rainy,South South,14,Oxytetracycline,0,1,1,0,0,1,death_log,Coccidiosis
1991,6,rainy,North West,180,Amprolium,0,0,1,1,1,0,sick_check,Gumboro (IBD)
1992,23,dry,North West,180,Oxytetracycline,1,0,0,1,0,0,sick_check,Healthy
1993,7,rainy,North Central,30,None,0,0,1,0,0,1,death_log,Coccidiosis
1994,22,rainy,North West,,None,1,1,1,1,1,7,death_log,Newcastle Disease
1995,4,rainy,North West,,Vitamin_Electrolyte,0,0,0,0,0,0,sick_check,Coccidiosis
1996,24,rainy,North Central,14,Oxytetracycline,1,0,1,1,1,1,death_log,Newcastle Disease
1997,6,dry,South West,7,Tylosin,0,0,0,1,0,0,sick_check,Coccidiosis
1998,27,dry,South West,90,None,1,0,1,1,1,0,sick_check,Newcastle Disease
1999,2,dry,South West,180,None,1,0,0,1,1,1,death_log,Newcastle Disease
2000,1,dry,North East,,None,0,1,0,1,0,0,sick_check,Salmonellosis
2001,49,rainy,North East,30,Vitamin_Electrolyte,1,0,0,0,0,0,sick_check,Fowl Typhoid
2002,58,dry,North East,180,Sulfadimidine,0,0,0,0,0,0,sick_check,Healthy
2003,1,dry,South West,,Amprolium,0,1,1,1,0,1,death_log,Salmonellosis
2004,28,rainy,South West,,None,1,1,0,1,0,0,sick_check,Fowl Typhoid
2005,43,dry,South East,14,Tylosin,1,0,1,1,0,0,sick_check,Newcastle Disease
2006,20,rainy,South South,30,Sulfadimidine,1,1,1,1,1,0,sick_check,Newcastle Disease
2007,2,dry,North West,180,None,0,1,1,1,0,0,sick_check,Salmonellosis
2008,1,dry,South South,14,Sulfadimidine,0,1,1,1,0,0,sick_check,Salmonellosis
2009,58,rainy,North East,60,None,0,0,0,0,0,0,sick_check,Healthy
2010,4,rainy,North East,7,None,0,1,1,0,0,0,sick_check,Salmonellosis
2011,4,rainy,South West,30,Amprolium,0,1,1,1,0,6,death_log,Gumboro (IBD)
2012,3,rainy,South South,60,Sulfadimidine,0,1,0,0,0,0,sick_check,Salmonellosis
2013,12,dry,North West,90,Amprolium,0,1,1,1,0,0,sick_check,Fowl Typhoid
2014,40,dry,South West,30,Sulfadimidine,0,1,1,1,0,4,death_log,Fowl Typhoid
2015,73,dry,North East,60,Oxytetracycline,0,0,0,0,0,0,sick_check,Healthy
2016,3,rainy,South South,7,None,0,1,1,0,0,0,sick_check,Salmonellosis
2017,4,rainy,North East,,None,0,1,1,1,0,0,sick_check,Coccidiosis
2018,7,rainy,South East,60,None,1,1,1,1,0,0,sick_check,Coccidiosis
2019,47,rainy,South West,180,Tylosin,0,0,1,1,0,0,sick_check,Fowl Typhoid
2020,15,rainy,South East,7,Sulfadimidine,0,0,0,0,0,0,sick_check,Healthy
2021,0,rainy,North East,,Vitamin_Electrolyte,0,1,1,0,0,0,sick_check,Salmonellosis
2022,18,dry,North West,7,None,1,1,1,1,0,0,sick_check,Newcastle Disease
2023,77,rainy,South South,7,Amprolium,0,0,0,1,0,0,sick_check,Healthy
2024,1,dry,South East,7,Amprolium,0,1,1,1,0,0,sick_check,Salmonellosis
2025,5,rainy,South East,14,Vitamin_Electrolyte,0,1,1,1,0,0,sick_check,Coccidiosis
2026,65,rainy,North Central,30,None,0,1,1,1,1,0,sick_check,Fowl Typhoid
2027,0,dry,South West,90,None,0,0,0,0,0,0,sick_check,Healthy
2028,1,dry,North East,30,None,0,0,1,0,0,0,sick_check,Newcastle Disease
2029,5,rainy,South East,180,None,1,1,1,1,1,0,sick_check,Coccidiosis
2030,27,rainy,South West,14,None,1,0,0,0,0,0,sick_check,Newcastle Disease
2031,3,rainy,South West,180,Tylosin,0,0,1,1,1,4,death_log,Gumboro (IBD)
2032,0,rainy,South East,14,None,0,0,1,1,0,0,sick_check,Salmonellosis
2033,5,rainy,South East,,Vitamin_Electrolyte,1,1,1,1,0,0,sick_check,Gumboro (IBD)
2034,0,rainy,South South,60,Tylosin,0,1,0,0,0,3,death_log,Salmonellosis
2035,6,rainy,South West,,None,0,1,1,0,1,1,death_log,Coccidiosis
2036,27,rainy,South South,,None,0,0,0,0,0,0,sick_check,Healthy
2037,34,rainy,South East,14,Oxytetracycline,0,0,0,0,1,0,sick_check,Healthy
2038,4,rainy,South South,30,Vitamin_Electrolyte,1,1,1,0,0,0,sick_check,Gumboro (IBD)
2039,4,rainy,South South,30,None,0,1,0,1,0,0,sick_check,Gumboro (IBD)
2040,68,rainy,North East,,Sulfadimidine,1,1,1,1,0,0,sick_check,Newcastle Disease
2041,0,rainy,North West,14,None,0,1,1,1,0,0,sick_check,Coccidiosis
2042,3,rainy,South South,30,Tylosin,0,0,1,1,1,0,sick_check,Gumboro (IBD)
2043,13,dry,South East,90,Sulfadimidine,0,0,0,0,0,0,sick_check,Healthy
2044,5,dry,North East,180,Sulfadimidine,0,0,1,0,1,1,death_log,Gumboro (IBD)
2045,59,rainy,North West,90,None,1,0,0,1,1,2,death_log,Newcastle Disease
2046,3,rainy,South South,14,None,0,1,0,0,1,4,death_log,Salmonellosis
2047,7,rainy,North Central,60,None,0,1,0,1,0,0,sick_check,Coccidiosis
2048,1,rainy,South East,14,Amprolium,0,1,0,0,0,1,death_log,Salmonellosis
2049,7,rainy,South South,90,Oxytetracycline,0,1,1,1,0,0,sick_check,Coccidiosis
2050,4,rainy,South East,14,None,1,1,1,0,0,6,death_log,Gumboro (IBD)
2051,52,rainy,South South,90,Sulfadimidine,0,0,1,1,0,0,sick_check,Newcastle Disease
2052,0,rainy,South South,30,Amprolium,0,1,1,0,0,1,death_log,Gumboro (IBD)
2053,39,rainy,North West,,None,1,0,1,0,0,0,sick_check,Newcastle Disease
2054,63,dry,South West,180,Vitamin_Electrolyte,1,1,1,1,0,0,sick_check,Fowl Typhoid
2055,35,dry,South West,14,Tylosin,0,1,1,1,1,0,sick_check,Newcastle Disease
2056,36,rainy,South West,180,Sulfadimidine,0,0,1,1,0,2,death_log,Fowl Typhoid
2057,60,rainy,North East,60,Tylosin,0,0,1,0,1,0,sick_check,Newcastle Disease
2058,3,rainy,South South,60,Amprolium,0,1,1,1,1,1,death_log,Coccidiosis
2059,2,rainy,South South,60,Oxytetracycline,0,1,0,1,0,2,death_log,Salmonellosis
2060,14,rainy,South South,90,None,0,1,0,1,1,0,sick_check,Coccidiosis
2061,1,rainy,South East,90,None,0,1,0,0,0,0,sick_check,Salmonellosis
2062,45,dry,South East,,None,0,0,0,0,0,0,sick_check,Healthy
2063,7,dry,North Central,60,None,0,1,1,0,0,0,sick_check,Coccidiosis
2064,60,dry,South West,60,Vitamin_Electrolyte,1,0,1,1,0,0,sick_check,Newcastle Disease
2065,6,rainy,South South,180,Sulfadimidine,0,1,1,1,0,1,death_log,Coccidiosis
2066,45,dry,South West,14,None,0,1,1,1,1,0,sick_check,Newcastle Disease
2067,1,dry,South South,60,None,0,1,1,0,0,0,sick_check,Salmonellosis
2068,7,rainy,South West,14,Sulfadimidine,1,0,0,1,0,0,sick_check,Coccidiosis
2069,2,dry,North West,14,None,0,0,1,1,0,1,death_log,Salmonellosis
2070,2,dry,North Central,14,Vitamin_Electrolyte,0,1,1,1,0,0,sick_check,Salmonellosis
2071,16,dry,North West,60,None,1,1,0,1,0,0,sick_check,Fowl Typhoid
2072,2,rainy,South East,7,None,0,1,1,1,0,0,sick_check,Salmonellosis
2073,5,dry,North East,90,None,0,1,1,0,0,0,sick_check,Salmonellosis
2074,5,rainy,North West,60,None,1,1,1,1,0,1,death_log,Coccidiosis
2075,0,rainy,South South,14,Amprolium,0,1,1,1,0,0,sick_check,Coccidiosis
2076,4,rainy,South East,7,None,0,1,0,0,0,3,death_log,Salmonellosis
2077,4,rainy,North Central,60,None,0,1,1,0,1,0,sick_check,Coccidiosis
2078,6,rainy,North East,14,None,1,1,0,1,0,0,sick_check,Coccidiosis
2079,24,rainy,North East,30,None,1,0,1,0,1,0,sick_check,Fowl Typhoid
2080,53,dry,South West,60,None,1,1,1,1,1,0,sick_check,Newcastle Disease
2081,38,rainy,South West,7,Amprolium,1,0,0,1,1,0,sick_check,Newcastle Disease
2082,6,rainy,South East,90,None,1,0,0,0,0,7,death_log,Gumboro (IBD)
2083,19,dry,South West,14,Oxytetracycline,1,1,1,1,0,1,death_log,Fowl Typhoid
2084,16,rainy,South East,180,Tylosin,1,0,0,1,0,0,sick_check,Fowl Typhoid
2085,2,rainy,North Central,180,Oxytetracycline,0,0,0,0,0,0,sick_check,Salmonellosis
2086,7,rainy,North East,7,None,0,1,0,1,0,0,sick_check,Coccidiosis
2087,42,dry,North Central,60,None,0,0,0,0,0,0,sick_check,Healthy
2088,20,dry,South East,14,Amprolium,1,0,1,1,1,0,sick_check,Newcastle Disease
2089,4,rainy,North West,180,Vitamin_Electrolyte,1,0,1,0,0,3,death_log,Salmonellosis
2090,46,dry,South West,7,None,1,1,1,1,0,0,sick_check,Fowl Typhoid
2091,7,dry,South East,14,Oxytetracycline,1,1,0,1,0,0,sick_check,Newcastle Disease
2092,51,dry,South West,30,None,0,1,0,1,0,0,sick_check,Healthy
2093,5,rainy,North West,7,Amprolium,0,1,1,0,0,3,death_log,Gumboro (IBD)
2094,7,rainy,South South,180,Oxytetracycline,0,1,1,0,0,1,death_log,Coccidiosis
2095,5,dry,North Central,90,None,0,1,0,0,0,0,sick_check,Gumboro (IBD)
2096,15,dry,South West,30,Sulfadimidine,0,1,1,1,0,1,death_log,Fowl Typhoid
2097,70,dry,South West,30,None,0,0,1,0,0,0,sick_check,Healthy
2098,33,dry,South East,14,None,1,1,1,0,0,0,sick_check,Newcastle Disease
2099,6,rainy,North East,180,None,0,1,1,1,0,0,sick_check,Coccidiosis
2100,3,rainy,North West,90,Sulfadimidine,1,1,1,0,0,0,sick_check,Newcastle Disease
2101,7,dry,South West,14,Vitamin_Electrolyte,0,1,0,1,0,0,sick_check,Coccidiosis
2102,5,rainy,South East,14,None,0,1,0,0,1,1,death_log,Coccidiosis
2103,4,dry,North Central,180,None,0,1,1,1,0,0,sick_check,Salmonellosis
2104,2,dry,South South,90,Oxytetracycline,0,1,1,1,1,0,sick_check,Salmonellosis
2105,21,dry,North East,60,Vitamin_Electrolyte,0,1,1,0,0,0,sick_check,Salmonellosis
2106,6,rainy,South South,14,Oxytetracycline,0,1,1,1,1,0,sick_check,Gumboro (IBD)
2107,14,rainy,South East,,None,0,1,0,1,0,0,sick_check,Salmonellosis
2108,0,dry,South East,90,None,1,0,1,1,0,0,sick_check,Coccidiosis
2109,22,dry,North East,,None,1,1,1,0,0,0,sick_check,Newcastle Disease
2110,21,rainy,North East,,None,0,1,1,1,0,0,sick_check,Coccidiosis
2111,71,dry,North East,30,Sulfadimidine,1,0,1,1,0,0,sick_check,Newcastle Disease
2112,19,dry,South East,60,None,1,1,0,0,0,0,sick_check,Newcastle Disease
2113,3,dry,South East,7,None,0,1,1,0,0,1,death_log,Salmonellosis
2114,76,dry,North West,30,None,1,0,0,0,0,5,death_log,Newcastle Disease
2115,22,rainy,South South,7,None,0,1,1,1,0,0,sick_check,Newcastle Disease
2116,17,rainy,South West,14,None,0,0,1,0,0,0,sick_check,Fowl Typhoid
2117,36,rainy,North West,60,Tylosin,0,1,1,1,0,0,sick_check,Fowl Typhoid
2118,5,rainy,North West,,None,0,1,1,1,1,0,sick_check,Coccidiosis
2119,6,dry,North West,,None,0,1,1,1,0,2,death_log,Newcastle Disease
2120,4,dry,North West,180,Sulfadimidine,0,1,0,0,0,2,death_log,Salmonellosis
2121,4,rainy,North Central,60,None,0,1,1,0,0,0,sick_check,Coccidiosis
2122,3,dry,North West,,None,0,0,1,1,1,1,death_log,Salmonellosis
2123,14,rainy,South East,90,None,1,0,1,0,0,0,sick_check,Healthy
2124,39,dry,North East,30,Sulfadimidine,1,0,0,0,1,0,sick_check,Newcastle Disease
2125,3,dry,South East,60,None,0,1,1,1,0,3,death_log,Salmonellosis
2126,5,rainy,South West,14,Sulfadimidine,0,0,0,1,1,0,sick_check,Coccidiosis
2127,5,rainy,North Central,30,None,0,1,1,1,0,1,death_log,Coccidiosis
2128,8,rainy,North Central,90,Sulfadimidine,0,1,0,1,1,0,sick_check,Coccidiosis
2129,5,dry,South East,,Tylosin,0,0,1,1,0,0,sick_check,Coccidiosis
2130,0,rainy,South West,,None,0,1,1,0,0,1,death_log,Coccidiosis
2131,1,rainy,North Central,180,Sulfadimidine,0,1,1,1,0,0,sick_check,Salmonellosis
2132,68,rainy,North Central,14,Oxytetracycline,1,0,1,1,0,0,sick_check,Newcastle Disease
2133,52,dry,South East,60,None,1,1,1,0,0,0,sick_check,Fowl Typhoid
2134,53,rainy,South West,30,None,1,1,1,1,0,0,sick_check,Newcastle Disease
2135,33,rainy,North East,60,None,1,0,1,1,0,0,sick_check,Fowl Typhoid
2136,5,dry,North West,7,None,1,1,1,1,0,0,sick_check,Coccidiosis
2137,1,dry,North West,7,Vitamin_Electrolyte,1,1,1,0,0,0,sick_check,Salmonellosis
2138,0,dry,South East,7,None,0,0,1,0,0,0,sick_check,Salmonellosis
2139,30,rainy,North East,14,None,0,0,0,0,0,0,sick_check,Healthy
2140,6,rainy,North East,7,Tylosin,0,1,1,0,0,1,death_log,Coccidiosis
2141,6,rainy,South South,,Tylosin,0,0,0,0,0,0,sick_check,Coccidiosis
2142,3,rainy,South East,,None,0,1,1,1,0,0,sick_check,Salmonellosis
2143,31,dry,South South,90,None,1,1,1,1,0,0,sick_check,Fowl Typhoid
2144,5,rainy,South West,90,Tylosin,0,1,1,0,0,0,sick_check,Gumboro (IBD)
2145,3,rainy,North East,,None,0,0,1,0,0,5,death_log,Salmonellosis
2146,11,dry,South South,60,Vitamin_Electrolyte,1,0,0,0,0,0,sick_check,Healthy
2147,4,rainy,South West,14,None,0,1,1,1,0,0,sick_check,Gumboro (IBD)
2148,8,rainy,North East,180,None,0,0,0,1,1,0,sick_check,Coccidiosis
2149,77,dry,North East,30,Vitamin_Electrolyte,0,1,1,1,0,0,sick_check,Fowl Typhoid
2150,15,dry,North East,180,Sulfadimidine,1,1,1,1,1,1,death_log,Newcastle Disease
2151,78,rainy,North West,180,Sulfadimidine,1,1,1,0,0,0,sick_check,Fowl Typhoid
2152,1,rainy,North Central,90,None,0,0,1,0,0,1,death_log,Salmonellosis
2153,8,rainy,North West,,None,0,1,1,0,0,0,sick_check,Coccidiosis
2154,25,dry,South South,180,Tylosin,0,0,0,0,0,0,sick_check,Gumboro (IBD)
2155,67,rainy,North West,14,None,0,0,0,0,0,0,sick_check,Healthy
2156,71,rainy,South West,90,None,0,0,0,0,0,0,sick_check,Healthy
2157,17,rainy,South West,14,None,0,0,0,1,0,0,sick_check,Healthy
2158,0,rainy,North West,7,None,1,1,1,1,0,0,sick_check,Coccidiosis
2159,20,rainy,South East,,Vitamin_Electrolyte,1,1,0,1,1,4,death_log,Newcastle Disease
2160,6,rainy,North Central,14,None,0,1,0,0,1,1,death_log,Coccidiosis
2161,0,rainy,North East,7,None,0,0,0,0,1,0,sick_check,Gumboro (IBD)
2162,40,rainy,North West,60,Tylosin,0,0,0,0,0,0,sick_check,Healthy
2163,62,dry,South East,60,None,1,0,0,1,0,0,sick_check,Newcastle Disease
2164,0,rainy,North Central,14,Amprolium,0,1,1,0,0,0,sick_check,Gumboro (IBD)
2165,5,rainy,North East,,Amprolium,0,0,0,1,0,1,death_log,Gumboro (IBD)
2166,4,rainy,North West,7,None,0,1,0,0,0,4,death_log,Gumboro (IBD)
2167,16,rainy,South South,180,None,1,1,1,1,0,0,sick_check,Fowl Typhoid
2168,5,rainy,South East,,None,1,1,0,0,0,0,sick_check,Gumboro (IBD)
2169,23,rainy,North West,90,None,0,0,0,1,0,0,sick_check,Coccidiosis
2170,23,rainy,North West,14,None,0,1,0,1,0,0,sick_check,Coccidiosis
2171,1,dry,South West,,Sulfadimidine,0,1,1,1,0,0,sick_check,Salmonellosis
2172,0,dry,South West,14,None,0,1,1,1,0,0,sick_check,Salmonellosis
2173,16,rainy,North East,7,None,0,0,1,1,0,0,sick_check,Newcastle Disease
2174,23,dry,South South,14,None,1,0,1,1,0,4,death_log,Newcastle Disease
2175,2,dry,North East,14,None,1,1,1,1,1,0,sick_check,Salmonellosis
2176,6,dry,North West,14,None,0,1,1,0,1,0,sick_check,Gumboro (IBD)
2177,8,rainy,South South,,Sulfadimidine,0,0,1,1,0,0,sick_check,Coccidiosis
2178,2,rainy,South West,14,Tylosin,0,1,0,1,0,0,sick_check,Salmonellosis
2179,1,rainy,North East,30,Amprolium,0,1,1,0,0,0,sick_check,Salmonellosis
2180,4,rainy,North West,90,None,0,0,0,1,0,5,death_log,Gumboro (IBD)
2181,25,rainy,South South,30,Vitamin_Electrolyte,1,1,1,1,0,1,death_log,Fowl Typhoid
2182,4,rainy,North West,30,Tylosin,0,1,1,0,1,0,sick_check,Gumboro (IBD)
2183,3,rainy,North East,,Amprolium,0,1,1,0,0,0,sick_check,Salmonellosis
2184,4,dry,South South,30,None,0,1,1,0,0,0,sick_check,Coccidiosis
2185,36,rainy,North West,7,Tylosin,0,1,1,0,0,0,sick_check,Newcastle Disease
2186,0,dry,North Central,14,None,0,1,1,1,0,0,sick_check,Salmonellosis
2187,41,rainy,North West,30,None,0,1,0,1,1,2,death_log,Newcastle Disease
2188,3,dry,North West,30,None,0,1,1,0,0,0,sick_check,Gumboro (IBD)
2189,47,dry,South West,7,None,0,0,0,0,0,0,sick_check,Healthy
2190,4,rainy,North West,90,Amprolium,0,0,0,1,0,0,sick_check,Coccidiosis
2191,3,rainy,South South,60,None,0,1,1,1,0,0,sick_check,Salmonellosis
2192,3,rainy,North Central,90,None,0,1,0,0,0,0,sick_check,Salmonellosis
2193,3,dry,North West,,None,0,1,0,1,0,1,death_log,Salmonellosis
2194,1,dry,South East,7,Amprolium,0,1,1,0,0,0,sick_check,Salmonellosis
2195,37,dry,South West,,Vitamin_Electrolyte,1,0,0,0,0,0,sick_check,Fowl Typhoid
2196,4,rainy,South South,90,None,0,0,1,1,0,0,sick_check,Salmonellosis
2197,20,dry,North West,7,None,0,1,1,1,0,0,sick_check,Fowl Typhoid
2198,76,dry,South South,180,Amprolium,0,1,0,0,0,0,sick_check,Healthy
2199,4,dry,North West,30,Tylosin,0,1,0,1,0,1,death_log,Gumboro (IBD)
2200,51,dry,South East,30,None,1,0,0,1,0,0,sick_check,Newcastle Disease
2201,20,rainy,South West,14,None,0,1,1,1,0,2,death_log,Salmonellosis
2202,1,dry,South East,60,Sulfadimidine,1,1,1,0,0,0,sick_check,Gumboro (IBD)
2203,16,dry,North Central,,None,0,1,1,0,0,1,death_log,Fowl Typhoid
2204,24,rainy,North Central,14,None,1,0,0,1,1,0,sick_check,Newcastle Disease
2205,0,dry,North Central,,None,1,1,1,1,1,0,sick_check,Gumboro (IBD)
2206,68,rainy,South East,,None,1,0,1,0,0,0,sick_check,Fowl Typhoid
2207,3,dry,North West,180,None,0,0,1,1,0,0,sick_check,Coccidiosis
2208,77,dry,South South,,Sulfadimidine,0,1,0,1,0,0,sick_check,Fowl Typhoid
2209,31,dry,North East,60,None,0,1,1,1,0,0,sick_check,Fowl Typhoid
2210,1,dry,South South,60,None,1,1,0,1,0,4,death_log,Salmonellosis
2211,65,dry,South East,60,Sulfadimidine,1,1,0,0,0,0,sick_check,Fowl Typhoid
2212,0,rainy,South South,180,None,0,0,1,0,0,0,sick_check,Coccidiosis
2213,10,dry,North West,60,Vitamin_Electrolyte,0,0,0,0,0,0,sick_check,Healthy
2214,26,dry,North West,90,Amprolium,1,0,1,1,1,1,death_log,Fowl Typhoid
2215,5,rainy,South East,60,Amprolium,1,1,0,1,0,0,sick_check,Coccidiosis
2216,6,rainy,South South,90,None,0,1,0,0,0,0,sick_check,Coccidiosis
2217,38,rainy,North Central,7,None,1,0,1,1,1,0,sick_check,Fowl Typhoid
2218,1,dry,South East,,Amprolium,0,1,1,0,0,1,death_log,Salmonellosis
2219,6,rainy,North West,14,Amprolium,0,1,0,1,0,0,sick_check,Coccidiosis
2220,57,dry,South East,60,None,0,0,0,0,0,0,sick_check,Healthy
2221,10,rainy,South West,180,Amprolium,0,1,0,1,0,0,sick_check,Fowl Typhoid
2222,4,rainy,North West,30,Sulfadimidine,0,1,1,1,0,0,sick_check,Salmonellosis
2223,4,rainy,North Central,30,Amprolium,0,1,1,1,1,0,sick_check,Coccidiosis
2224,71,dry,North West,14,Oxytetracycline,1,0,1,1,0,0,sick_check,Fowl Typhoid
2225,6,rainy,North East,180,None,0,1,1,1,1,0,sick_check,Coccidiosis
2226,7,rainy,South West,30,Oxytetracycline,0,1,1,0,1,0,sick_check,Coccidiosis
2227,37,rainy,North Central,60,None,1,1,1,1,0,0,sick_check,Fowl Typhoid
2228,29,rainy,North Central,60,Sulfadimidine,1,0,1,0,1,0,sick_check,Newcastle Disease
2229,8,rainy,North West,7,Oxytetracycline,0,1,1,1,0,0,sick_check,Newcastle Disease
2230,6,dry,North Central,7,None,0,0,1,1,0,3,death_log,Gumboro (IBD)
2231,7,rainy,North Central,14,None,1,1,1,0,1,1,death_log,Coccidiosis
2232,12,rainy,South East,7,None,0,1,1,1,0,2,death_log,Newcastle Disease
2233,4,dry,South East,60,None,1,0,1,0,0,0,sick_check,Gumboro (IBD)
2234,10,rainy,North West,,Sulfadimidine,0,1,0,1,0,0,sick_check,Coccidiosis
2235,16,rainy,South East,30,Oxytetracycline,0,1,1,1,0,0,sick_check,Coccidiosis
2236,91,rainy,South East,,Amprolium,1,0,0,0,0,0,sick_check,Fowl Typhoid
2237,70,dry,North Central,30,None,1,0,1,1,1,3,death_log,Newcastle Disease
2238,8,dry,North East,14,Tylosin,0,1,1,1,0,1,death_log,Coccidiosis
2239,4,rainy,North West,14,None,0,0,0,0,0,0,sick_check,Coccidiosis
2240,61,rainy,North West,7,None,0,0,0,0,0,0,sick_check,Healthy
2241,26,rainy,South South,90,None,1,1,0,0,0,0,sick_check,Fowl Typhoid
2242,14,rainy,North East,,None,0,0,1,0,0,5,death_log,Newcastle Disease
2243,67,dry,South East,,Tylosin,0,1,1,0,0,0,sick_check,Fowl Typhoid
2244,4,dry,North West,90,Amprolium,0,1,1,1,0,0,sick_check,Coccidiosis
2245,56,rainy,South South,,Vitamin_Electrolyte,0,0,1,0,0,0,sick_check,Newcastle Disease
2246,39,rainy,North Central,30,None,1,1,0,0,0,0,sick_check,Newcastle Disease
2247,4,rainy,North Central,14,Sulfadimidine,0,1,1,1,0,0,sick_check,Salmonellosis
2248,4,dry,North East,60,Oxytetracycline,0,0,1,0,0,2,death_log,Gumboro (IBD)
2249,0,rainy,North East,14,Oxytetracycline,0,1,1,1,0,0,sick_check,Salmonellosis
2250,4,rainy,North West,180,None,0,0,1,0,1,0,sick_check,Coccidiosis
2251,15,dry,South West,90,Amprolium,0,1,1,1,0,1,death_log,Salmonellosis
2252,8,rainy,North West,,Vitamin_Electrolyte,0,0,1,0,0,0,sick_check,Salmonellosis
2253,21,dry,North Central,90,None,1,0,1,1,0,0,sick_check,Newcastle Disease
2254,50,rainy,North West,180,Vitamin_Electrolyte,0,1,1,0,1,6,death_log,Newcastle Disease
2255,50,rainy,North Central,,Sulfadimidine,0,1,0,1,1,4,death_log,Newcastle Disease
2256,70,rainy,North East,,None,0,1,1,1,1,0,sick_check,Fowl Typhoid
2257,4,dry,North West,,Amprolium,0,0,1,1,0,0,sick_check,Gumboro (IBD)
2258,46,rainy,South South,180,Amprolium,1,1,0,1,0,0,sick_check,Fowl Typhoid
2259,1,dry,South East,,Amprolium,0,1,1,1,0,4,death_log,Salmonellosis
2260,1,rainy,North Central,90,Amprolium,0,0,1,1,1,0,sick_check,Salmonellosis
2261,12,dry,North West,90,None,1,0,0,1,1,2,death_log,Newcastle Disease
2262,3,rainy,South West,60,Tylosin,0,1,0,1,0,0,sick_check,Gumboro (IBD)
2263,66,dry,North West,30,Amprolium,1,1,1,1,0,0,sick_check,Newcastle Disease
2264,0,dry,South East,180,None,0,1,0,0,0,0,sick_check,Gumboro (IBD)
2265,5,rainy,North Central,60,Vitamin_Electrolyte,0,0,1,1,1,0,sick_check,Gumboro (IBD)
2266,8,rainy,South West,180,None,0,1,0,1,1,2,death_log,Coccidiosis
2267,2,dry,North East,7,Sulfadimidine,0,1,1,0,0,0,sick_check,Salmonellosis
2268,6,dry,South East,90,None,1,0,1,1,1,0,sick_check,Newcastle Disease
2269,3,rainy,South West,60,None,0,1,1,0,0,0,sick_check,Salmonellosis
2270,0,dry,North East,7,None,1,1,0,0,1,0,sick_check,Newcastle Disease
2271,5,rainy,North East,7,None,0,1,0,1,0,1,death_log,Coccidiosis
2272,67,rainy,North West,60,None,0,0,1,1,0,5,death_log,Newcastle Disease
2273,57,rainy,North Central,180,Oxytetracycline,1,1,0,0,0,0,sick_check,Newcastle Disease
2274,8,dry,South East,14,Sulfadimidine,1,1,1,0,0,2,death_log,Coccidiosis
2275,3,rainy,North East,60,Amprolium,0,0,1,1,0,1,death_log,Salmonellosis
2276,55,dry,South West,,None,0,0,0,0,0,0,sick_check,Healthy
2277,8,rainy,South West,90,Tylosin,0,1,1,1,0,1,death_log,Coccidiosis
2278,0,rainy,South West,90,None,0,0,1,1,0,1,death_log,Coccidiosis
2279,6,rainy,North Central,90,Amprolium,0,1,1,0,0,0,sick_check,Coccidiosis
2280,1,dry,South South,,None,0,1,1,0,0,1,death_log,Salmonellosis
2281,8,dry,North Central,7,Vitamin_Electrolyte,0,1,1,1,0,0,sick_check,Coccidiosis
2282,6,rainy,South East,90,None,0,0,1,0,0,4,death_log,Gumboro (IBD)
2283,27,rainy,South South,90,Sulfadimidine,0,1,0,0,0,0,sick_check,Fowl Typhoid
2284,3,rainy,North West,7,Tylosin,0,1,1,1,1,1,death_log,Gumboro (IBD)
2285,2,dry,North Central,,None,0,1,1,1,0,4,death_log,Salmonellosis
2286,3,rainy,South West,60,Oxytetracycline,0,1,0,0,0,1,death_log,Coccidiosis
2287,3,rainy,North Central,,Oxytetracycline,1,1,1,1,0,0,sick_check,Salmonellosis
2288,7,rainy,North East,180,Amprolium,0,1,0,0,0,1,death_log,Coccidiosis
2289,4,rainy,South West,14,Sulfadimidine,0,1,1,1,0,0,sick_check,Coccidiosis
2290,3,rainy,South South,,Amprolium,0,1,1,1,0,1,death_log,Salmonellosis
2291,3,rainy,North Central,,None,0,0,1,1,1,0,sick_check,Gumboro (IBD)
2292,8,rainy,South West,30,Sulfadimidine,0,1,1,1,1,1,death_log,Coccidiosis
2293,73,dry,South East,30,None,1,1,1,1,0,0,sick_check,Newcastle Disease
2294,5,rainy,South West,180,Vitamin_Electrolyte,0,1,0,0,0,0,sick_check,Coccidiosis
2295,0,dry,North East,180,None,0,0,1,0,0,0,sick_check,Salmonellosis
2296,7,rainy,South South,,Sulfadimidine,0,1,1,1,1,0,sick_check,Coccidiosis
2297,41,rainy,South East,7,None,0,0,1,1,1,0,sick_check,Fowl Typhoid
2298,21,rainy,South West,7,Oxytetracycline,0,0,1,1,1,0,sick_check,Newcastle Disease
2299,7,rainy,North East,,None,0,0,0,0,1,0,sick_check,Newcastle Disease
2300,2,rainy,North East,90,Oxytetracycline,0,0,1,1,0,3,death_log,Salmonellosis
2301,9,rainy,North West,90,Oxytetracycline,0,0,1,1,1,0,sick_check,Coccidiosis
2302,47,rainy,North East,90,None,0,1,1,0,0,2,death_log,Fowl Typhoid
2303,5,dry,North West,180,Tylosin,0,1,1,0,0,0,sick_check,Gumboro (IBD)
2304,63,dry,South South,7,Tylosin,0,0,0,1,1,0,sick_check,Fowl Typhoid
2305,4,rainy,South East,,Oxytetracycline,0,1,1,0,0,0,sick_check,Coccidiosis
2306,71,rainy,North West,14,None,0,0,0,0,0,0,sick_check,Healthy
2307,50,rainy,South West,7,Sulfadimidine,0,1,0,1,0,0,sick_check,Fowl Typhoid
2308,3,dry,South South,30,None,1,0,0,0,0,0,sick_check,Healthy
2309,74,rainy,South East,180,None,0,1,1,0,0,1,death_log,Fowl Typhoid
2310,59,dry,South East,90,Amprolium,0,1,0,1,0,0,sick_check,Fowl Typhoid
2311,7,rainy,North East,30,Tylosin,1,1,0,1,0,0,sick_check,Coccidiosis
2312,10,rainy,South South,,None,0,1,0,1,0,0,sick_check,Salmonellosis
2313,2,dry,South East,7,None,0,1,0,1,1,0,sick_check,Salmonellosis
2314,14,dry,South East,90,None,0,1,0,0,0,0,sick_check,Healthy
2315,10,dry,South South,90,None,1,0,1,0,0,0,sick_check,Newcastle Disease
2316,6,rainy,South West,,Amprolium,0,1,0,1,0,0,sick_check,Coccidiosis
2317,26,rainy,South South,60,None,1,1,1,0,0,0,sick_check,Coccidiosis
2318,24,dry,South East,7,None,1,0,1,1,1,3,death_log,Newcastle Disease
2319,46,dry,North Central,180,Vitamin_Electrolyte,0,0,1,1,0,0,sick_check,Fowl Typhoid
2320,1,dry,North Central,180,Oxytetracycline,0,0,0,1,0,7,death_log,Salmonellosis
2321,3,rainy,South East,7,None,0,1,0,0,0,0,sick_check,Salmonellosis
2322,1,rainy,North West,30,Sulfadimidine,0,1,1,0,0,0,sick_check,Salmonellosis
2323,59,rainy,South West,30,None,1,0,1,1,1,0,sick_check,Newcastle Disease
2324,41,rainy,South East,14,Amprolium,0,1,1,0,0,0,sick_check,Fowl Typhoid
2325,6,rainy,North West,30,None,0,1,0,1,0,0,sick_check,Coccidiosis
2326,37,dry,South South,60,None,1,0,0,0,1,0,sick_check,Newcastle Disease
2327,8,rainy,South East,180,None,0,1,0,0,1,0,sick_check,Coccidiosis
2328,6,rainy,South West,,Tylosin,0,0,1,1,0,4,death_log,Gumboro (IBD)
2329,5,rainy,South East,14,None,0,0,0,1,1,0,sick_check,Coccidiosis
2330,4,rainy,North Central,,None,1,0,0,1,0,0,sick_check,Salmonellosis
2331,4,rainy,South East,14,Tylosin,0,1,1,0,0,0,sick_check,Coccidiosis
2332,3,rainy,North East,60,Vitamin_Electrolyte,0,1,1,1,0,0,sick_check,Coccidiosis
2333,5,rainy,North West,30,None,1,1,1,0,0,0,sick_check,Gumboro (IBD)
2334,2,dry,North East,14,Sulfadimidine,0,1,1,1,1,0,sick_check,Salmonellosis
2335,39,dry,North Central,180,Amprolium,1,1,1,1,0,0,sick_check,Fowl Typhoid
2336,50,rainy,North Central,90,None,1,1,1,0,0,0,sick_check,Newcastle Disease
2337,47,rainy,North East,7,Amprolium,0,0,0,1,0,0,sick_check,Healthy
2338,71,dry,South South,30,Tylosin,0,1,1,1,0,0,sick_check,Fowl Typhoid
2339,2,dry,South South,14,Oxytetracycline,0,1,0,1,0,0,sick_check,Salmonellosis
2340,26,rainy,North East,60,None,1,1,1,1,0,0,sick_check,Fowl Typhoid
2341,76,dry,South South,90,None,0,0,0,1,0,0,sick_check,Healthy
2342,50,rainy,South East,30,Tylosin,0,1,0,0,0,0,sick_check,Healthy
2343,13,rainy,North East,7,Vitamin_Electrolyte,0,0,0,0,0,0,sick_check,Healthy
2344,63,dry,North East,180,None,1,0,1,1,0,0,sick_check,Fowl Typhoid
2345,1,rainy,North West,90,None,0,1,1,1,0,0,sick_check,Salmonellosis
2346,41,dry,North West,30,Amprolium,0,0,1,1,0,0,sick_check,Newcastle Disease
2347,0,dry,South South,60,Oxytetracycline,0,1,1,0,0,0,sick_check,Salmonellosis
2348,38,rainy,North Central,180,Oxytetracycline,0,1,0,0,0,0,sick_check,Fowl Typhoid
2349,43,rainy,North West,30,None,0,0,0,0,0,0,sick_check,Healthy
2350,24,rainy,North East,180,None,1,1,1,1,1,5,death_log,Newcastle Disease
2351,60,rainy,South East,14,Oxytetracycline,0,0,0,0,0,0,sick_check,Fowl Typhoid
2352,8,rainy,South West,60,None,0,0,1,1,0,0,sick_check,Gumboro (IBD)
2353,78,rainy,South West,60,Tylosin,1,1,0,0,0,3,death_log,Fowl Typhoid
2354,59,rainy,North West,30,None,1,1,1,1,0,0,sick_check,Newcastle Disease
2355,7,rainy,South South,7,Vitamin_Electrolyte,0,0,1,0,0,1,death_log,Coccidiosis
2356,48,dry,South East,60,None,0,0,0,1,0,1,death_log,Fowl Typhoid
2357,5,rainy,North West,90,None,0,1,1,1,0,0,sick_check,Coccidiosis
2358,19,rainy,North East,180,None,0,0,0,0,0,0,sick_check,Healthy
2359,4,dry,South South,90,Oxytetracycline,0,0,1,1,0,3,death_log,Gumboro (IBD)
2360,23,rainy,North East,30,Tylosin,1,1,0,1,0,0,sick_check,Newcastle Disease
2361,68,dry,North Central,90,None,1,0,1,0,0,0,sick_check,Newcastle Disease
2362,5,rainy,North East,60,Vitamin_Electrolyte,1,1,1,1,0,0,sick_check,Coccidiosis
2363,5,dry,South East,30,None,1,0,1,1,0,0,sick_check,Newcastle Disease
2364,8,rainy,North East,,Vitamin_Electrolyte,0,1,1,1,0,1,death_log,Coccidiosis
2365,40,dry,South South,180,None,1,0,0,1,0,0,sick_check,Newcastle Disease
2366,0,rainy,North East,90,None,0,1,1,1,0,0,sick_check,Salmonellosis
2367,69,dry,North Central,90,None,0,0,1,0,0,0,sick_check,Healthy
2368,27,rainy,North West,180,Vitamin_Electrolyte,1,1,1,1,0,4,death_log,Newcastle Disease
2369,72,rainy,South South,30,None,0,1,1,0,0,3,death_log,Fowl Typhoid
2370,0,rainy,North East,14,None,1,1,0,0,1,0,sick_check,Newcastle Disease
2371,3,rainy,North West,60,None,0,1,1,0,0,4,death_log,Salmonellosis
2372,8,rainy,North East,60,Tylosin,0,1,0,1,0,0,sick_check,Salmonellosis
2373,3,dry,North East,,Vitamin_Electrolyte,0,1,1,1,0,1,death_log,Salmonellosis
2374,2,dry,South West,,None,0,0,0,1,0,0,sick_check,Salmonellosis
2375,25,rainy,North West,14,Sulfadimidine,1,1,0,0,0,0,sick_check,Fowl Typhoid
2376,5,rainy,South South,7,Oxytetracycline,0,1,0,1,0,1,death_log,Coccidiosis
2377,27,dry,South South,90,Vitamin_Electrolyte,1,1,1,0,0,0,sick_check,Fowl Typhoid
2378,24,rainy,North East,180,None,1,1,1,0,0,5,death_log,Newcastle Disease
2379,2,rainy,South South,14,Sulfadimidine,0,1,0,0,1,0,sick_check,Coccidiosis
2380,73,rainy,South South,90,None,1,1,0,1,0,1,death_log,Fowl Typhoid
2381,18,rainy,South West,90,None,0,1,1,1,0,3,death_log,Fowl Typhoid
2382,5,dry,South South,180,Amprolium,0,0,1,1,1,3,death_log,Gumboro (IBD)
2383,2,dry,South South,180,None,0,1,1,1,0,0,sick_check,Salmonellosis
2384,20,rainy,North West,180,Tylosin,1,1,1,1,0,1,death_log,Fowl Typhoid
2385,6,rainy,South East,14,Amprolium,0,1,0,0,0,0,sick_check,Coccidiosis
2386,45,dry,North West,180,None,1,0,1,1,0,2,death_log,Fowl Typhoid
2387,3,rainy,North Central,14,Amprolium,0,0,0,1,0,0,sick_check,Coccidiosis
2388,0,rainy,North Central,90,None,0,1,1,0,1,0,sick_check,Coccidiosis
2389,8,dry,North Central,30,None,1,1,1,1,0,1,death_log,Coccidiosis
2390,57,dry,South East,7,Sulfadimidine,1,0,1,1,0,0,sick_check,Fowl Typhoid
2391,1,dry,South West,180,Amprolium,0,0,1,1,0,0,sick_check,Newcastle Disease
2392,3,dry,North Central,30,None,0,1,0,0,0,3,death_log,Salmonellosis
2393,34,dry,North West,180,Tylosin,0,0,0,0,0,0,sick_check,Fowl Typhoid
2394,4,rainy,North East,14,Oxytetracycline,0,1,0,1,0,0,sick_check,Salmonellosis
2395,6,dry,North West,30,None,0,1,1,1,0,0,sick_check,Coccidiosis
2396,4,rainy,North West,60,None,0,1,1,1,0,0,sick_check,Salmonellosis
2397,6,rainy,North East,,None,0,1,0,0,1,0,sick_check,Coccidiosis
2398,61,rainy,South South,180,None,1,1,1,1,0,0,sick_check,Newcastle Disease
2399,6,dry,South South,90,None,1,0,1,0,0,0,sick_check,Gumboro (IBD)
2400,27,rainy,South West,30,Tylosin,1,0,0,1,0,0,sick_check,Healthy
2401,6,rainy,South West,60,Sulfadimidine,1,0,0,0,0,0,sick_check,Coccidiosis
2402,4,dry,North West,60,None,0,1,1,0,0,0,sick_check,Gumboro (IBD)
2403,58,rainy,North East,60,None,1,1,1,0,0,3,death_log,Fowl Typhoid
2404,8,rainy,South West,60,None,0,1,0,1,0,0,sick_check,Coccidiosis
2405,35,rainy,South South,7,None,1,0,0,1,0,0,sick_check,Fowl Typhoid
2406,1,rainy,South West,30,None,0,0,0,0,0,0,sick_check,Salmonellosis
2407,0,dry,South South,,Oxytetracycline,0,1,1,0,0,0,sick_check,Salmonellosis
2408,0,rainy,South South,180,None,0,0,1,0,0,0,sick_check,Coccidiosis
2409,49,dry,South South,180,None,1,1,1,0,0,0,sick_check,Newcastle Disease
2410,49,rainy,North Central,60,None,1,0,1,1,1,1,death_log,Fowl Typhoid
2411,8,rainy,South West,180,Amprolium,1,0,1,1,0,1,death_log,Coccidiosis
2412,26,rainy,South East,60,Oxytetracycline,0,0,0,0,0,0,sick_check,Healthy
2413,5,dry,South West,,Vitamin_Electrolyte,0,1,0,1,0,0,sick_check,Coccidiosis
2414,36,dry,North West,,None,0,0,0,0,0,0,sick_check,Healthy
2415,35,rainy,South East,14,None,1,1,1,0,0,1,death_log,Fowl Typhoid
2416,7,rainy,North East,30,Sulfadimidine,0,1,1,0,0,1,death_log,Coccidiosis
2417,7,rainy,North East,90,Sulfadimidine,0,1,0,0,1,0,sick_check,Coccidiosis
2418,0,dry,South East,60,None,0,0,1,1,0,1,death_log,Gumboro (IBD)
2419,64,dry,North East,14,Amprolium,1,1,1,0,0,0,sick_check,Fowl Typhoid
2420,3,rainy,South East,14,None,0,0,1,0,0,0,sick_check,Coccidiosis
2421,1,rainy,South East,30,Tylosin,0,1,0,0,0,0,sick_check,Coccidiosis
2422,19,dry,North West,90,Tylosin,1,1,1,0,0,0,sick_check,Fowl Typhoid
2423,6,dry,South West,14,None,1,1,1,1,0,0,sick_check,Coccidiosis
2424,73,rainy,North East,60,None,1,1,1,1,1,2,death_log,Fowl Typhoid
2425,54,rainy,North Central,30,None,0,1,1,1,0,0,sick_check,Fowl Typhoid
2426,6,rainy,South East,,Oxytetracycline,0,1,0,1,0,1,death_log,Coccidiosis
2427,19,dry,South East,7,None,1,1,0,0,1,0,sick_check,Newcastle Disease
2428,3,rainy,South West,60,Tylosin,0,1,1,1,0,7,death_log,Salmonellosis
2429,6,rainy,North East,90,Oxytetracycline,1,1,1,0,1,0,sick_check,Newcastle Disease
2430,13,rainy,North East,90,Oxytetracycline,0,0,1,0,0,0,sick_check,Healthy
2431,12,dry,North East,60,Oxytetracycline,1,1,0,0,0,0,sick_check,Newcastle Disease
2432,0,dry,North West,7,None,1,1,1,1,0,0,sick_check,Salmonellosis
2433,9,rainy,North Central,7,Vitamin_Electrolyte,0,1,0,1,0,0,sick_check,Fowl Typhoid
2434,58,rainy,North West,90,Oxytetracycline,1,1,0,0,1,0,sick_check,Newcastle Disease
2435,5,dry,North Central,90,Amprolium,0,0,1,1,0,0,sick_check,Gumboro (IBD)
2436,48,rainy,North Central,7,None,0,0,1,1,0,0,sick_check,Fowl Typhoid
2437,5,rainy,North West,7,Vitamin_Electrolyte,0,1,0,0,0,0,sick_check,Coccidiosis
2438,53,rainy,South South,30,None,1,0,1,0,1,6,death_log,Newcastle Disease
2439,2,rainy,South East,90,None,0,1,1,1,1,0,sick_check,Salmonellosis
2440,11,rainy,South South,180,None,1,0,1,1,1,4,death_log,Newcastle Disease
2441,34,dry,South West,,None,0,0,0,1,0,0,sick_check,Healthy
2442,66,dry,North Central,180,None,1,0,1,1,0,0,sick_check,Newcastle Disease
2443,41,rainy,North Central,,Sulfadimidine,0,1,1,1,1,0,sick_check,Newcastle Disease
2444,55,dry,South West,90,Tylosin,1,1,1,1,1,0,sick_check,Newcastle Disease
2445,17,dry,South East,60,Amprolium,1,0,1,1,1,6,death_log,Newcastle Disease
2446,51,dry,North West,60,Sulfadimidine,0,0,1,1,0,0,sick_check,Fowl Typhoid
2447,21,dry,North Central,180,Oxytetracycline,0,0,0,0,0,0,sick_check,Healthy
2448,4,dry,North West,7,Amprolium,0,1,1,1,1,1,death_log,Salmonellosis
2449,68,rainy,North West,30,None,1,1,1,0,0,3,death_log,Fowl Typhoid
2450,2,rainy,South South,7,None,1,1,0,0,0,0,sick_check,Salmonellosis
2451,35,rainy,South South,60,Tylosin,1,0,1,1,1,0,sick_check,Fowl Typhoid
2452,4,rainy,South West,90,Oxytetracycline,0,0,1,0,1,1,death_log,Coccidiosis
2453,70,dry,South East,30,None,0,0,0,0,0,0,sick_check,Healthy
2454,9,dry,South West,180,None,1,1,0,0,1,0,sick_check,Fowl Typhoid
2455,66,rainy,North Central,60,Oxytetracycline,0,0,0,0,0,0,sick_check,Healthy
2456,45,dry,South West,90,None,0,0,1,1,0,5,death_log,Newcastle Disease
2457,34,rainy,North Central,90,Tylosin,0,0,0,0,1,0,sick_check,Newcastle Disease
2458,3,dry,South South,7,Vitamin_Electrolyte,0,1,1,1,0,0,sick_check,Gumboro (IBD)
2459,5,rainy,South East,180,None,0,0,0,1,0,0,sick_check,Coccidiosis
2460,63,dry,South South,180,None,1,0,1,1,1,0,sick_check,Newcastle Disease
2461,5,rainy,South East,7,None,0,0,1,0,0,0,sick_check,Gumboro (IBD)
2462,66,rainy,North East,180,None,0,1,1,1,0,0,sick_check,Newcastle Disease
2463,71,rainy,South East,,Amprolium,1,0,1,0,0,2,death_log,Fowl Typhoid
2464,43,rainy,North Central,,Amprolium,1,1,0,0,1,7,death_log,Newcastle Disease
2465,7,rainy,North East,7,Tylosin,0,1,0,1,0,0,sick_check,Coccidiosis
2466,6,rainy,North East,60,Tylosin,0,1,0,1,0,0,sick_check,Coccidiosis
2467,3,dry,South West,90,None,0,1,1,1,1,0,sick_check,Salmonellosis
2468,21,rainy,North East,,None,1,0,0,0,0,0,sick_check,Fowl Typhoid
2469,77,dry,South West,60,Oxytetracycline,0,0,1,1,0,1,death_log,Fowl Typhoid
2470,7,dry,North East,60,Amprolium,0,1,1,0,0,4,death_log,Salmonellosis
2471,8,rainy,North West,30,None,1,1,1,1,1,1,death_log,Coccidiosis
2472,7,dry,North West,14,None,0,1,0,1,0,1,death_log,Coccidiosis
2473,65,rainy,South West,30,None,1,1,1,0,1,0,sick_check,Newcastle Disease
2474,4,rainy,South West,90,None,0,1,0,1,0,0,sick_check,Coccidiosis
2475,4,dry,South West,14,Sulfadimidine,0,0,1,0,0,1,death_log,Gumboro (IBD)
2476,1,dry,South East,90,None,0,0,0,1,0,1,death_log,Salmonellosis
2477,5,rainy,North West,14,Oxytetracycline,1,1,0,1,0,0,sick_check,Coccidiosis
2478,67,rainy,South East,,Sulfadimidine,1,1,1,1,0,0,sick_check,Newcastle Disease
2479,62,dry,South East,14,Oxytetracycline,1,1,1,1,0,0,sick_check,Fowl Typhoid
2480,10,rainy,South West,14,Oxytetracycline,1,1,0,0,0,0,sick_check,Fowl Typhoid
2481,3,dry,South South,30,None,0,0,0,1,0,0,sick_check,Salmonellosis
2482,32,rainy,North Central,7,Sulfadimidine,0,1,1,1,0,3,death_log,Fowl Typhoid
2483,2,rainy,South West,90,None,0,1,1,0,0,0,sick_check,Salmonellosis
2484,44,dry,North East,14,None,1,0,0,1,0,4,death_log,Newcastle Disease
2485,29,dry,North East,14,None,0,1,0,1,1,2,death_log,Newcastle Disease
2486,6,rainy,North West,30,None,0,1,1,1,1,0,sick_check,Gumboro (IBD)
2487,45,dry,North Central,14,None,1,1,1,1,0,1,death_log,Fowl Typhoid
2488,59,dry,South West,60,Vitamin_Electrolyte,1,1,1,0,0,0,sick_check,Fowl Typhoid
2489,24,rainy,North Central,180,None,1,0,0,0,0,0,sick_check,Fowl Typhoid
2490,6,rainy,South East,180,None,0,1,1,1,1,0,sick_check,Coccidiosis
2491,4,rainy,South East,7,Oxytetracycline,0,1,1,1,1,1,death_log,Coccidiosis
2492,38,rainy,South South,60,None,1,1,1,1,0,0,sick_check,Fowl Typhoid
2493,67,dry,North West,90,Oxytetracycline,0,0,1,1,1,0,sick_check,Fowl Typhoid
2494,4,rainy,North Central,7,Sulfadimidine,1,1,0,1,0,0,sick_check,Coccidiosis
2495,0,rainy,North East,30,Amprolium,0,1,1,1,0,0,sick_check,Coccidiosis
2496,66,dry,South South,60,Oxytetracycline,0,0,0,1,0,0,sick_check,Healthy
2497,48,dry,North Central,90,Tylosin,1,1,0,1,1,1,death_log,Fowl Typhoid
2498,47,dry,North East,30,Vitamin_Electrolyte,1,1,1,0,0,5,death_log,Newcastle Disease
2499,78,dry,North West,90,None,0,0,0,0,0,0,sick_check,Healthy
2500,0,rainy,North Central,30,None,1,1,0,1,1,0,sick_check,Gumboro (IBD)
2501,26,rainy,North East,,Sulfadimidine,1,0,0,1,0,4,death_log,Newcastle Disease
2502,2,dry,North West,180,None,0,0,1,0,1,2,death_log,Salmonellosis
2503,43,rainy,South South,14,None,1,1,0,1,0,0,sick_check,Newcastle Disease
2504,8,rainy,North Central,90,None,0,1,0,1,0,0,sick_check,Newcastle Disease
2505,57,rainy,South West,90,Vitamin_Electrolyte,0,0,0,0,0,0,sick_check,Healthy
2506,28,rainy,North Central,14,Amprolium,1,1,1,1,0,0,sick_check,Fowl Typhoid
2507,7,rainy,North East,,None,0,1,0,0,1,0,sick_check,Coccidiosis
2508,76,dry,North Central,7,None,1,1,1,1,1,0,sick_check,Newcastle Disease
2509,5,rainy,North East,14,Vitamin_Electrolyte,1,1,0,1,0,0,sick_check,Coccidiosis
2510,8,rainy,South West,,Tylosin,0,1,1,1,0,0,sick_check,Coccidiosis
2511,8,rainy,South South,7,Oxytetracycline,0,0,1,1,0,0,sick_check,Coccidiosis
2512,15,rainy,North East,7,None,1,0,0,1,0,0,sick_check,Newcastle Disease
2513,25,rainy,North East,7,None,1,0,1,1,0,0,sick_check,Fowl Typhoid
2514,66,dry,North Central,180,None,1,1,0,1,0,0,sick_check,Newcastle Disease
2515,60,rainy,South East,90,None,1,1,1,0,0,0,sick_check,Fowl Typhoid
2516,6,rainy,North East,,Sulfadimidine,0,1,0,1,0,0,sick_check,Coccidiosis
2517,0,rainy,North Central,7,None,0,1,1,0,0,0,sick_check,Salmonellosis
2518,35,dry,North East,180,Oxytetracycline,0,1,0,1,0,0,sick_check,Fowl Typhoid
2519,30,rainy,South South,7,None,1,1,0,0,0,0,sick_check,Fowl Typhoid
2520,9,rainy,South South,90,Amprolium,1,1,0,1,0,0,sick_check,Newcastle Disease
2521,22,rainy,North West,,None,0,1,1,0,0,0,sick_check,Newcastle Disease
2522,62,rainy,North East,,None,1,1,1,1,0,0,sick_check,Fowl Typhoid
2523,2,rainy,South West,90,Oxytetracycline,0,0,1,1,0,7,death_log,Salmonellosis
2524,63,dry,North West,180,None,1,1,0,0,1,0,sick_check,Newcastle Disease
2525,0,rainy,South West,14,Amprolium,1,1,1,1,0,1,death_log,Salmonellosis
2526,49,rainy,South East,14,None,1,1,0,1,1,0,sick_check,Newcastle Disease
2527,24,dry,South West,,None,1,1,1,1,1,0,sick_check,Newcastle Disease
2528,3,dry,South South,30,Vitamin_Electrolyte,1,1,1,1,0,0,sick_check,Coccidiosis
2529,14,rainy,South West,90,None,1,0,0,0,0,0,sick_check,Healthy
2530,71,dry,North Central,7,None,1,1,1,1,0,0,sick_check,Newcastle Disease
2531,9,rainy,North West,14,Tylosin,1,0,0,1,1,0,sick_check,Newcastle Disease
2532,4,rainy,North East,7,Vitamin_Electrolyte,1,0,1,1,0,0,sick_check,Newcastle Disease
2533,2,rainy,North Central,180,None,1,0,1,1,0,1,death_log,Salmonellosis
2534,73,dry,North East,14,Amprolium,1,0,1,1,0,1,death_log,Fowl Typhoid
2535,2,rainy,North Central,,None,0,1,0,1,0,0,sick_check,Salmonellosis
2536,4,rainy,South South,14,None,0,1,1,0,0,0,sick_check,Gumboro (IBD)
2537,27,rainy,South East,180,None,0,0,0,1,0,0,sick_check,Fowl Typhoid
2538,27,rainy,South East,30,None,1,0,1,1,0,1,death_log,Fowl Typhoid
2539,64,rainy,North Central,60,None,1,1,0,1,1,0,sick_check,Newcastle Disease
2540,3,rainy,South East,180,Tylosin,0,1,1,1,0,0,sick_check,Coccidiosis
2541,6,rainy,South West,30,Amprolium,0,1,1,0,0,0,sick_check,Coccidiosis
2542,6,rainy,North West,60,None,0,1,1,1,0,2,death_log,Coccidiosis
2543,33,dry,South West,60,None,1,1,1,1,0,0,sick_check,Newcastle Disease
2544,2,rainy,South West,7,Vitamin_Electrolyte,0,1,0,0,0,0,sick_check,Salmonellosis
2545,2,rainy,South South,14,None,0,1,0,0,1,0,sick_check,Salmonellosis
2546,14,dry,North West,7,Tylosin,1,1,1,1,0,0,sick_check,Newcastle Disease
2547,27,dry,North West,14,Tylosin,1,0,0,0,1,0,sick_check,Newcastle Disease
2548,33,rainy,North East,30,None,0,0,0,0,1,0,sick_check,Healthy
2549,31,rainy,South East,30,None,1,1,0,1,0,2,death_log,Newcastle Disease
2550,5,rainy,South West,180,Amprolium,0,0,0,0,0,0,sick_check,Coccidiosis
2551,78,rainy,South South,30,Oxytetracycline,0,0,0,0,0,0,sick_check,Healthy
2552,56,dry,North West,90,None,0,1,1,1,0,0,sick_check,Fowl Typhoid
2553,56,rainy,North East,60,Sulfadimidine,0,0,0,0,0,0,sick_check,Healthy
2554,1,dry,North East,7,None,0,1,0,1,0,0,sick_check,Salmonellosis
2555,6,dry,South East,7,None,0,1,0,0,0,0,sick_check,Coccidiosis
2556,42,dry,South West,14,None,0,0,0,0,1,0,sick_check,Newcastle Disease
2557,45,dry,South South,,None,1,1,1,1,1,0,sick_check,Newcastle Disease
2558,41,dry,North East,180,Oxytetracycline,0,0,0,0,1,0,sick_check,Healthy
2559,4,rainy,South East,30,Oxytetracycline,0,1,1,0,0,0,sick_check,Coccidiosis
2560,0,dry,North West,90,Sulfadimidine,1,1,0,1,0,0,sick_check,Salmonellosis
2561,8,dry,North Central,60,Tylosin,0,1,1,0,0,1,death_log,Coccidiosis
2562,18,rainy,North East,60,None,0,0,0,0,0,0,sick_check,Healthy
2563,4,rainy,South West,7,Sulfadimidine,1,1,0,1,0,0,sick_check,Newcastle Disease
2564,1,dry,South South,14,None,0,1,1,0,0,0,sick_check,Salmonellosis
2565,36,rainy,North Central,,None,1,0,0,1,0,1,death_log,Fowl Typhoid
2566,2,dry,South South,7,Vitamin_Electrolyte,0,0,1,1,0,0,sick_check,Salmonellosis
2567,23,rainy,South South,7,Amprolium,0,0,1,0,0,0,sick_check,Fowl Typhoid
2568,3,dry,North West,180,None,0,0,0,0,0,0,sick_check,Healthy
2569,51,rainy,South South,,None,0,0,0,0,0,0,sick_check,Healthy
2570,24,rainy,South East,180,Oxytetracycline,0,1,0,1,1,0,sick_check,Gumboro (IBD)
2571,2,rainy,North Central,7,None,1,1,1,1,0,0,sick_check,Salmonellosis
2572,20,rainy,North West,90,Amprolium,1,1,1,1,0,0,sick_check,Newcastle Disease
2573,14,dry,North East,14,Tylosin,0,0,1,1,0,4,death_log,Gumboro (IBD)
2574,58,dry,North West,,Sulfadimidine,0,1,0,1,0,0,sick_check,Newcastle Disease
2575,33,rainy,North Central,7,None,1,0,0,0,0,0,sick_check,Fowl Typhoid
2576,50,dry,South West,90,None,0,1,0,0,0,0,sick_check,Healthy
2577,62,rainy,South East,90,None,1,0,1,1,1,0,sick_check,Newcastle Disease
2578,6,rainy,North Central,60,Oxytetracycline,0,1,1,1,1,0,sick_check,Coccidiosis
2579,34,rainy,North East,7,None,1,1,1,0,1,0,sick_check,Fowl Typhoid
2580,4,rainy,North East,60,None,0,1,1,1,0,0,sick_check,Salmonellosis
2581,3,dry,South West,180,Vitamin_Electrolyte,0,1,1,1,1,1,death_log,Coccidiosis
2582,3,dry,North East,7,None,1,1,1,1,0,1,death_log,Fowl Typhoid
2583,12,rainy,North East,,None,1,0,0,1,0,0,sick_check,Fowl Typhoid
2584,4,rainy,South West,30,None,1,1,1,1,0,0,sick_check,Newcastle Disease
2585,48,dry,North West,14,Tylosin,1,1,1,1,1,7,death_log,Newcastle Disease
2586,11,dry,North West,14,Vitamin_Electrolyte,1,0,1,1,0,0,sick_check,Newcastle Disease
2587,5,rainy,South South,180,Amprolium,0,1,1,1,0,0,sick_check,Coccidiosis
2588,27,dry,North Central,60,None,0,0,0,1,0,0,sick_check,Healthy
2589,6,rainy,South East,,Tylosin,0,1,0,1,0,1,death_log,Coccidiosis
2590,53,dry,North East,180,None,1,0,1,0,0,0,sick_check,Fowl Typhoid
2591,4,dry,North West,7,Vitamin_Electrolyte,0,0,1,0,0,0,sick_check,Salmonellosis
2592,3,dry,North West,90,Oxytetracycline,0,1,1,0,0,0,sick_check,Salmonellosis
2593,47,rainy,South West,60,None,0,0,1,1,0,1,death_log,Fowl Typhoid
2594,20,dry,North Central,90,None,0,0,1,0,0,1,death_log,Newcastle Disease
2595,1,rainy,North West,30,None,0,1,1,0,0,0,sick_check,Salmonellosis
2596,2,dry,North West,180,Tylosin,0,1,0,1,0,0,sick_check,Salmonellosis
2597,4,dry,South West,14,Sulfadimidine,0,1,1,1,0,4,death_log,Gumboro (IBD)
2598,34,dry,South East,14,Amprolium,1,1,1,1,0,0,sick_check,Fowl Typhoid
2599,6,rainy,North Central,60,None,1,1,1,1,0,0,sick_check,Coccidiosis
2600,55,rainy,North East,90,None,0,0,0,0,0,0,sick_check,Healthy
2601,8,dry,South West,7,None,0,0,1,1,0,1,death_log,Fowl Typhoid
2602,55,dry,North East,7,Vitamin_Electrolyte,1,1,1,0,0,5,death_log,Fowl Typhoid
2603,0,dry,North Central,60,None,0,0,0,1,0,0,sick_check,Gumboro (IBD)
2604,62,dry,South West,180,Vitamin_Electrolyte,0,1,0,1,1,1,death_log,Newcastle Disease
2605,20,dry,South East,,None,0,1,1,1,0,0,sick_check,Gumboro (IBD)
2606,0,rainy,South South,,None,0,1,0,0,0,1,death_log,Coccidiosis
2607,2,dry,South South,60,None,0,0,0,1,0,1,death_log,Salmonellosis
2608,59,dry,South West,180,Tylosin,0,1,1,0,1,2,death_log,Fowl Typhoid
2609,16,rainy,South West,7,Oxytetracycline,0,1,1,1,0,0,sick_check,Coccidiosis
2610,1,rainy,South South,90,None,1,1,1,1,0,0,sick_check,Salmonellosis
2611,6,rainy,North West,7,Vitamin_Electrolyte,0,1,1,1,0,0,sick_check,Coccidiosis
2612,43,rainy,South South,14,Sulfadimidine,1,1,1,1,0,1,death_log,Fowl Typhoid
2613,16,dry,North West,7,Tylosin,0,0,0,1,0,0,sick_check,Healthy
2614,67,dry,North East,60,None,1,0,1,1,1,3,death_log,Newcastle Disease
2615,56,dry,South East,60,Vitamin_Electrolyte,0,1,0,1,1,0,sick_check,Fowl Typhoid
2616,0,dry,South South,30,None,0,0,1,0,0,0,sick_check,Salmonellosis
2617,38,rainy,North West,60,Oxytetracycline,1,1,1,1,0,0,sick_check,Newcastle Disease
2618,22,dry,South West,,Oxytetracycline,0,0,1,0,1,4,death_log,Newcastle Disease
2619,62,dry,North West,60,None,1,0,0,1,0,0,sick_check,Fowl Typhoid
2620,1,dry,South South,90,Tylosin,0,1,1,0,0,0,sick_check,Salmonellosis
2621,6,rainy,South South,7,None,0,1,1,0,1,1,death_log,Coccidiosis
2622,7,rainy,North East,30,Sulfadimidine,0,1,1,1,0,0,sick_check,Coccidiosis
2623,7,dry,South South,180,None,0,1,0,1,0,1,death_log,Coccidiosis
2624,7,dry,South West,7,Oxytetracycline,0,1,1,0,0,0,sick_check,Newcastle Disease
2625,7,dry,North West,60,Sulfadimidine,1,1,0,1,1,3,death_log,Newcastle Disease
2626,18,rainy,North East,,None,0,1,1,1,1,0,sick_check,Newcastle Disease
2627,27,rainy,North West,60,None,0,1,1,0,0,0,sick_check,Fowl Typhoid
2628,6,rainy,South West,60,None,0,1,0,0,0,2,death_log,Coccidiosis
2629,58,rainy,North West,60,None,0,1,0,0,0,0,sick_check,Healthy
2630,5,rainy,North West,30,None,0,0,1,1,0,0,sick_check,Gumboro (IBD)
2631,4,dry,North West,30,Amprolium,0,1,1,1,0,0,sick_check,Coccidiosis
2632,64,dry,North West,,Tylosin,1,1,1,1,0,0,sick_check,Fowl Typhoid
2633,0,rainy,South East,180,None,0,0,1,1,0,3,death_log,Gumboro (IBD)
2634,1,rainy,North West,180,Sulfadimidine,0,1,0,1,1,0,sick_check,Salmonellosis
2635,58,rainy,North Central,60,None,0,1,1,0,0,0,sick_check,Fowl Typhoid
2636,6,dry,North Central,30,None,1,1,1,0,0,0,sick_check,Newcastle Disease
2637,16,dry,South East,90,None,1,1,0,1,0,1,death_log,Fowl Typhoid
2638,29,rainy,South East,7,Vitamin_Electrolyte,1,1,1,1,1,1,death_log,Newcastle Disease
2639,55,dry,South South,60,None,1,0,0,0,1,2,death_log,Newcastle Disease
2640,26,rainy,North Central,14,None,1,1,1,0,0,0,sick_check,Fowl Typhoid
2641,8,rainy,South East,14,None,0,1,1,1,0,0,sick_check,Coccidiosis
2642,72,dry,South West,14,None,0,0,0,1,0,0,sick_check,Healthy
2643,6,dry,South East,,None,0,1,1,1,1,1,death_log,Gumboro (IBD)
2644,53,dry,North East,30,Sulfadimidine,1,1,1,1,0,0,sick_check,Fowl Typhoid
2645,3,rainy,South South,90,Oxytetracycline,1,1,1,0,0,0,sick_check,Salmonellosis
2646,7,dry,South West,14,Vitamin_Electrolyte,1,1,1,1,0,0,sick_check,Coccidiosis
2647,36,dry,North East,180,None,0,0,0,0,0,0,sick_check,Healthy
2648,63,rainy,South East,90,None,0,0,0,0,0,0,sick_check,Healthy
2649,46,dry,South West,60,None,1,0,1,0,1,0,sick_check,Newcastle Disease
2650,19,rainy,South West,90,None,0,0,0,0,0,0,sick_check,Healthy
2651,3,dry,South West,,Sulfadimidine,1,1,1,0,0,0,sick_check,Salmonellosis
2652,3,dry,South West,60,Vitamin_Electrolyte,0,1,1,1,0,0,sick_check,Gumboro (IBD)
2653,0,rainy,South East,14,None,0,1,0,1,0,1,death_log,Coccidiosis
2654,38,dry,North Central,30,Tylosin,1,0,1,1,0,2,death_log,Newcastle Disease
2655,6,rainy,North Central,30,Vitamin_Electrolyte,0,1,0,1,1,0,sick_check,Coccidiosis
2656,3,rainy,North West,7,Oxytetracycline,0,1,0,0,1,0,sick_check,Coccidiosis
2657,72,dry,North West,90,None,1,1,1,1,0,0,sick_check,Fowl Typhoid
2658,5,dry,North East,,None,0,1,1,0,1,0,sick_check,Gumboro (IBD)
2659,5,rainy,North West,7,Amprolium,0,0,1,1,0,3,death_log,Gumboro (IBD)
2660,11,dry,North Central,30,Tylosin,0,1,1,1,0,0,sick_check,Gumboro (IBD)
2661,0,rainy,North East,60,None,0,0,1,0,0,1,death_log,Salmonellosis
2662,44,dry,North Central,60,None,1,0,1,1,1,0,sick_check,Newcastle Disease
2663,5,dry,North Central,7,Oxytetracycline,0,1,1,1,0,0,sick_check,Gumboro (IBD)
2664,6,dry,North Central,14,None,1,0,1,1,0,0,sick_check,Newcastle Disease
2665,11,rainy,South West,14,Amprolium,1,1,1,1,0,0,sick_check,Fowl Typhoid
2666,4,rainy,North Central,90,Vitamin_Electrolyte,0,1,0,1,0,0,sick_check,Coccidiosis
2667,37,dry,North East,180,None,0,1,1,1,1,2,death_log,Fowl Typhoid
2668,63,rainy,South West,30,Sulfadimidine,1,0,1,0,0,0,sick_check,Fowl Typhoid
2669,50,rainy,South West,,None,0,1,1,1,0,3,death_log,Newcastle Disease
2670,43,rainy,South East,90,None,0,1,1,0,0,0,sick_check,Fowl Typhoid
2671,1,dry,North Central,,None,0,1,0,0,0,0,sick_check,Salmonellosis
2672,7,rainy,South South,,None,0,1,0,0,1,0,sick_check,Coccidiosis
2673,47,dry,South East,,None,1,0,1,0,0,0,sick_check,Newcastle Disease
2674,3,rainy,South East,14,None,0,1,0,1,0,0,sick_check,Salmonellosis
2675,2,rainy,South East,90,Sulfadimidine,0,1,1,0,0,2,death_log,Salmonellosis
2676,38,dry,North West,,None,1,1,1,0,0,0,sick_check,Fowl Typhoid
2677,2,rainy,North West,30,None,0,1,0,1,0,1,death_log,Salmonellosis
2678,4,rainy,North West,90,None,0,1,1,1,0,6,death_log,Salmonellosis
2679,50,rainy,South South,14,None,1,1,0,1,1,0,sick_check,Fowl Typhoid
2680,57,rainy,South West,90,Sulfadimidine,0,0,0,1,0,0,sick_check,Fowl Typhoid
2681,68,dry,North Central,90,Vitamin_Electrolyte,1,0,1,0,0,0,sick_check,Fowl Typhoid
2682,5,dry,South South,,Vitamin_Electrolyte,0,1,1,1,0,2,death_log,Gumboro (IBD)
2683,77,dry,North Central,90,Vitamin_Electrolyte,1,1,1,1,0,0,sick_check,Fowl Typhoid
2684,45,dry,South East,30,Amprolium,1,1,0,1,0,0,sick_check,Newcastle Disease
2685,3,rainy,South South,,Sulfadimidine,0,1,1,1,0,4,death_log,Salmonellosis
2686,4,dry,North East,60,Sulfadimidine,0,0,0,0,0,0,sick_check,Salmonellosis
2687,0,rainy,North Central,,Vitamin_Electrolyte,0,0,0,0,0,0,sick_check,Coccidiosis
2688,7,dry,North East,60,None,0,0,0,0,0,0,sick_check,Healthy
2689,44,rainy,North Central,90,Sulfadimidine,0,0,0,0,0,0,sick_check,Healthy
2690,25,dry,North West,180,Amprolium,1,1,0,1,1,0,sick_check,Newcastle Disease
2691,6,dry,North Central,7,Tylosin,1,1,1,0,0,3,death_log,Gumboro (IBD)
2692,23,dry,North West,30,Oxytetracycline,0,1,1,1,0,2,death_log,Fowl Typhoid
2693,57,rainy,South West,,Sulfadimidine,0,0,0,0,0,0,sick_check,Healthy
2694,37,rainy,South West,90,Sulfadimidine,0,1,1,0,0,0,sick_check,Fowl Typhoid
2695,5,rainy,North West,14,Oxytetracycline,0,1,0,1,0,0,sick_check,Coccidiosis
2696,4,rainy,North Central,180,Sulfadimidine,0,1,1,0,0,0,sick_check,Salmonellosis
2697,20,rainy,South South,60,Oxytetracycline,0,0,1,0,1,2,death_log,Fowl Typhoid
2698,54,rainy,South South,90,None,1,0,1,0,0,4,death_log,Newcastle Disease
2699,13,rainy,South South,30,Tylosin,1,1,0,1,0,0,sick_check,Newcastle Disease
2700,20,rainy,North West,7,Oxytetracycline,1,1,1,1,1,0,sick_check,Newcastle Disease
2701,6,rainy,South West,7,Sulfadimidine,0,1,1,1,0,0,sick_check,Coccidiosis
2702,39,rainy,North Central,180,None,1,1,1,1,0,0,sick_check,Newcastle Disease
2703,3,dry,South South,7,None,0,1,1,1,0,0,sick_check,Salmonellosis
2704,43,rainy,South South,30,None,1,1,0,0,0,4,death_log,Newcastle Disease
2705,49,dry,South East,,Amprolium,0,0,1,0,0,0,sick_check,Fowl Typhoid
2706,0,dry,South East,90,Vitamin_Electrolyte,0,1,1,0,0,0,sick_check,Salmonellosis
2707,45,dry,South South,,Oxytetracycline,1,1,1,0,1,0,sick_check,Fowl Typhoid
2708,30,dry,South West,30,Vitamin_Electrolyte,1,0,1,1,0,0,sick_check,Newcastle Disease
2709,23,rainy,North East,,None,0,1,0,1,0,0,sick_check,Newcastle Disease
2710,31,rainy,South South,14,Oxytetracycline,1,1,1,1,0,0,sick_check,Newcastle Disease
2711,3,rainy,North Central,7,Sulfadimidine,0,1,1,0,0,0,sick_check,Gumboro (IBD)
2712,4,dry,South East,7,None,0,0,1,0,0,6,death_log,Gumboro (IBD)
2713,1,rainy,North West,90,None,1,1,0,1,1,0,sick_check,Newcastle Disease
2714,4,rainy,South West,180,Sulfadimidine,1,1,1,1,0,0,sick_check,Coccidiosis
2715,15,rainy,South South,7,None,0,1,0,1,0,0,sick_check,Fowl Typhoid
2716,42,rainy,North West,30,Amprolium,1,0,1,1,1,1,death_log,Newcastle Disease
2717,0,rainy,South South,60,Oxytetracycline,0,0,1,0,0,3,death_log,Salmonellosis
2718,77,rainy,South South,30,None,1,1,1,0,0,0,sick_check,Newcastle Disease
2719,23,rainy,North Central,60,None,0,1,0,1,1,3,death_log,Salmonellosis
2720,25,dry,South South,30,Oxytetracycline,0,1,0,0,0,0,sick_check,Healthy
2721,29,rainy,North West,14,None,1,0,1,0,1,0,sick_check,Healthy
2722,3,rainy,South West,60,None,0,1,0,0,0,0,sick_check,Coccidiosis
2723,1,rainy,South East,60,Tylosin,0,1,1,1,0,1,death_log,Salmonellosis
2724,68,dry,South West,180,Vitamin_Electrolyte,1,0,1,1,1,0,sick_check,Newcastle Disease
2725,6,rainy,North Central,180,Vitamin_Electrolyte,0,1,0,1,0,0,sick_check,Coccidiosis
2726,40,dry,North Central,90,None,0,1,0,1,0,3,death_log,Newcastle Disease
2727,8,rainy,South South,60,None,1,1,1,0,0,0,sick_check,Coccidiosis
2728,4,dry,North West,90,Tylosin,0,0,0,1,0,0,sick_check,Salmonellosis
2729,0,rainy,South South,90,Amprolium,0,1,0,0,0,0,sick_check,Salmonellosis
2730,3,rainy,South East,30,Sulfadimidine,0,1,1,1,0,0,sick_check,Coccidiosis
2731,2,rainy,South South,14,Amprolium,0,1,0,0,0,0,sick_check,Salmonellosis
2732,6,rainy,South East,90,Sulfadimidine,0,1,1,0,0,1,death_log,Coccidiosis
2733,4,rainy,North East,90,None,0,1,0,1,0,0,sick_check,Coccidiosis
2734,57,rainy,South South,14,Oxytetracycline,1,1,0,0,0,0,sick_check,Fowl Typhoid
2735,45,rainy,South East,180,None,1,1,1,0,0,0,sick_check,Fowl Typhoid
2736,38,rainy,North Central,7,None,0,1,1,1,1,0,sick_check,Newcastle Disease
2737,5,rainy,North Central,14,None,0,1,1,1,0,1,death_log,Coccidiosis
2738,53,rainy,South West,60,None,0,1,1,0,0,4,death_log,Newcastle Disease
2739,2,rainy,South West,7,None,0,0,1,1,0,2,death_log,Salmonellosis
2740,27,dry,South South,180,None,1,0,1,1,1,0,sick_check,Newcastle Disease
2741,69,dry,South East,,Oxytetracycline,0,0,0,0,0,0,sick_check,Newcastle Disease
2742,3,rainy,North East,180,None,1,1,1,0,0,2,death_log,Salmonellosis
2743,8,rainy,North West,180,None,0,1,0,0,0,2,death_log,Coccidiosis
2744,29,rainy,North West,90,None,1,1,1,1,0,0,sick_check,Newcastle Disease
2745,4,rainy,North Central,90,None,0,1,1,0,0,0,sick_check,Salmonellosis
2746,57,rainy,North East,7,Amprolium,0,1,1,1,0,0,sick_check,Fowl Typhoid
2747,0,dry,North East,180,Tylosin,0,1,1,1,0,0,sick_check,Salmonellosis
2748,31,rainy,North East,90,Sulfadimidine,1,1,1,0,0,3,death_log,Fowl Typhoid
2749,3,rainy,North East,90,None,1,1,1,0,0,0,sick_check,Salmonellosis
2750,4,rainy,North West,180,None,0,1,1,0,1,4,death_log,Coccidiosis
2751,61,dry,South West,7,None,0,0,0,0,0,0,sick_check,Healthy
2752,45,rainy,North Central,90,None,1,1,1,1,1,5,death_log,Newcastle Disease
2753,16,rainy,North West,180,Tylosin,1,0,1,1,0,0,sick_check,Fowl Typhoid
2754,28,dry,North East,180,Vitamin_Electrolyte,1,1,1,1,1,4,death_log,Newcastle Disease
2755,69,rainy,South East,90,Vitamin_Electrolyte,1,1,1,1,0,0,sick_check,Fowl Typhoid
2756,21,dry,North West,30,Oxytetracycline,0,0,1,1,0,0,sick_check,Fowl Typhoid
2757,35,rainy,South South,14,None,0,0,0,0,0,0,sick_check,Coccidiosis
2758,59,dry,North Central,7,None,1,1,0,1,0,0,sick_check,Newcastle Disease
2759,3,rainy,South East,90,None,0,0,1,0,1,3,death_log,Salmonellosis
2760,4,rainy,South East,,Sulfadimidine,0,1,1,1,0,1,death_log,Gumboro (IBD)
2761,48,dry,South South,7,None,0,1,1,1,0,0,sick_check,Fowl Typhoid
2762,1,dry,North East,90,Amprolium,0,0,1,0,0,1,death_log,Salmonellosis
2763,5,dry,North West,14,Vitamin_Electrolyte,0,0,0,1,0,0,sick_check,Gumboro (IBD)
2764,71,rainy,North West,60,Sulfadimidine,0,0,0,0,0,0,sick_check,Healthy
2765,4,rainy,North Central,90,None,0,1,1,0,0,0,sick_check,Coccidiosis
2766,55,rainy,South South,180,Vitamin_Electrolyte,1,1,1,0,0,0,sick_check,Fowl Typhoid
2767,0,dry,South South,7,None,1,0,1,0,0,3,death_log,Newcastle Disease
2768,7,rainy,South South,30,None,0,1,1,0,0,0,sick_check,Coccidiosis
2769,25,dry,North Central,,Sulfadimidine,1,1,0,1,0,0,sick_check,Fowl Typhoid
2770,6,rainy,South West,90,Sulfadimidine,0,1,1,1,0,0,sick_check,Coccidiosis
2771,13,rainy,South West,14,None,1,0,1,1,0,0,sick_check,Fowl Typhoid
2772,1,rainy,South West,30,None,0,1,0,0,0,0,sick_check,Salmonellosis
2773,4,rainy,North Central,30,Amprolium,0,1,1,0,0,2,death_log,Salmonellosis
2774,48,rainy,North Central,60,Oxytetracycline,1,0,1,1,1,0,sick_check,Newcastle Disease
2775,47,dry,South West,30,None,1,1,1,1,0,0,sick_check,Newcastle Disease
2776,7,rainy,South South,7,Tylosin,0,0,1,1,0,0,sick_check,Coccidiosis
2777,5,rainy,South West,,Sulfadimidine,0,0,0,1,1,0,sick_check,Gumboro (IBD)
2778,46,rainy,South West,30,None,0,1,0,1,0,1,death_log,Fowl Typhoid
2779,20,dry,North East,180,None,0,1,0,1,0,0,sick_check,Fowl Typhoid
2780,39,dry,North Central,90,Tylosin,1,1,1,0,0,0,sick_check,Fowl Typhoid
2781,46,dry,North Central,7,Oxytetracycline,1,1,1,1,0,1,death_log,Newcastle Disease
2782,60,rainy,North East,90,None,0,0,0,0,0,0,sick_check,Healthy
2783,63,rainy,North West,180,Amprolium,1,1,1,1,0,4,death_log,Newcastle Disease
2784,6,rainy,North East,,Vitamin_Electrolyte,0,0,1,0,1,1,death_log,Coccidiosis
2785,25,dry,North Central,180,Tylosin,1,0,1,1,1,0,sick_check,Newcastle Disease
2786,51,dry,North East,180,None,1,0,0,1,0,0,sick_check,Newcastle Disease
2787,5,rainy,North Central,30,None,0,1,1,1,0,1,death_log,Gumboro (IBD)
2788,57,rainy,North Central,30,None,1,0,1,0,0,0,sick_check,Newcastle Disease
2789,37,rainy,South East,180,Tylosin,1,0,1,1,0,0,sick_check,Fowl Typhoid
2790,10,dry,North Central,180,Amprolium,0,0,1,1,0,0,sick_check,Gumboro (IBD)
2791,6,dry,North Central,60,None,0,1,1,1,1,0,sick_check,Coccidiosis
2792,2,rainy,South South,14,Sulfadimidine,0,0,0,0,0,0,sick_check,Salmonellosis
2793,58,rainy,South East,14,Oxytetracycline,0,1,0,1,1,0,sick_check,Newcastle Disease
2794,4,dry,North Central,,Vitamin_Electrolyte,0,1,1,0,0,0,sick_check,Gumboro (IBD)
2795,33,dry,North East,30,None,1,0,0,0,0,0,sick_check,Healthy
2796,56,rainy,South South,180,Amprolium,0,1,1,1,0,0,sick_check,Fowl Typhoid
2797,3,rainy,South South,180,Amprolium,0,0,1,1,0,3,death_log,Gumboro (IBD)
2798,4,dry,South West,,None,0,1,1,1,0,4,death_log,Gumboro (IBD)
2799,33,rainy,North East,,Tylosin,0,0,0,0,1,0,sick_check,Newcastle Disease
2800,7,rainy,North Central,30,None,0,1,0,0,0,0,sick_check,Coccidiosis
2801,0,dry,North Central,90,Amprolium,0,1,1,0,0,0,sick_check,Salmonellosis
2802,27,rainy,North East,14,Amprolium,1,1,0,1,0,0,sick_check,Newcastle Disease
2803,5,dry,North Central,,None,0,0,1,1,1,0,sick_check,Gumboro (IBD)
2804,13,rainy,North Central,,Tylosin,1,1,1,0,0,2,death_log,Coccidiosis
2805,4,rainy,South East,30,Oxytetracycline,1,0,0,0,1,0,sick_check,Coccidiosis
2806,45,dry,South South,30,Sulfadimidine,1,1,0,1,0,0,sick_check,Newcastle Disease
2807,13,rainy,North West,90,Oxytetracycline,1,0,1,1,1,0,sick_check,Fowl Typhoid
2808,7,rainy,North Central,,None,0,0,0,0,0,0,sick_check,Healthy
2809,64,dry,South South,,None,1,0,1,0,0,0,sick_check,Newcastle Disease
2810,7,rainy,North West,90,None,0,1,1,0,0,0,sick_check,Salmonellosis
2811,59,rainy,North Central,7,None,1,1,1,0,0,4,death_log,Fowl Typhoid
2812,29,rainy,North West,60,None,1,0,1,0,1,0,sick_check,Fowl Typhoid
2813,7,rainy,South East,180,Sulfadimidine,1,1,0,0,0,0,sick_check,Coccidiosis
2814,3,rainy,North West,90,Amprolium,0,1,1,1,0,0,sick_check,Coccidiosis
2815,35,rainy,North West,90,None,1,0,1,0,1,0,sick_check,Newcastle Disease
2816,12,dry,North Central,30,Vitamin_Electrolyte,1,1,0,0,0,3,death_log,Newcastle Disease
2817,38,dry,North East,14,Sulfadimidine,0,0,0,1,0,0,sick_check,Newcastle Disease
2818,4,rainy,North West,30,Vitamin_Electrolyte,0,1,1,1,0,0,sick_check,Coccidiosis
2819,2,rainy,South East,60,Sulfadimidine,0,0,1,1,0,0,sick_check,Salmonellosis
2820,14,rainy,North East,30,Sulfadimidine,1,1,1,1,0,0,sick_check,Newcastle Disease
2821,54,dry,North Central,90,Amprolium,1,1,0,1,0,0,sick_check,Fowl Typhoid
2822,39,rainy,South West,180,None,0,1,1,1,0,1,death_log,Fowl Typhoid
2823,67,dry,North West,90,None,1,1,0,1,0,5,death_log,Newcastle Disease
2824,0,rainy,South East,180,Oxytetracycline,0,0,1,1,1,0,sick_check,Salmonellosis
2825,6,rainy,North Central,7,Sulfadimidine,0,1,1,0,0,0,sick_check,Coccidiosis
2826,11,dry,North East,60,None,1,1,0,1,1,0,sick_check,Newcastle Disease
2827,67,rainy,South East,180,Tylosin,0,0,0,0,0,0,sick_check,Healthy
2828,7,rainy,North East,14,Vitamin_Electrolyte,0,1,0,1,0,0,sick_check,Coccidiosis
2829,8,rainy,South West,,Amprolium,0,1,1,0,0,0,sick_check,Coccidiosis
2830,0,rainy,North East,30,Sulfadimidine,0,1,1,1,0,0,sick_check,Salmonellosis
2831,57,rainy,North East,7,Sulfadimidine,1,0,0,0,0,0,sick_check,Healthy
2832,77,rainy,North Central,30,None,1,1,1,1,1,0,sick_check,Newcastle Disease
2833,7,rainy,South West,90,None,0,1,1,1,0,0,sick_check,Coccidiosis
2834,77,dry,North East,60,None,0,0,1,1,0,0,sick_check,Fowl Typhoid
2835,41,rainy,South South,90,Oxytetracycline,1,1,1,1,0,0,sick_check,Fowl Typhoid
2836,46,rainy,North Central,180,Oxytetracycline,1,0,1,1,0,0,sick_check,Fowl Typhoid
2837,6,rainy,North West,180,None,0,1,1,0,0,0,sick_check,Gumboro (IBD)
2838,23,rainy,North West,7,Tylosin,1,1,0,1,1,4,death_log,Newcastle Disease
2839,3,dry,South East,180,None,0,0,0,1,0,1,death_log,Salmonellosis
2840,53,dry,South East,60,None,1,0,1,1,0,0,sick_check,Newcastle Disease
2841,47,rainy,South West,60,None,0,0,1,1,1,1,death_log,Fowl Typhoid
2842,72,dry,North East,14,None,0,1,1,0,0,0,sick_check,Fowl Typhoid
2843,65,dry,North Central,180,None,1,1,0,1,1,0,sick_check,Newcastle Disease
2844,6,rainy,South East,30,Tylosin,0,0,1,1,0,0,sick_check,Coccidiosis
2845,36,dry,South West,14,None,0,0,0,0,0,0,sick_check,Healthy
2846,7,rainy,North Central,14,None,0,0,0,0,0,1,death_log,Coccidiosis
2847,19,dry,North East,180,Sulfadimidine,0,0,1,1,0,0,sick_check,Newcastle Disease
2848,11,rainy,North West,,Tylosin,1,1,1,1,0,0,sick_check,Fowl Typhoid
2849,47,dry,South West,60,Oxytetracycline,1,0,1,1,0,0,sick_check,Newcastle Disease
2850,11,rainy,South West,7,Sulfadimidine,0,1,0,1,1,1,death_log,Coccidiosis
2851,2,rainy,North West,60,Sulfadimidine,0,1,1,1,0,0,sick_check,Salmonellosis
2852,74,rainy,North West,30,None,1,0,0,0,0,0,sick_check,Newcastle Disease
2853,6,rainy,South South,60,Vitamin_Electrolyte,0,1,1,1,0,0,sick_check,Coccidiosis
2854,4,rainy,South East,30,None,1,1,1,0,0,0,sick_check,Coccidiosis
2855,6,rainy,South East,60,Oxytetracycline,0,1,0,0,0,0,sick_check,Coccidiosis
2856,50,rainy,North East,180,Amprolium,1,1,1,1,1,0,sick_check,Newcastle Disease
2857,41,dry,North Central,60,None,1,0,1,1,0,0,sick_check,Newcastle Disease
2858,5,dry,North West,30,Amprolium,0,1,1,1,1,0,sick_check,Gumboro (IBD)
2859,45,dry,North East,30,Tylosin,0,0,1,0,0,2,death_log,Newcastle Disease
2860,5,rainy,South West,90,None,0,0,1,1,1,0,sick_check,Coccidiosis
2861,46,rainy,North Central,180,None,1,0,0,1,0,2,death_log,Newcastle Disease
2862,50,rainy,North West,7,None,1,0,0,1,0,0,sick_check,Newcastle Disease
2863,7,rainy,North Central,180,None,0,1,1,1,0,0,sick_check,Coccidiosis
2864,76,rainy,North West,90,Tylosin,0,0,0,0,0,0,sick_check,Healthy
2865,0,rainy,South West,60,None,1,0,1,0,0,0,sick_check,Gumboro (IBD)
2866,72,rainy,South East,180,None,1,0,0,0,0,3,death_log,Fowl Typhoid
2867,4,rainy,North West,14,None,0,0,1,0,0,0,sick_check,Gumboro (IBD)
2868,7,rainy,South East,,Sulfadimidine,0,1,1,0,0,0,sick_check,Coccidiosis
2869,74,rainy,North West,90,None,0,0,0,0,0,0,sick_check,Healthy
2870,59,rainy,North East,90,Amprolium,1,1,1,0,0,0,sick_check,Fowl Typhoid
2871,4,dry,North Central,180,None,0,1,1,1,0,0,sick_check,Gumboro (IBD)
2872,4,rainy,South East,30,None,1,1,0,0,0,0,sick_check,Salmonellosis
2873,0,dry,South South,180,Oxytetracycline,1,1,1,1,1,0,sick_check,Newcastle Disease
2874,43,dry,South South,90,None,0,0,0,0,0,0,sick_check,Healthy
2875,74,rainy,North West,,None,1,1,1,1,0,0,sick_check,Newcastle Disease
2876,6,rainy,South South,,None,0,0,1,1,0,4,death_log,Coccidiosis
2877,3,rainy,South South,60,Sulfadimidine,0,1,1,0,0,2,death_log,Coccidiosis
2878,6,rainy,North Central,90,Vitamin_Electrolyte,0,1,0,1,0,1,death_log,Coccidiosis
2879,4,rainy,North Central,90,None,0,1,0,0,0,0,sick_check,Coccidiosis
2880,3,dry,North West,7,None,1,0,1,0,0,3,death_log,Salmonellosis
2881,3,dry,North Central,30,None,0,1,0,1,0,0,sick_check,Salmonellosis
2882,6,rainy,North Central,180,None,0,1,0,1,1,0,sick_check,Coccidiosis
2883,10,rainy,North East,90,Tylosin,0,1,1,0,0,0,sick_check,Coccidiosis
2884,73,dry,South South,14,None,1,1,0,1,0,0,sick_check,Newcastle Disease
2885,0,dry,South East,7,Sulfadimidine,0,1,1,0,0,0,sick_check,Salmonellosis
2886,50,rainy,North East,180,Amprolium,1,0,1,1,0,0,sick_check,Newcastle Disease
2887,1,rainy,North West,7,Amprolium,0,1,1,1,1,2,death_log,Salmonellosis
2888,67,dry,North West,60,Vitamin_Electrolyte,0,0,0,0,0,1,death_log,Fowl Typhoid
2889,10,rainy,South East,60,Sulfadimidine,1,1,0,1,0,4,death_log,Fowl Typhoid
2890,46,dry,South East,180,None,1,1,0,1,0,0,sick_check,Newcastle Disease
2891,50,dry,South South,7,Oxytetracycline,1,0,0,0,0,0,sick_check,Newcastle Disease
2892,14,dry,South West,180,None,1,1,1,0,0,2,death_log,Fowl Typhoid
2893,8,rainy,South South,30,Oxytetracycline,0,1,0,1,0,0,sick_check,Coccidiosis
2894,42,rainy,North Central,90,None,0,1,0,1,0,0,sick_check,Newcastle Disease
2895,3,dry,North East,,Vitamin_Electrolyte,0,0,1,1,0,0,sick_check,Coccidiosis
2896,48,rainy,South South,60,Oxytetracycline,1,1,1,1,1,0,sick_check,Newcastle Disease
2897,4,rainy,South West,60,Sulfadimidine,0,1,0,0,0,0,sick_check,Coccidiosis
2898,0,rainy,North Central,7,None,0,1,1,1,0,0,sick_check,Salmonellosis
2899,70,dry,North Central,30,None,1,0,1,1,0,0,sick_check,Newcastle Disease
2900,26,rainy,North Central,60,Vitamin_Electrolyte,0,0,0,0,0,0,sick_check,Healthy
2901,55,rainy,South West,90,None,1,1,1,1,1,9,death_log,Newcastle Disease
2902,69,dry,North Central,90,Amprolium,0,1,1,1,0,0,sick_check,Newcastle Disease
2903,53,rainy,South South,7,None,0,1,1,0,0,0,sick_check,Fowl Typhoid
2904,4,dry,North Central,7,None,0,1,1,0,0,2,death_log,Salmonellosis
2905,21,dry,South East,180,Amprolium,0,0,0,0,0,0,sick_check,Healthy
2906,36,dry,South East,14,None,0,1,0,0,1,0,sick_check,Newcastle Disease
2907,1,rainy,South West,60,None,0,1,0,0,0,2,death_log,Salmonellosis
2908,57,dry,North Central,,None,1,0,1,1,1,5,death_log,Newcastle Disease
2909,60,dry,North East,,Tylosin,0,1,1,0,0,0,sick_check,Fowl Typhoid
2910,4,rainy,North West,30,None,0,1,0,0,0,0,sick_check,Gumboro (IBD)
2911,23,rainy,South South,180,Oxytetracycline,1,0,1,1,1,0,sick_check,Newcastle Disease
2912,6,rainy,South West,180,Sulfadimidine,0,1,0,1,0,0,sick_check,Coccidiosis
2913,76,dry,South East,14,None,0,1,1,0,0,0,sick_check,Fowl Typhoid
2914,4,rainy,South South,60,None,1,1,0,1,1,0,sick_check,Salmonellosis
2915,11,dry,South East,14,None,1,0,1,1,0,0,sick_check,Newcastle Disease
2916,67,dry,North East,180,None,1,0,0,1,0,4,death_log,Newcastle Disease
2917,20,dry,North Central,,None,1,0,1,1,0,1,death_log,Fowl Typhoid
2918,5,rainy,South West,90,Tylosin,0,1,1,0,0,1,death_log,Coccidiosis
2919,4,rainy,North Central,60,None,0,1,1,1,0,1,death_log,Salmonellosis
2920,64,rainy,North West,7,None,0,0,0,0,0,0,sick_check,Healthy
2921,5,dry,South South,30,Tylosin,0,0,1,1,0,1,death_log,Gumboro (IBD)
2922,11,dry,North West,7,Sulfadimidine,0,1,1,1,0,0,sick_check,Newcastle Disease
2923,23,dry,North East,,Tylosin,1,1,1,1,0,0,sick_check,Newcastle Disease
2924,60,dry,North Central,30,Oxytetracycline,1,0,0,0,0,3,death_log,Fowl Typhoid
2925,56,dry,South West,30,None,1,0,0,1,1,0,sick_check,Newcastle Disease
2926,6,rainy,South South,7,None,0,1,1,1,0,0,sick_check,Gumboro (IBD)
2927,66,dry,South West,90,None,0,0,1,1,0,0,sick_check,Fowl Typhoid
2928,1,dry,South South,60,Vitamin_Electrolyte,0,1,1,1,0,2,death_log,Salmonellosis
2929,67,dry,South East,60,Vitamin_Electrolyte,0,0,0,0,0,0,sick_check,Healthy
2930,6,rainy,South South,60,Vitamin_Electrolyte,0,1,0,1,0,0,sick_check,Coccidiosis
2931,56,rainy,North Central,14,None,1,1,1,0,1,4,death_log,Newcastle Disease
2932,71,dry,North East,7,Tylosin,1,1,1,0,0,0,sick_check,Fowl Typhoid
2933,2,rainy,North East,7,Amprolium,1,0,1,1,0,0,sick_check,Salmonellosis
2934,44,dry,South West,14,None,1,1,1,0,0,0,sick_check,Fowl Typhoid
2935,2,rainy,North East,14,None,1,1,1,0,0,0,sick_check,Salmonellosis
2936,0,rainy,North West,,None,0,0,1,1,0,0,sick_check,Coccidiosis
2937,48,rainy,South South,7,Oxytetracycline,1,0,0,1,1,0,sick_check,Newcastle Disease
2938,13,rainy,North Central,90,None,0,0,1,0,0,2,death_log,Newcastle Disease
2939,3,rainy,South West,14,Sulfadimidine,0,1,0,0,0,1,death_log,Coccidiosis
2940,17,dry,South East,,None,1,0,1,0,1,2,death_log,Newcastle Disease
2941,25,rainy,North East,180,None,1,1,1,0,0,0,sick_check,Fowl Typhoid
2942,3,rainy,North West,60,None,1,0,1,0,0,0,sick_check,Gumboro (IBD)
2943,76,rainy,South East,7,None,1,1,1,0,0,0,sick_check,Fowl Typhoid
2944,78,dry,North West,180,Sulfadimidine,0,1,0,1,0,1,death_log,Newcastle Disease
2945,4,dry,South West,60,None,0,1,1,0,0,5,death_log,Gumboro (IBD)
2946,47,rainy,North West,180,Vitamin_Electrolyte,1,0,0,1,0,0,sick_check,Newcastle Disease
2947,65,rainy,North Central,14,Oxytetracycline,1,1,1,0,1,2,death_log,Fowl Typhoid
2948,5,rainy,South South,60,None,0,1,1,0,0,0,sick_check,Coccidiosis
2949,35,rainy,South East,7,Oxytetracycline,0,1,0,1,0,0,sick_check,Salmonellosis
2950,31,dry,North Central,7,None,0,1,0,1,1,0,sick_check,Newcastle Disease
2951,60,dry,North West,14,None,1,1,0,1,0,0,sick_check,Fowl Typhoid
2952,4,dry,South West,7,Vitamin_Electrolyte,1,1,0,1,0,0,sick_check,Newcastle Disease
2953,13,rainy,South West,14,Vitamin_Electrolyte,1,0,0,1,0,0,sick_check,Newcastle Disease
2954,5,rainy,South West,,None,0,1,0,0,0,0,sick_check,Coccidiosis
2955,18,dry,South West,30,Sulfadimidine,1,1,1,0,0,1,death_log,Fowl Typhoid
2956,4,dry,South West,30,Oxytetracycline,0,0,0,0,0,2,death_log,Gumboro (IBD)
2957,72,rainy,South South,90,Oxytetracycline,0,0,0,1,0,0,sick_check,Fowl Typhoid
2958,7,rainy,South South,30,Vitamin_Electrolyte,0,1,1,1,0,0,sick_check,Coccidiosis
2959,2,rainy,North East,7,Vitamin_Electrolyte,1,1,1,0,0,0,sick_check,Salmonellosis
2960,12,dry,South East,180,Amprolium,0,0,0,0,0,0,sick_check,Healthy
2961,74,dry,South West,,Amprolium,1,1,0,0,0,0,sick_check,Fowl Typhoid
2962,15,dry,North East,30,None,1,0,0,1,0,1,death_log,Newcastle Disease
2963,40,rainy,North West,60,None,1,1,1,1,0,0,sick_check,Newcastle Disease
2964,66,dry,South West,30,Vitamin_Electrolyte,0,1,0,0,0,0,sick_check,Healthy
2965,8,rainy,South East,60,Sulfadimidine,0,1,1,1,0,0,sick_check,Coccidiosis
2966,73,rainy,South West,,None,1,0,1,0,0,5,death_log,Newcastle Disease
2967,46,rainy,North East,90,Tylosin,1,0,1,1,0,0,sick_check,Fowl Typhoid
2968,25,rainy,North West,60,Vitamin_Electrolyte,1,0,0,1,0,0,sick_check,Newcastle Disease
2969,3,dry,South West,7,Oxytetracycline,0,1,1,1,0,0,sick_check,Salmonellosis
2970,53,rainy,North Central,7,Amprolium,0,0,1,1,0,0,sick_check,Fowl Typhoid
2971,5,rainy,North East,90,Tylosin,0,1,1,1,0,0,sick_check,Gumboro (IBD)
2972,60,rainy,South West,60,None,0,0,0,0,0,0,sick_check,Healthy
2973,6,rainy,North East,30,Amprolium,0,1,1,1,0,1,death_log,Gumboro (IBD)
2974,43,rainy,North Central,,None,0,0,0,0,0,0,sick_check,Healthy
2975,7,rainy,South East,30,Sulfadimidine,0,0,1,1,0,0,sick_check,Coccidiosis
2976,54,rainy,North East,14,None,0,0,0,0,0,0,sick_check,Healthy
2977,6,rainy,South East,30,Sulfadimidine,0,1,1,0,1,3,death_log,Coccidiosis
2978,0,rainy,South South,,Vitamin_Electrolyte,0,1,0,1,0,1,death_log,Coccidiosis
2979,3,rainy,North East,180,Amprolium,0,0,0,0,0,4,death_log,Salmonellosis
2980,16,rainy,North Central,30,Sulfadimidine,0,0,0,0,0,0,sick_check,Healthy
2981,5,rainy,North West,30,Sulfadimidine,0,0,0,0,0,0,sick_check,Coccidiosis
2982,32,rainy,South South,7,None,1,0,0,1,1,0,sick_check,Newcastle Disease
2983,25,dry,North Central,14,Vitamin_Electrolyte,1,0,1,0,1,0,sick_check,Newcastle Disease
2984,9,rainy,South East,180,Amprolium,0,0,0,0,0,0,sick_check,Healthy
2985,6,dry,South South,60,Vitamin_Electrolyte,0,1,0,1,1,0,sick_check,Coccidiosis
2986,71,rainy,South West,14,None,1,0,1,1,1,9,death_log,Newcastle Disease
2987,27,rainy,South South,60,Vitamin_Electrolyte,0,1,1,0,0,1,death_log,Salmonellosis
2988,5,dry,North West,,None,0,1,1,1,0,3,death_log,Coccidiosis
2989,0,rainy,North East,90,None,0,1,1,1,0,0,sick_check,Salmonellosis
2990,36,dry,North West,180,None,1,0,0,0,0,0,sick_check,Fowl Typhoid
2991,48,rainy,South West,14,None,0,1,0,0,0,0,sick_check,Healthy
2992,75,rainy,North East,14,None,1,1,1,1,0,0,sick_check,Fowl Typhoid
2993,72,rainy,South East,90,None,1,1,1,0,0,0,sick_check,Fowl Typhoid
2994,50,rainy,North Central,30,Sulfadimidine,1,1,1,1,1,0,sick_check,Fowl Typhoid
2995,3,rainy,North East,14,None,0,1,1,0,0,0,sick_check,Salmonellosis
2996,69,rainy,South West,30,Amprolium,0,0,0,0,0,0,sick_check,Healthy
2997,69,rainy,South West,7,Vitamin_Electrolyte,1,1,1,0,0,0,sick_check,Fowl Typhoid
2998,78,rainy,North West,7,None,1,1,0,0,0,0,sick_check,Newcastle Disease
2999,31,rainy,South West,90,None,1,1,1,0,0,1,death_log,Fowl Typhoid
3000,30,dry,South South,14,Sulfadimidine,0,0,1,0,0,0,sick_check,Healthy
3001,76,rainy,South West,,None,0,0,0,0,0,0,sick_check,Healthy
3002,7,rainy,South West,90,Vitamin_Electrolyte,0,0,1,1,0,0,sick_check,Coccidiosis
3003,12,dry,North Central,90,Amprolium,1,1,1,1,0,4,death_log,Newcastle Disease
3004,50,rainy,South East,14,None,1,0,0,1,1,7,death_log,Newcastle Disease
3005,7,rainy,South South,180,Vitamin_Electrolyte,0,1,1,0,0,0,sick_check,Coccidiosis
3006,4,rainy,North West,,Sulfadimidine,0,1,1,1,0,0,sick_check,Gumboro (IBD)
3007,67,dry,North West,14,Amprolium,0,0,1,0,0,0,sick_check,Healthy
3008,45,dry,North East,180,Sulfadimidine,0,0,1,1,0,0,sick_check,Fowl Typhoid
3009,72,dry,North Central,60,None,1,0,1,1,1,0,sick_check,Newcastle Disease
3010,45,rainy,North West,,None,0,0,0,0,0,0,sick_check,Healthy
3011,39,rainy,North Central,60,None,1,0,1,1,0,2,death_log,Newcastle Disease
3012,0,dry,South South,90,Oxytetracycline,0,1,0,0,0,0,sick_check,Salmonellosis
3013,3,dry,North Central,,Tylosin,0,1,1,0,0,0,sick_check,Gumboro (IBD)
3014,5,rainy,South South,7,None,0,1,1,0,0,0,sick_check,Coccidiosis
3015,1,dry,South West,90,Tylosin,1,1,1,1,0,1,death_log,Salmonellosis
3016,17,dry,South East,30,None,0,1,0,1,0,0,sick_check,Fowl Typhoid
3017,16,dry,North East,180,Sulfadimidine,0,0,0,1,0,0,sick_check,Salmonellosis
3018,61,dry,North East,,Vitamin_Electrolyte,1,0,1,1,0,0,sick_check,Fowl Typhoid
3019,29,rainy,North West,14,None,0,0,0,0,0,0,sick_check,Healthy
3020,39,dry,North Central,,Oxytetracycline,1,1,0,1,0,0,sick_check,Newcastle Disease
3021,5,dry,North West,,None,0,0,1,1,0,1,death_log,Gumboro (IBD)
3022,8,rainy,North East,90,Sulfadimidine,0,1,1,1,0,2,death_log,Coccidiosis
3023,6,rainy,South East,7,Oxytetracycline,0,1,0,1,0,0,sick_check,Coccidiosis
3024,61,rainy,South South,30,None,0,0,0,0,0,0,sick_check,Fowl Typhoid
3025,10,rainy,North Central,180,Vitamin_Electrolyte,1,0,1,0,0,0,sick_check,Fowl Typhoid
3026,12,dry,North West,60,None,0,1,1,0,0,0,sick_check,Gumboro (IBD)
3027,13,rainy,North East,180,None,0,0,0,0,0,5,death_log,Newcastle Disease
3028,4,dry,South South,180,None,0,1,1,1,0,0,sick_check,Salmonellosis
3029,6,rainy,North East,,None,1,0,1,0,0,0,sick_check,Coccidiosis
3030,12,rainy,South East,180,None,1,0,1,0,1,0,sick_check,Fowl Typhoid
3031,72,rainy,South South,7,None,1,1,1,1,0,0,sick_check,Newcastle Disease
3032,4,dry,South East,,None,0,0,1,1,0,0,sick_check,Gumboro (IBD)
3033,8,dry,North West,14,None,1,1,1,0,0,0,sick_check,Coccidiosis
3034,4,rainy,South West,14,Sulfadimidine,1,0,1,1,0,0,sick_check,Coccidiosis
3035,1,rainy,North West,,Oxytetracycline,0,1,0,1,0,0,sick_check,Coccidiosis
3036,2,rainy,North West,60,Tylosin,0,0,1,1,0,0,sick_check,Salmonellosis
3037,71,dry,North East,7,None,0,0,1,1,0,0,sick_check,Fowl Typhoid
3038,0,dry,North Central,,None,0,0,0,1,0,1,death_log,Coccidiosis
3039,4,rainy,North Central,90,None,0,1,1,0,0,1,death_log,Coccidiosis
3040,2,rainy,South West,,Tylosin,0,1,1,1,0,0,sick_check,Salmonellosis
3041,39,rainy,North East,90,None,0,1,0,0,0,0,sick_check,Fowl Typhoid
3042,4,rainy,South South,14,Oxytetracycline,0,1,1,1,0,0,sick_check,Coccidiosis
3043,52,rainy,North Central,14,Sulfadimidine,0,0,1,1,0,0,sick_check,Newcastle Disease
3044,5,rainy,North Central,60,None,0,0,0,1,0,0,sick_check,Gumboro (IBD)
3045,54,rainy,South East,7,Vitamin_Electrolyte,1,1,1,0,0,0,sick_check,Fowl Typhoid
3046,5,rainy,South West,90,Oxytetracycline,0,1,0,1,0,0,sick_check,Coccidiosis
3047,73,dry,South West,30,None,1,0,1,1,0,0,sick_check,Newcastle Disease
3048,7,dry,South East,,Vitamin_Electrolyte,1,1,1,1,1,0,sick_check,Newcastle Disease
3049,6,rainy,North Central,,Tylosin,0,1,0,1,0,0,sick_check,Coccidiosis
3050,30,rainy,North East,180,Sulfadimidine,0,1,0,0,0,0,sick_check,Healthy
3051,16,dry,North West,180,Sulfadimidine,1,0,1,1,0,3,death_log,Fowl Typhoid
3052,3,rainy,North East,90,Amprolium,0,1,0,1,1,0,sick_check,Salmonellosis
3053,3,dry,North West,30,None,1,0,1,1,0,0,sick_check,Gumboro (IBD)
3054,58,rainy,North West,180,None,0,0,0,1,1,0,sick_check,Fowl Typhoid
3055,18,rainy,North East,,Tylosin,1,0,1,0,1,0,sick_check,Fowl Typhoid
3056,6,rainy,North West,60,Tylosin,0,0,1,1,0,0,sick_check,Coccidiosis
3057,11,rainy,South East,7,Oxytetracycline,1,0,1,1,0,0,sick_check,Fowl Typhoid
3058,73,dry,North East,7,Tylosin,0,0,1,1,1,0,sick_check,Newcastle Disease
3059,6,dry,South East,90,None,1,1,1,1,0,0,sick_check,Gumboro (IBD)
3060,5,rainy,South East,7,None,0,1,0,0,0,0,sick_check,Coccidiosis
3061,59,dry,North Central,180,None,1,0,0,1,0,4,death_log,Newcastle Disease
3062,5,dry,South West,90,None,0,1,0,0,1,1,death_log,Coccidiosis
3063,0,dry,South West,7,Tylosin,0,0,1,1,0,0,sick_check,Gumboro (IBD)
3064,5,rainy,North East,30,Vitamin_Electrolyte,0,1,0,1,0,0,sick_check,Coccidiosis
3065,5,dry,North West,60,None,0,1,1,0,0,0,sick_check,Gumboro (IBD)
3066,75,rainy,South West,90,Oxytetracycline,0,0,1,0,0,0,sick_check,Newcastle Disease
3067,51,dry,North Central,180,Oxytetracycline,1,0,0,1,0,0,sick_check,Healthy
3068,5,dry,North Central,7,None,1,1,1,1,0,0,sick_check,Gumboro (IBD)
3069,43,rainy,South South,,None,1,1,1,0,1,4,death_log,Fowl Typhoid
3070,7,dry,North East,180,None,0,1,1,0,0,2,death_log,Coccidiosis
3071,6,rainy,South East,90,Tylosin,0,0,1,1,0,0,sick_check,Gumboro (IBD)
3072,5,rainy,North Central,,None,0,1,1,1,1,0,sick_check,Coccidiosis
3073,1,dry,North West,14,Tylosin,0,0,0,0,0,0,sick_check,Salmonellosis
3074,2,rainy,South West,60,Tylosin,0,0,0,1,1,0,sick_check,Salmonellosis
3075,4,dry,South South,,None,0,1,1,0,1,0,sick_check,Coccidiosis
3076,6,rainy,North Central,7,Amprolium,0,1,0,0,0,0,sick_check,Coccidiosis
3077,3,rainy,North West,30,Vitamin_Electrolyte,0,1,1,0,0,0,sick_check,Coccidiosis
3078,59,dry,North East,14,None,1,1,1,0,1,0,sick_check,Fowl Typhoid
3079,45,dry,South West,180,Oxytetracycline,1,1,1,1,0,5,death_log,Newcastle Disease
3080,58,rainy,North West,180,Oxytetracycline,1,1,1,0,1,0,sick_check,Newcastle Disease
3081,2,rainy,North Central,,Vitamin_Electrolyte,0,0,1,0,0,1,death_log,Salmonellosis
3082,71,dry,North West,30,Tylosin,1,1,1,1,0,1,death_log,Newcastle Disease
3083,6,rainy,North West,60,None,0,1,1,1,0,0,sick_check,Coccidiosis
3084,49,dry,North West,,None,0,0,1,1,0,1,death_log,Fowl Typhoid
3085,0,rainy,North West,180,None,0,1,0,1,1,0,sick_check,Salmonellosis
3086,46,rainy,North Central,180,Vitamin_Electrolyte,1,0,1,1,0,0,sick_check,Newcastle Disease
3087,64,dry,North West,14,Oxytetracycline,1,0,0,1,0,2,death_log,Newcastle Disease
3088,2,dry,South West,,Amprolium,0,1,1,1,0,6,death_log,Salmonellosis
3089,24,dry,North Central,90,Vitamin_Electrolyte,1,1,1,1,0,0,sick_check,Fowl Typhoid
3090,46,rainy,North West,30,None,0,1,1,1,1,0,sick_check,Coccidiosis
3091,45,rainy,South West,14,None,0,1,0,0,0,0,sick_check,Healthy
3092,3,rainy,North East,14,None,1,1,0,1,0,6,death_log,Salmonellosis
3093,5,rainy,South South,90,Vitamin_Electrolyte,0,1,1,1,1,0,sick_check,Coccidiosis
3094,6,rainy,South East,180,None,0,1,1,1,0,0,sick_check,Coccidiosis
3095,38,dry,North Central,180,Tylosin,1,1,1,0,1,0,sick_check,Newcastle Disease
3096,52,dry,North West,90,Sulfadimidine,1,1,1,1,0,0,sick_check,Fowl Typhoid
3097,4,rainy,North East,14,None,0,1,1,0,0,0,sick_check,Gumboro (IBD)
3098,10,dry,North Central,7,None,0,0,0,1,0,0,sick_check,Coccidiosis
3099,3,rainy,North West,14,Sulfadimidine,0,1,0,1,1,0,sick_check,Coccidiosis
3100,3,dry,South East,7,Vitamin_Electrolyte,0,0,1,1,0,1,death_log,Salmonellosis
3101,72,rainy,North West,30,None,1,0,1,1,0,3,death_log,Fowl Typhoid
3102,8,dry,South West,30,Sulfadimidine,0,1,1,1,0,0,sick_check,Coccidiosis
3103,1,rainy,South East,30,None,1,1,1,0,0,2,death_log,Salmonellosis
3104,48,dry,South East,180,None,0,1,0,1,0,2,death_log,Fowl Typhoid
3105,45,dry,South South,,None,0,0,1,0,0,0,sick_check,Fowl Typhoid
3106,52,dry,North West,7,Amprolium,1,1,1,1,0,0,sick_check,Fowl Typhoid
3107,6,dry,South East,30,None,0,0,0,1,1,0,sick_check,Gumboro (IBD)
3108,5,rainy,South East,,Vitamin_Electrolyte,0,1,1,1,1,2,death_log,Gumboro (IBD)
3109,39,dry,North Central,60,Oxytetracycline,0,0,0,0,1,0,sick_check,Healthy
3110,36,dry,North West,90,None,1,0,1,1,1,0,sick_check,Fowl Typhoid
3111,6,rainy,North West,7,None,1,1,1,1,0,3,death_log,Gumboro (IBD)
3112,4,rainy,North Central,7,None,0,1,1,0,0,0,sick_check,Salmonellosis
3113,6,dry,South West,90,None,0,1,0,1,1,0,sick_check,Gumboro (IBD)
3114,48,rainy,South West,,Sulfadimidine,1,1,0,1,0,7,death_log,Newcastle Disease
3115,37,rainy,South West,7,None,0,1,0,0,0,0,sick_check,Healthy
3116,4,rainy,South West,7,Amprolium,0,1,1,1,1,1,death_log,Salmonellosis
3117,4,rainy,South East,60,Tylosin,0,1,0,1,0,0,sick_check,Coccidiosis
3118,28,dry,North Central,60,Oxytetracycline,0,1,1,1,0,0,sick_check,Coccidiosis
3119,5,dry,South South,60,None,0,0,1,1,0,0,sick_check,Gumboro (IBD)
3120,70,rainy,South South,90,None,0,0,0,0,0,0,sick_check,Healthy
3121,54,rainy,North East,7,Sulfadimidine,1,1,1,1,0,0,sick_check,Newcastle Disease
3122,71,rainy,South West,180,None,0,0,1,1,1,0,sick_check,Newcastle Disease
3123,11,dry,North Central,,Oxytetracycline,0,0,1,1,0,0,sick_check,Newcastle Disease
3124,3,rainy,North West,180,None,0,0,0,1,0,0,sick_check,Coccidiosis
3125,7,rainy,North East,30,Amprolium,0,1,1,1,1,0,sick_check,Coccidiosis
3126,38,rainy,North West,90,Sulfadimidine,0,0,1,0,1,0,sick_check,Coccidiosis
3127,6,dry,North East,30,Sulfadimidine,0,0,1,1,0,7,death_log,Gumboro (IBD)
3128,1,rainy,North East,60,None,0,1,1,0,0,0,sick_check,Salmonellosis
3129,35,dry,South West,90,None,0,1,1,1,0,0,sick_check,Fowl Typhoid
3130,4,rainy,South South,14,None,0,1,0,0,0,0,sick_check,Salmonellosis
3131,6,rainy,North East,90,None,0,0,1,0,0,0,sick_check,Coccidiosis
3132,31,rainy,North West,180,None,1,1,1,1,0,0,sick_check,Newcastle Disease
3133,2,rainy,South South,180,Sulfadimidine,0,1,1,0,0,2,death_log,Salmonellosis
3134,1,rainy,South West,60,Tylosin,0,1,1,0,1,0,sick_check,Salmonellosis
3135,8,rainy,South East,30,Amprolium,0,1,1,1,0,0,sick_check,Coccidiosis
3136,29,dry,North East,7,Oxytetracycline,1,0,0,1,1,2,death_log,Newcastle Disease
3137,60,rainy,North West,60,None,1,0,1,0,1,0,sick_check,Newcastle Disease
3138,69,rainy,South West,180,None,1,1,1,1,0,0,sick_check,Newcastle Disease
3139,50,rainy,North Central,14,None,1,1,1,0,0,0,sick_check,Newcastle Disease
3140,64,dry,North East,180,Tylosin,1,1,0,1,1,0,sick_check,Newcastle Disease
3141,25,dry,North Central,180,None,0,1,1,1,0,0,sick_check,Fowl Typhoid
3142,73,rainy,North Central,180,None,0,1,0,0,0,0,sick_check,Fowl Typhoid
3143,40,dry,North East,7,None,1,1,1,0,0,0,sick_check,Newcastle Disease
3144,19,dry,South West,7,Sulfadimidine,1,0,1,1,1,0,sick_check,Newcastle Disease
3145,8,rainy,South West,60,Sulfadimidine,0,0,0,1,0,2,death_log,Coccidiosis
3146,26,dry,North Central,30,None,1,1,1,1,0,0,sick_check,Newcastle Disease
3147,4,dry,North Central,30,Vitamin_Electrolyte,0,0,1,0,0,0,sick_check,Coccidiosis
3148,29,dry,South East,90,None,1,0,1,1,0,0,sick_check,Newcastle Disease
3149,7,rainy,North Central,60,None,0,1,1,1,0,0,sick_check,Coccidiosis
3150,5,dry,South East,14,Amprolium,0,0,1,0,0,0,sick_check,Gumboro (IBD)
3151,31,rainy,South East,14,None,1,1,1,1,0,2,death_log,Newcastle Disease
3152,3,rainy,North West,30,None,0,1,1,1,0,4,death_log,Coccidiosis
3153,4,rainy,North West,60,Tylosin,0,0,0,0,0,0,sick_check,Coccidiosis
3154,65,rainy,North East,30,None,1,0,1,1,1,0,sick_check,Newcastle Disease
3155,1,dry,South West,30,Amprolium,0,0,1,1,0,1,death_log,Salmonellosis
3156,9,rainy,North Central,14,Sulfadimidine,0,1,1,0,0,0,sick_check,Coccidiosis
3157,21,rainy,North Central,14,None,0,1,0,0,0,0,sick_check,Fowl Typhoid
3158,5,rainy,North West,60,Sulfadimidine,0,1,1,0,0,0,sick_check,Coccidiosis
3159,5,rainy,South East,7,None,1,0,1,1,0,0,sick_check,Coccidiosis
3160,3,rainy,South West,14,Vitamin_Electrolyte,0,0,1,0,0,0,sick_check,Coccidiosis
3161,4,rainy,South West,90,None,0,0,1,1,0,0,sick_check,Gumboro (IBD)
3162,1,rainy,South South,60,Sulfadimidine,0,1,0,1,0,0,sick_check,Salmonellosis
3163,32,rainy,North Central,180,Oxytetracycline,0,0,0,0,0,0,sick_check,Fowl Typhoid
3164,76,rainy,South East,7,None,1,1,1,1,0,0,sick_check,Fowl Typhoid
3165,3,rainy,South West,30,Tylosin,0,0,0,1,0,1,death_log,Salmonellosis
3166,4,rainy,South East,7,None,0,0,0,1,1,0,sick_check,Gumboro (IBD)
3167,5,rainy,North Central,90,None,0,1,0,1,0,1,death_log,Coccidiosis
3168,48,dry,South West,90,None,0,0,0,1,0,1,death_log,Healthy
3169,71,dry,North Central,,None,0,0,0,0,0,0,sick_check,Healthy
3170,7,rainy,North West,60,None,0,0,1,1,1,0,sick_check,Coccidiosis
3171,39,rainy,South West,,Sulfadimidine,0,0,0,0,0,0,sick_check,Healthy
3172,0,rainy,South West,60,Tylosin,0,0,1,0,0,0,sick_check,Salmonellosis
3173,62,dry,North East,,Tylosin,1,0,1,1,0,0,sick_check,Newcastle Disease
3174,47,rainy,South East,90,None,0,0,1,0,0,0,sick_check,Healthy
3175,23,rainy,North West,7,Amprolium,0,1,1,0,0,0,sick_check,Fowl Typhoid
3176,9,rainy,South East,,Tylosin,1,1,1,0,0,0,sick_check,Newcastle Disease
3177,4,dry,South South,7,None,0,1,0,0,0,0,sick_check,Coccidiosis
3178,31,dry,South South,7,Amprolium,1,1,1,1,0,2,death_log,Newcastle Disease
3179,55,rainy,North Central,14,Vitamin_Electrolyte,0,0,0,0,0,0,sick_check,Healthy
3180,5,dry,South South,60,None,0,1,1,0,0,0,sick_check,Coccidiosis
3181,5,rainy,North East,60,None,0,1,1,1,1,0,sick_check,Gumboro (IBD)
3182,5,rainy,North Central,,Vitamin_Electrolyte,0,1,0,1,0,0,sick_check,Gumboro (IBD)
3183,5,rainy,North Central,60,Vitamin_Electrolyte,0,0,0,1,0,0,sick_check,Coccidiosis
3184,6,dry,South West,180,None,0,0,1,0,1,0,sick_check,Gumboro (IBD)
3185,6,dry,South East,180,Amprolium,0,1,1,0,1,0,sick_check,Newcastle Disease
3186,1,dry,North West,60,Amprolium,0,1,0,1,0,0,sick_check,Salmonellosis
3187,2,rainy,North Central,180,Oxytetracycline,0,1,0,0,1,5,death_log,Salmonellosis
3188,1,rainy,South East,180,None,0,1,1,0,0,0,sick_check,Salmonellosis
3189,56,rainy,North West,90,Amprolium,1,0,1,0,1,4,death_log,Newcastle Disease
3190,3,rainy,North Central,30,None,0,0,1,1,0,0,sick_check,Coccidiosis
3191,5,rainy,South West,60,None,0,1,0,0,0,0,sick_check,Gumboro (IBD)
3192,41,dry,North Central,180,Sulfadimidine,0,1,1,1,1,0,sick_check,Newcastle Disease
3193,7,rainy,South West,7,None,1,0,0,1,1,4,death_log,Newcastle Disease
3194,33,dry,North Central,60,None,1,1,0,1,1,0,sick_check,Newcastle Disease
3195,0,rainy,South West,90,Tylosin,0,1,1,1,0,0,sick_check,Coccidiosis
3196,0,rainy,North East,60,Amprolium,0,1,0,1,0,1,death_log,Coccidiosis
3197,45,dry,North Central,14,None,1,0,1,1,1,0,sick_check,Newcastle Disease
3198,17,dry,South South,60,Sulfadimidine,0,0,0,0,0,0,sick_check,Healthy
3199,1,dry,South South,7,Vitamin_Electrolyte,0,1,1,0,0,2,death_log,Salmonellosis
3200,2,rainy,South East,,Tylosin,0,0,0,0,0,0,sick_check,Healthy
3201,7,rainy,North Central,7,None,0,1,0,1,1,0,sick_check,Coccidiosis
3202,7,rainy,North West,90,None,0,1,1,0,0,0,sick_check,Coccidiosis
3203,4,dry,South East,,Oxytetracycline,0,0,0,1,1,1,death_log,Gumboro (IBD)
3204,3,rainy,South West,30,Sulfadimidine,0,1,1,1,0,0,sick_check,Coccidiosis
3205,1,rainy,North West,14,None,0,1,1,1,1,0,sick_check,Salmonellosis
3206,7,rainy,South West,,None,0,0,1,1,1,0,sick_check,Coccidiosis
3207,2,dry,South South,90,Oxytetracycline,0,1,1,0,1,0,sick_check,Salmonellosis
3208,23,rainy,North Central,30,None,1,1,1,1,0,0,sick_check,Newcastle Disease
3209,61,dry,South South,180,Sulfadimidine,0,0,1,1,1,0,sick_check,Newcastle Disease
3210,40,rainy,North West,30,None,1,1,1,1,0,0,sick_check,Newcastle Disease
3211,16,rainy,North Central,7,Vitamin_Electrolyte,0,0,1,1,0,1,death_log,Coccidiosis
3212,0,rainy,North East,7,None,0,1,0,0,0,0,sick_check,Salmonellosis
3213,39,dry,North Central,14,None,0,1,1,1,0,0,sick_check,Fowl Typhoid
3214,6,dry,North West,14,None,0,0,1,1,0,0,sick_check,Gumboro (IBD)
3215,7,dry,North Central,180,Tylosin,0,1,1,0,0,0,sick_check,Salmonellosis
3216,32,rainy,North West,,Oxytetracycline,1,1,0,1,1,2,death_log,Newcastle Disease
3217,4,rainy,North West,14,None,1,0,1,1,0,1,death_log,Gumboro (IBD)
3218,4,dry,South East,30,Amprolium,0,0,0,0,0,0,sick_check,Salmonellosis
3219,4,rainy,North West,30,Tylosin,0,1,0,1,0,1,death_log,Coccidiosis
3220,47,rainy,South East,180,None,0,0,0,1,0,0,sick_check,Healthy
3221,46,dry,North Central,60,None,1,0,1,1,0,0,sick_check,Newcastle Disease
3222,39,dry,South South,,None,1,0,1,1,0,2,death_log,Newcastle Disease
3223,18,dry,South West,60,Amprolium,1,1,1,1,0,0,sick_check,Newcastle Disease
3224,1,rainy,North East,14,Amprolium,0,0,1,1,0,0,sick_check,Salmonellosis
3225,16,dry,North Central,90,None,1,0,1,0,1,0,sick_check,Newcastle Disease
3226,6,dry,South East,180,None,0,0,1,1,0,0,sick_check,Coccidiosis
3227,9,dry,North Central,14,Sulfadimidine,0,0,1,1,0,0,sick_check,Fowl Typhoid
3228,5,rainy,South East,7,Tylosin,0,1,1,1,0,0,sick_check,Coccidiosis
3229,2,dry,North Central,14,Oxytetracycline,0,1,1,1,0,0,sick_check,Salmonellosis
3230,6,rainy,North Central,60,None,0,1,1,0,0,4,death_log,Coccidiosis
3231,60,dry,North East,90,None,1,1,0,0,0,0,sick_check,Fowl Typhoid
3232,5,dry,South East,60,None,0,1,0,1,0,0,sick_check,Gumboro (IBD)
3233,4,dry,North East,7,Tylosin,0,1,1,0,0,0,sick_check,Coccidiosis
3234,4,rainy,South South,60,None,0,1,1,0,0,0,sick_check,Coccidiosis
3235,1,rainy,South East,14,Amprolium,1,0,1,1,0,0,sick_check,Salmonellosis
3236,9,dry,South East,14,None,1,1,1,1,0,2,death_log,Fowl Typhoid
3237,28,rainy,South West,14,Tylosin,1,0,1,1,0,3,death_log,Newcastle Disease
3238,2,rainy,South West,7,None,0,0,0,0,0,0,sick_check,Salmonellosis
3239,9,dry,North West,60,None,0,1,0,0,0,0,sick_check,Newcastle Disease
3240,4,rainy,North Central,180,None,1,1,1,1,0,0,sick_check,Gumboro (IBD)
3241,44,dry,South West,30,None,1,1,1,1,1,0,sick_check,Fowl Typhoid
3242,0,rainy,South South,30,None,0,0,0,0,0,2,death_log,Gumboro (IBD)
3243,4,rainy,South South,14,Sulfadimidine,0,0,1,1,0,0,sick_check,Gumboro (IBD)
3244,1,rainy,North Central,,Oxytetracycline,1,1,0,0,1,5,death_log,Newcastle Disease
3245,2,rainy,South East,7,Oxytetracycline,0,1,1,0,0,2,death_log,Salmonellosis
3246,51,rainy,North Central,90,Sulfadimidine,0,1,0,1,0,3,death_log,Fowl Typhoid
3247,35,dry,North Central,7,Sulfadimidine,1,1,1,1,0,0,sick_check,Newcastle Disease
3248,61,rainy,North East,30,None,0,0,0,0,0,0,sick_check,Healthy
3249,6,rainy,South South,90,Amprolium,0,1,1,1,0,0,sick_check,Coccidiosis
3250,64,rainy,South South,,None,1,0,1,1,1,4,death_log,Newcastle Disease
3251,19,dry,North Central,180,None,0,0,0,0,0,0,sick_check,Healthy
3252,49,rainy,South East,7,Tylosin,1,0,1,1,1,0,sick_check,Fowl Typhoid
3253,56,rainy,North Central,180,None,1,0,1,1,0,0,sick_check,Newcastle Disease
3254,1,dry,South East,30,Oxytetracycline,0,0,0,0,1,0,sick_check,Salmonellosis
3255,65,rainy,South South,180,Amprolium,1,1,1,0,0,1,death_log,Fowl Typhoid
3256,64,dry,North West,180,None,0,0,0,0,0,0,sick_check,Healthy
3257,39,rainy,North Central,,None,0,1,1,1,0,0,sick_check,Newcastle Disease
3258,4,rainy,South East,180,None,0,1,1,1,0,1,death_log,Coccidiosis
3259,1,rainy,South West,30,None,0,1,0,1,0,0,sick_check,Salmonellosis
3260,0,rainy,North Central,,Amprolium,0,1,1,1,0,0,sick_check,Coccidiosis
3261,37,rainy,South West,180,None,1,1,0,1,0,0,sick_check,Newcastle Disease
3262,39,dry,South South,7,None,0,1,0,1,1,4,death_log,Newcastle Disease
3263,62,dry,South East,180,Tylosin,1,0,1,1,1,0,sick_check,Newcastle Disease
3264,38,rainy,South East,60,Oxytetracycline,1,1,1,1,0,0,sick_check,Fowl Typhoid
3265,2,rainy,South East,30,Sulfadimidine,0,1,1,1,1,0,sick_check,Salmonellosis
3266,75,dry,North East,,None,1,1,1,1,0,2,death_log,Fowl Typhoid
3267,45,dry,North West,14,Amprolium,1,1,1,1,1,0,sick_check,Newcastle Disease
3268,46,rainy,South East,60,None,1,1,1,1,0,0,sick_check,Newcastle Disease
3269,55,rainy,North Central,14,Amprolium,1,1,1,1,1,0,sick_check,Fowl Typhoid
3270,62,dry,South West,,None,0,0,1,1,0,0,sick_check,Newcastle Disease
3271,5,rainy,North Central,14,None,0,1,1,0,0,0,sick_check,Coccidiosis
3272,3,dry,North Central,7,None,0,1,1,1,0,0,sick_check,Gumboro (IBD)
3273,1,dry,North West,,None,1,0,0,1,0,1,death_log,Newcastle Disease
3274,6,dry,North West,14,Sulfadimidine,0,1,1,0,0,1,death_log,Gumboro (IBD)
3275,3,rainy,North Central,60,None,1,1,1,0,0,1,death_log,Coccidiosis
3276,29,dry,South West,14,Sulfadimidine,1,0,1,0,0,0,sick_check,Newcastle Disease
3277,6,rainy,North East,7,Amprolium,0,1,1,1,0,0,sick_check,Coccidiosis
3278,24,dry,South East,14,None,0,0,0,0,0,0,sick_check,Healthy
3279,14,rainy,North East,7,Sulfadimidine,0,0,0,1,0,0,sick_check,Newcastle Disease
3280,3,rainy,North West,7,None,0,1,1,1,0,0,sick_check,Salmonellosis
3281,18,dry,North West,180,Oxytetracycline,0,1,0,1,0,4,death_log,Salmonellosis
3282,68,dry,South South,90,Oxytetracycline,1,1,1,0,0,3,death_log,Newcastle Disease
3283,29,dry,South West,60,Oxytetracycline,0,1,1,1,0,3,death_log,Gumboro (IBD)
3284,0,rainy,North Central,30,None,0,1,1,1,0,0,sick_check,Coccidiosis
3285,78,rainy,North Central,14,Amprolium,1,1,1,1,0,0,sick_check,Newcastle Disease
3286,2,rainy,South West,60,Amprolium,0,1,0,1,0,0,sick_check,Salmonellosis
3287,65,rainy,North West,,None,1,1,1,0,1,5,death_log,Newcastle Disease
3288,67,dry,South West,180,None,1,1,1,1,0,0,sick_check,Newcastle Disease
3289,54,rainy,North Central,7,Tylosin,0,0,1,1,0,0,sick_check,Fowl Typhoid
3290,8,rainy,North West,14,Tylosin,0,1,0,1,0,0,sick_check,Coccidiosis
3291,25,rainy,North East,90,None,0,0,1,1,1,0,sick_check,Newcastle Disease
3292,58,dry,North East,90,Tylosin,1,1,0,0,0,6,death_log,Newcastle Disease
3293,3,rainy,South West,30,Oxytetracycline,0,1,1,1,1,2,death_log,Coccidiosis
3294,40,dry,South West,90,None,1,1,1,1,1,3,death_log,Newcastle Disease
3295,40,rainy,North Central,30,None,1,1,0,1,0,0,sick_check,Fowl Typhoid
3296,3,rainy,North West,,Oxytetracycline,0,0,1,0,0,0,sick_check,Salmonellosis
3297,28,rainy,North Central,,None,1,1,0,1,0,0,sick_check,Fowl Typhoid
3298,4,dry,South South,7,None,0,0,1,0,0,0,sick_check,Salmonellosis
3299,65,rainy,North Central,,None,0,0,0,0,1,0,sick_check,Fowl Typhoid
3300,27,dry,South West,,None,0,1,1,1,1,3,death_log,Newcastle Disease
3301,67,dry,North West,14,None,0,0,0,0,0,0,sick_check,Healthy
3302,3,rainy,South West,60,None,0,0,1,0,0,0,sick_check,Gumboro (IBD)
3303,0,rainy,South South,30,None,0,1,1,0,0,0,sick_check,Salmonellosis
3304,40,rainy,South West,,Vitamin_Electrolyte,1,1,1,1,0,0,sick_check,Newcastle Disease
3305,5,rainy,North Central,7,None,0,0,1,0,1,1,death_log,Newcastle Disease
3306,29,dry,South South,60,Oxytetracycline,1,1,1,1,0,0,sick_check,Gumboro (IBD)
3307,4,rainy,North East,,None,0,1,1,0,0,0,sick_check,Coccidiosis
3308,6,rainy,South South,60,Vitamin_Electrolyte,0,1,1,0,1,0,sick_check,Coccidiosis
3309,35,dry,North West,14,Amprolium,1,1,1,1,0,0,sick_check,Fowl Typhoid
3310,3,dry,South East,,None,0,0,0,0,0,0,sick_check,Coccidiosis
3311,30,dry,South East,,Oxytetracycline,0,0,1,1,0,0,sick_check,Fowl Typhoid
3312,0,rainy,South East,90,Vitamin_Electrolyte,0,0,0,0,0,0,sick_check,Salmonellosis
3313,6,rainy,South South,90,None,0,1,1,0,0,0,sick_check,Coccidiosis
3314,1,rainy,South East,7,None,1,0,1,0,0,2,death_log,Gumboro (IBD)
3315,5,rainy,North East,14,Vitamin_Electrolyte,0,1,1,1,0,2,death_log,Gumboro (IBD)
3316,3,rainy,South South,14,None,0,0,0,1,0,1,death_log,Coccidiosis
3317,78,rainy,South West,90,None,1,1,1,0,0,0,sick_check,Newcastle Disease
3318,4,rainy,South West,30,None,0,1,0,1,1,0,sick_check,Gumboro (IBD)
3319,71,rainy,South West,60,None,1,0,1,1,1,0,sick_check,Newcastle Disease
3320,2,dry,South East,60,None,0,0,1,1,0,0,sick_check,Salmonellosis
3321,35,rainy,South South,14,Amprolium,0,0,0,1,0,0,sick_check,Healthy
3322,33,rainy,South East,,Oxytetracycline,0,0,1,0,1,0,sick_check,Fowl Typhoid
3323,6,rainy,North Central,90,None,0,1,1,1,0,0,sick_check,Coccidiosis
3324,9,rainy,North East,,None,0,0,1,1,0,0,sick_check,Coccidiosis
3325,46,rainy,North East,60,Tylosin,1,0,1,1,0,0,sick_check,Fowl Typhoid
3326,51,dry,South South,180,None,0,1,1,1,0,0,sick_check,Fowl Typhoid
3327,7,rainy,North Central,14,Tylosin,0,1,0,1,0,1,death_log,Coccidiosis
3328,62,dry,North East,14,Sulfadimidine,1,1,0,0,0,0,sick_check,Newcastle Disease
3329,5,rainy,South West,14,Vitamin_Electrolyte,0,1,1,0,1,0,sick_check,Coccidiosis
3330,46,dry,North East,180,Oxytetracycline,0,0,0,1,0,0,sick_check,Newcastle Disease
3331,6,rainy,North East,180,Tylosin,0,1,1,1,0,1,death_log,Coccidiosis
3332,10,dry,South East,14,Vitamin_Electrolyte,0,0,0,0,0,0,sick_check,Healthy
3333,68,dry,North Central,,None,1,1,1,1,1,4,death_log,Newcastle Disease
3334,5,rainy,North Central,14,Sulfadimidine,0,0,1,0,0,1,death_log,Gumboro (IBD)
3335,34,dry,North West,30,Amprolium,1,1,0,0,1,0,sick_check,Fowl Typhoid
3336,20,dry,North East,30,None,1,1,1,1,0,0,sick_check,Newcastle Disease
3337,38,rainy,North West,180,Tylosin,0,0,1,1,0,0,sick_check,Newcastle Disease
3338,5,dry,North West,14,Sulfadimidine,0,0,1,0,0,0,sick_check,Gumboro (IBD)
3339,6,rainy,North East,180,None,0,1,1,1,0,0,sick_check,Coccidiosis
3340,38,rainy,South South,7,None,0,1,0,0,1,1,death_log,Fowl Typhoid
3341,70,rainy,North Central,180,Vitamin_Electrolyte,1,1,1,0,1,3,death_log,Newcastle Disease
3342,1,rainy,South West,90,None,0,1,0,1,0,0,sick_check,Salmonellosis
3343,51,dry,South West,60,Vitamin_Electrolyte,1,1,1,1,0,6,death_log,Newcastle Disease
3344,1,dry,North Central,7,Sulfadimidine,0,1,0,0,0,0,sick_check,Salmonellosis
3345,4,dry,North Central,180,None,0,1,0,1,0,0,sick_check,Salmonellosis
3346,72,dry,South East,7,None,1,0,1,1,0,0,sick_check,Newcastle Disease
3347,37,dry,South East,,Tylosin,1,1,1,1,0,0,sick_check,Fowl Typhoid
3348,14,rainy,South West,30,None,0,0,1,1,0,2,death_log,Fowl Typhoid
3349,3,rainy,South West,30,None,0,0,1,1,0,0,sick_check,Salmonellosis
3350,73,dry,South West,7,Tylosin,0,1,1,1,0,3,death_log,Fowl Typhoid
3351,6,rainy,North Central,180,Tylosin,0,1,0,1,0,0,sick_check,Coccidiosis
3352,10,rainy,South East,60,None,0,0,0,0,1,0,sick_check,Healthy
3353,40,dry,North Central,7,None,0,1,1,1,0,0,sick_check,Fowl Typhoid
3354,42,rainy,South South,60,Sulfadimidine,0,0,1,1,1,0,sick_check,Fowl Typhoid
3355,41,dry,North Central,180,None,0,0,0,0,0,0,sick_check,Healthy
3356,5,dry,North East,180,Tylosin,0,0,1,0,0,0,sick_check,Coccidiosis
3357,29,rainy,North West,7,Tylosin,1,1,1,1,0,2,death_log,Newcastle Disease
3358,6,dry,North East,180,None,0,0,0,0,0,0,sick_check,Coccidiosis
3359,4,dry,South West,14,None,0,1,1,0,0,0,sick_check,Salmonellosis
3360,21,dry,North East,60,Oxytetracycline,1,0,0,1,1,0,sick_check,Newcastle Disease
3361,0,rainy,North Central,90,Amprolium,0,1,1,0,0,1,death_log,Coccidiosis
3362,66,dry,South South,,Sulfadimidine,1,1,1,1,1,0,sick_check,Newcastle Disease
3363,13,dry,North East,,None,1,0,0,1,0,0,sick_check,Newcastle Disease
3364,4,rainy,South South,,Oxytetracycline,0,1,1,0,0,0,sick_check,Salmonellosis
3365,45,dry,South West,90,Tylosin,1,1,1,0,0,2,death_log,Newcastle Disease
3366,58,rainy,South West,180,Tylosin,0,1,1,1,0,0,sick_check,Fowl Typhoid
3367,63,dry,South West,60,Amprolium,1,0,1,0,0,0,sick_check,Newcastle Disease
3368,5,rainy,North East,7,Oxytetracycline,1,1,1,1,1,0,sick_check,Gumboro (IBD)
3369,34,dry,North Central,7,None,1,1,1,1,1,0,sick_check,Newcastle Disease
3370,0,dry,North Central,,None,0,0,1,0,0,3,death_log,Gumboro (IBD)
3371,5,rainy,South South,30,Tylosin,0,1,0,1,0,2,death_log,Coccidiosis
3372,26,dry,North Central,90,Oxytetracycline,1,0,1,1,0,0,sick_check,Fowl Typhoid
3373,5,rainy,North Central,7,None,1,1,1,1,1,0,sick_check,Newcastle Disease
3374,15,rainy,North East,14,Oxytetracycline,0,0,0,0,0,0,sick_check,Healthy
3375,20,dry,North East,14,Sulfadimidine,0,1,1,1,0,4,death_log,Newcastle Disease
3376,17,rainy,South West,7,None,0,0,0,1,0,0,sick_check,Coccidiosis
3377,54,rainy,South South,60,Tylosin,1,1,1,1,0,3,death_log,Newcastle Disease
3378,7,rainy,North West,60,Oxytetracycline,1,0,1,0,0,0,sick_check,Coccidiosis
3379,63,dry,North West,14,Tylosin,1,0,1,1,0,0,sick_check,Newcastle Disease
3380,6,rainy,North East,90,None,1,1,1,1,0,3,death_log,Gumboro (IBD)
3381,31,rainy,North Central,180,None,0,0,0,0,0,0,sick_check,Healthy
3382,41,rainy,South West,30,None,1,0,0,0,0,1,death_log,Fowl Typhoid
3383,0,dry,South East,7,None,0,1,1,1,0,0,sick_check,Salmonellosis
3384,25,rainy,South East,,None,0,0,0,0,0,0,sick_check,Healthy
3385,55,dry,North West,14,Oxytetracycline,0,0,0,0,0,0,sick_check,Healthy
3386,5,rainy,North Central,180,Tylosin,0,1,0,1,0,0,sick_check,Gumboro (IBD)
3387,69,dry,North West,30,None,1,1,1,1,1,0,sick_check,Newcastle Disease
3388,5,dry,North East,90,Tylosin,0,1,1,1,0,0,sick_check,Coccidiosis
3389,9,rainy,North Central,90,None,0,0,0,0,0,0,sick_check,Healthy
3390,8,rainy,South South,60,None,0,1,1,1,0,0,sick_check,Coccidiosis
3391,2,dry,North East,14,None,0,1,1,1,0,0,sick_check,Salmonellosis
3392,2,rainy,South South,60,None,0,0,1,1,1,0,sick_check,Salmonellosis
3393,6,dry,North Central,60,None,0,1,1,0,0,0,sick_check,Coccidiosis
3394,3,dry,North West,14,Amprolium,0,1,1,0,0,0,sick_check,Salmonellosis
3395,66,dry,North West,180,None,0,0,0,0,0,0,sick_check,Healthy
3396,6,rainy,South West,90,Amprolium,0,1,1,1,0,0,sick_check,Coccidiosis
3397,5,rainy,North East,7,Vitamin_Electrolyte,1,1,1,1,0,0,sick_check,Gumboro (IBD)
3398,33,rainy,South East,7,None,1,0,1,0,1,0,sick_check,Newcastle Disease
3399,12,dry,North East,30,None,1,1,0,0,1,0,sick_check,Newcastle Disease
3400,50,rainy,North Central,14,Tylosin,1,0,0,1,1,0,sick_check,Newcastle Disease
3401,7,rainy,South South,180,Amprolium,0,1,0,1,0,0,sick_check,Coccidiosis
3402,6,rainy,South East,90,None,0,0,0,0,0,0,sick_check,Coccidiosis
3403,3,rainy,South East,14,Sulfadimidine,0,1,0,1,1,0,sick_check,Coccidiosis
3404,56,rainy,South West,7,Amprolium,0,1,1,0,0,0,sick_check,Newcastle Disease
3405,24,dry,South West,90,None,1,1,0,0,0,0,sick_check,Newcastle Disease
3406,77,rainy,North East,180,None,1,1,1,0,0,0,sick_check,Newcastle Disease
3407,27,rainy,North West,90,Vitamin_Electrolyte,1,1,0,0,0,3,death_log,Fowl Typhoid
3408,5,dry,North Central,90,Vitamin_Electrolyte,0,0,1,0,0,0,sick_check,Gumboro (IBD)
3409,4,rainy,North Central,60,Tylosin,0,1,1,0,0,0,sick_check,Salmonellosis
3410,0,dry,South West,90,None,0,1,0,0,0,0,sick_check,Salmonellosis
3411,3,rainy,South West,60,None,0,1,0,1,0,0,sick_check,Salmonellosis
3412,1,dry,North Central,,Amprolium,0,1,1,1,0,0,sick_check,Salmonellosis
3413,5,rainy,North Central,180,None,0,1,0,1,0,2,death_log,Coccidiosis
3414,50,rainy,South South,90,Oxytetracycline,1,1,1,0,0,1,death_log,Newcastle Disease
3415,34,rainy,North West,90,None,1,1,0,1,1,0,sick_check,Newcastle Disease
3416,66,dry,South South,7,None,1,1,1,1,0,0,sick_check,Fowl Typhoid
3417,9,rainy,North West,60,None,0,1,1,0,0,0,sick_check,Salmonellosis
3418,77,rainy,South East,30,Tylosin,0,1,0,1,0,0,sick_check,Newcastle Disease
3419,45,dry,South South,7,None,1,0,0,1,0,0,sick_check,Newcastle Disease
3420,3,rainy,North West,14,Oxytetracycline,0,1,0,0,0,3,death_log,Salmonellosis
3421,39,rainy,South West,90,None,0,0,0,0,0,0,sick_check,Healthy
3422,46,dry,South West,,Vitamin_Electrolyte,0,1,1,1,0,0,sick_check,Newcastle Disease
3423,11,rainy,North East,180,None,1,0,1,1,1,0,sick_check,Newcastle Disease
3424,13,rainy,North East,90,Vitamin_Electrolyte,0,1,1,0,0,0,sick_check,Healthy
3425,3,rainy,North East,90,None,0,0,1,1,0,0,sick_check,Gumboro (IBD)
3426,0,dry,North Central,90,None,0,0,1,1,0,0,sick_check,Salmonellosis
3427,6,rainy,North Central,30,Tylosin,0,1,0,0,0,0,sick_check,Coccidiosis
3428,2,rainy,South South,,Amprolium,0,1,1,1,1,0,sick_check,Salmonellosis
3429,2,dry,North Central,14,Tylosin,0,1,0,1,0,0,sick_check,Salmonellosis
3430,70,dry,South South,180,Sulfadimidine,0,0,1,0,0,2,death_log,Newcastle Disease
3431,41,rainy,North East,90,Sulfadimidine,0,0,1,1,0,0,sick_check,Newcastle Disease
3432,31,dry,North East,30,Sulfadimidine,0,1,1,1,0,4,death_log,Newcastle Disease
3433,43,dry,North Central,90,None,0,0,0,0,0,0,sick_check,Healthy
3434,3,dry,North West,90,Vitamin_Electrolyte,0,1,1,1,0,2,death_log,Salmonellosis
3435,3,rainy,North West,7,None,1,0,0,1,0,0,sick_check,Salmonellosis
3436,14,dry,South East,30,Amprolium,0,0,0,1,0,0,sick_check,Healthy
3437,7,rainy,North Central,180,Sulfadimidine,0,1,1,1,0,2,death_log,Coccidiosis
3438,2,rainy,North West,30,Amprolium,0,1,0,1,0,0,sick_check,Salmonellosis
3439,45,dry,North West,180,Vitamin_Electrolyte,0,0,0,1,0,0,sick_check,Healthy
3440,16,rainy,North Central,14,None,1,1,1,0,0,0,sick_check,Salmonellosis
3441,45,dry,North Central,60,None,0,0,1,1,0,4,death_log,Newcastle Disease
3442,31,dry,South East,7,None,0,1,1,1,0,0,sick_check,Fowl Typhoid
3443,2,rainy,North Central,90,None,0,1,1,0,0,0,sick_check,Salmonellosis
3444,6,rainy,North East,90,Sulfadimidine,0,0,1,1,0,1,death_log,Coccidiosis
3445,4,rainy,North East,60,None,0,1,1,1,0,0,sick_check,Salmonellosis
3446,8,dry,North East,90,None,1,0,1,0,0,0,sick_check,Fowl Typhoid
3447,5,dry,South South,,Oxytetracycline,0,0,1,0,0,1,death_log,Gumboro (IBD)
3448,25,dry,South West,7,None,1,0,1,1,1,3,death_log,Newcastle Disease
3449,3,rainy,North Central,7,None,0,0,1,0,1,0,sick_check,Coccidiosis
3450,7,rainy,North East,60,None,0,1,0,1,1,0,sick_check,Coccidiosis
3451,0,dry,South South,90,Tylosin,0,1,0,1,0,0,sick_check,Salmonellosis
3452,76,rainy,North West,30,Sulfadimidine,1,1,0,1,1,7,death_log,Newcastle Disease
3453,2,rainy,North Central,14,Amprolium,0,0,0,0,0,0,sick_check,Healthy
3454,14,rainy,South East,30,None,0,0,1,1,0,0,sick_check,Coccidiosis
3455,5,dry,South East,14,Amprolium,0,1,1,0,0,0,sick_check,Gumboro (IBD)
3456,27,rainy,North Central,30,None,0,0,1,0,1,0,sick_check,Newcastle Disease
3457,59,dry,North Central,180,Oxytetracycline,1,0,1,1,0,4,death_log,Newcastle Disease
3458,6,rainy,South South,7,Vitamin_Electrolyte,1,1,1,0,0,0,sick_check,Salmonellosis
3459,6,rainy,South East,180,Oxytetracycline,0,1,0,0,0,0,sick_check,Coccidiosis
3460,8,rainy,South South,,None,0,0,1,1,0,0,sick_check,Coccidiosis
3461,76,rainy,South South,180,None,1,1,0,1,1,1,death_log,Newcastle Disease
3462,2,dry,North Central,180,None,1,1,1,0,0,0,sick_check,Salmonellosis
3463,3,dry,North West,,None,0,0,0,1,1,1,death_log,Salmonellosis
3464,8,rainy,North East,14,None,0,1,1,1,0,1,death_log,Coccidiosis
3465,4,rainy,South West,30,None,1,1,1,0,0,0,sick_check,Gumboro (IBD)
3466,25,dry,North Central,14,Tylosin,1,1,1,1,1,0,sick_check,Newcastle Disease
3467,8,rainy,South West,7,None,0,1,1,1,0,0,sick_check,Coccidiosis
3468,5,dry,South East,,None,0,1,1,0,0,0,sick_check,Gumboro (IBD)
3469,6,rainy,South South,30,None,0,0,1,0,0,0,sick_check,Healthy
3470,61,dry,South East,7,Oxytetracycline,0,0,0,0,0,0,sick_check,Healthy
3471,5,rainy,North West,14,Amprolium,0,0,1,1,0,0,sick_check,Gumboro (IBD)
3472,36,dry,South East,7,None,0,0,1,0,0,0,sick_check,Healthy
3473,2,rainy,North West,30,None,0,1,0,1,0,5,death_log,Salmonellosis
3474,1,rainy,South East,180,None,0,1,0,1,0,0,sick_check,Salmonellosis
3475,2,dry,North East,90,Tylosin,0,1,1,0,0,1,death_log,Salmonellosis
3476,1,rainy,North West,30,Oxytetracycline,0,1,1,0,0,0,sick_check,Salmonellosis
3477,5,rainy,North East,60,None,0,1,1,1,0,2,death_log,Coccidiosis
3478,1,dry,South East,14,Tylosin,0,0,1,0,0,0,sick_check,Salmonellosis
3479,6,rainy,North West,60,None,0,0,1,0,0,0,sick_check,Coccidiosis
3480,31,rainy,North Central,90,Sulfadimidine,0,1,1,0,0,0,sick_check,Newcastle Disease
3481,73,dry,North West,,None,1,1,1,1,0,0,sick_check,Newcastle Disease
3482,75,rainy,South South,7,Sulfadimidine,0,0,1,1,1,0,sick_check,Newcastle Disease
3483,2,rainy,South West,14,Oxytetracycline,0,1,1,0,0,0,sick_check,Salmonellosis
3484,6,dry,North East,7,None,0,0,1,1,0,3,death_log,Gumboro (IBD)
3485,13,rainy,North Central,14,Sulfadimidine,1,1,1,1,1,1,death_log,Newcastle Disease
3486,6,dry,South East,90,None,1,0,1,1,1,0,sick_check,Gumboro (IBD)
3487,5,dry,South South,,Vitamin_Electrolyte,1,1,1,1,0,0,sick_check,Newcastle Disease
3488,5,rainy,North East,7,Tylosin,0,0,1,0,0,0,sick_check,Coccidiosis
3489,73,dry,South South,30,None,0,1,1,0,0,3,death_log,Newcastle Disease
3490,44,rainy,South South,180,None,1,0,0,0,0,0,sick_check,Fowl Typhoid
3491,74,rainy,South West,60,None,0,1,1,1,0,0,sick_check,Fowl Typhoid
3492,46,rainy,South South,180,Vitamin_Electrolyte,1,0,1,1,1,0,sick_check,Newcastle Disease
3493,5,rainy,South East,90,Tylosin,0,1,0,1,0,0,sick_check,Coccidiosis
3494,4,dry,South South,60,None,0,1,1,1,0,0,sick_check,Gumboro (IBD)
3495,3,rainy,North Central,90,Vitamin_Electrolyte,0,0,0,0,0,0,sick_check,Healthy
3496,5,rainy,North Central,30,None,0,1,1,1,0,1,death_log,Coccidiosis
3497,17,dry,South East,14,Amprolium,0,0,1,1,1,0,sick_check,Gumboro (IBD)
3498,4,rainy,North West,14,Amprolium,0,1,1,0,0,0,sick_check,Salmonellosis
3499,22,rainy,North Central,7,None,0,0,1,1,0,0,sick_check,Newcastle Disease
3500,57,dry,South East,14,Tylosin,0,0,0,0,0,0,sick_check,Healthy
3501,17,rainy,North West,60,None,0,0,1,1,0,0,sick_check,Fowl Typhoid
3502,0,rainy,South East,7,Oxytetracycline,1,1,0,0,0,0,sick_check,Salmonellosis
3503,4,dry,North East,180,None,0,1,0,1,0,0,sick_check,Coccidiosis
3504,10,dry,North Central,90,None,0,1,0,0,0,0,sick_check,Fowl Typhoid
3505,8,rainy,North Central,30,Tylosin,0,0,0,0,0,0,sick_check,Newcastle Disease
3506,47,rainy,North Central,180,None,0,1,0,0,1,0,sick_check,Coccidiosis
3507,3,dry,South West,14,Tylosin,1,0,1,0,1,0,sick_check,Salmonellosis
3508,6,rainy,South West,7,Vitamin_Electrolyte,0,1,0,0,0,0,sick_check,Healthy
3509,13,rainy,South East,7,Amprolium,0,0,0,0,0,0,sick_check,Healthy
3510,3,dry,North East,7,None,0,0,1,1,0,3,death_log,Gumboro (IBD)
3511,50,dry,North East,,None,0,0,0,1,1,0,sick_check,Newcastle Disease
3512,3,rainy,South South,,Vitamin_Electrolyte,0,1,1,0,0,0,sick_check,Coccidiosis
3513,52,rainy,North West,180,Vitamin_Electrolyte,1,0,0,0,1,0,sick_check,Newcastle Disease
3514,6,rainy,North West,14,None,0,0,0,1,0,0,sick_check,Coccidiosis
3515,56,dry,North West,60,None,0,0,0,0,0,0,sick_check,Healthy
3516,63,dry,North East,,Sulfadimidine,0,0,0,0,0,0,sick_check,Healthy
3517,3,rainy,South East,60,Tylosin,0,1,1,1,0,0,sick_check,Gumboro (IBD)
3518,17,dry,North West,60,None,0,1,0,0,0,0,sick_check,Fowl Typhoid
3519,6,rainy,South South,90,None,0,0,0,1,0,0,sick_check,Coccidiosis
3520,10,rainy,North West,30,Sulfadimidine,0,1,1,1,1,0,sick_check,Newcastle Disease
3521,12,dry,North Central,,None,0,1,1,1,0,0,sick_check,Fowl Typhoid
3522,6,dry,South West,30,None,1,0,1,1,1,1,death_log,Gumboro (IBD)
3523,2,rainy,South East,60,Sulfadimidine,1,1,0,1,0,0,sick_check,Salmonellosis
3524,55,dry,South West,14,None,0,0,0,0,0,0,sick_check,Healthy
3525,6,rainy,South West,,Sulfadimidine,1,1,0,1,0,0,sick_check,Coccidiosis
3526,4,dry,North East,180,Amprolium,0,0,1,1,0,0,sick_check,Salmonellosis
3527,4,dry,North East,14,Amprolium,0,1,0,1,1,0,sick_check,Coccidiosis
3528,6,rainy,South West,60,Tylosin,0,0,1,1,0,2,death_log,Coccidiosis
3529,3,rainy,South South,180,Vitamin_Electrolyte,0,0,0,1,0,0,sick_check,Coccidiosis
3530,5,rainy,South East,30,Vitamin_Electrolyte,0,1,1,1,0,0,sick_check,Coccidiosis
3531,5,dry,South East,14,Tylosin,0,0,0,0,0,0,sick_check,Gumboro (IBD)
3532,34,dry,South South,7,Sulfadimidine,1,1,1,1,0,0,sick_check,Newcastle Disease
3533,2,rainy,North Central,30,Oxytetracycline,0,1,1,1,0,0,sick_check,Salmonellosis
3534,52,dry,North Central,90,None,0,1,1,0,0,5,death_log,Fowl Typhoid
3535,13,dry,North Central,180,None,0,0,0,0,0,0,sick_check,Healthy
3536,5,dry,North Central,14,Tylosin,0,1,1,0,0,2,death_log,Gumboro (IBD)
3537,47,dry,South South,7,None,1,1,1,0,0,0,sick_check,Newcastle Disease
3538,13,dry,South South,7,Tylosin,1,0,0,1,0,1,death_log,Newcastle Disease
3539,32,dry,South East,180,Amprolium,0,0,0,0,0,0,sick_check,Healthy
3540,71,rainy,South West,,None,0,0,0,1,0,0,sick_check,Healthy
3541,4,rainy,North West,7,Oxytetracycline,0,0,1,1,1,0,sick_check,Gumboro (IBD)
3542,14,dry,North Central,30,Tylosin,0,0,1,1,0,0,sick_check,Newcastle Disease
3543,34,dry,South West,180,None,1,0,0,1,0,0,sick_check,Fowl Typhoid
3544,74,rainy,North East,90,Sulfadimidine,1,1,1,1,0,0,sick_check,Newcastle Disease
3545,41,rainy,North East,,None,1,0,1,1,0,0,sick_check,Fowl Typhoid
3546,1,dry,South West,,None,0,0,1,1,0,0,sick_check,Salmonellosis
3547,4,rainy,South West,180,None,0,1,1,1,0,0,sick_check,Salmonellosis
3548,30,dry,South West,,None,1,0,0,0,0,0,sick_check,Healthy
3549,58,rainy,South East,14,None,0,1,1,0,0,0,sick_check,Fowl Typhoid
3550,6,dry,South East,14,None,0,0,0,1,0,8,death_log,Gumboro (IBD)
3551,16,rainy,South South,7,None,1,1,1,1,1,4,death_log,Newcastle Disease
3552,66,dry,South South,7,None,1,0,1,1,0,0,sick_check,Newcastle Disease
3553,15,rainy,North Central,,None,0,0,0,0,0,0,sick_check,Healthy
3554,2,rainy,South West,90,Tylosin,0,1,1,1,0,0,sick_check,Salmonellosis
3555,1,rainy,South South,14,Vitamin_Electrolyte,1,1,0,0,0,0,sick_check,Salmonellosis
3556,8,rainy,South West,90,None,0,1,0,1,1,0,sick_check,Coccidiosis
3557,5,dry,North West,14,Amprolium,0,1,1,1,1,2,death_log,Gumboro (IBD)
3558,3,rainy,North West,7,Oxytetracycline,0,1,0,1,0,3,death_log,Salmonellosis
3559,34,rainy,South East,60,Oxytetracycline,1,1,1,1,1,0,sick_check,Newcastle Disease
3560,2,dry,South South,30,Oxytetracycline,0,1,1,1,0,0,sick_check,Salmonellosis
3561,13,dry,North East,90,Vitamin_Electrolyte,1,0,0,0,0,0,sick_check,Healthy
3562,2,dry,North Central,30,Vitamin_Electrolyte,0,1,1,0,0,0,sick_check,Salmonellosis
3563,2,rainy,South East,,Sulfadimidine,0,1,1,1,1,7,death_log,Salmonellosis
3564,57,dry,North Central,7,Tylosin,0,0,0,0,0,0,sick_check,Newcastle Disease
3565,43,rainy,North East,30,None,0,0,0,0,0,0,sick_check,Healthy
3566,41,dry,South East,90,Tylosin,1,1,0,1,0,0,sick_check,Fowl Typhoid
3567,56,rainy,South South,60,None,0,1,1,0,1,0,sick_check,Fowl Typhoid
3568,1,dry,North Central,14,None,0,0,1,0,0,0,sick_check,Salmonellosis
3569,1,rainy,South East,7,None,0,1,1,1,0,0,sick_check,Salmonellosis
3570,4,rainy,South South,180,Oxytetracycline,0,1,1,0,0,1,death_log,Coccidiosis
3571,1,rainy,North Central,14,Tylosin,0,1,0,0,0,6,death_log,Salmonellosis
3572,6,rainy,South South,90,Vitamin_Electrolyte,1,1,1,0,0,0,sick_check,Newcastle Disease
3573,13,rainy,North West,7,None,0,1,1,0,0,0,sick_check,Coccidiosis
3574,2,rainy,South South,30,None,1,1,1,0,0,0,sick_check,Newcastle Disease
3575,74,dry,North West,180,Oxytetracycline,1,1,1,1,1,0,sick_check,Fowl Typhoid
3576,26,rainy,North West,,Tylosin,0,0,0,0,0,0,sick_check,Healthy
3577,28,rainy,North Central,30,Tylosin,0,0,1,1,0,0,sick_check,Fowl Typhoid
3578,1,dry,North West,30,None,0,1,1,0,0,0,sick_check,Salmonellosis
3579,39,rainy,North Central,30,None,1,0,0,0,0,0,sick_check,Fowl Typhoid
3580,35,rainy,North Central,60,Sulfadimidine,1,0,1,1,0,0,sick_check,Newcastle Disease
3581,59,dry,North West,90,Amprolium,1,1,1,0,0,3,death_log,Newcastle Disease
3582,0,rainy,South West,180,None,0,0,0,1,0,0,sick_check,Coccidiosis
3583,5,rainy,North West,180,None,1,0,1,1,1,0,sick_check,Gumboro (IBD)
3584,31,dry,South West,180,Oxytetracycline,1,1,0,1,0,0,sick_check,Newcastle Disease
3585,52,rainy,North East,30,None,1,0,1,0,0,0,sick_check,Fowl Typhoid
3586,17,dry,North Central,60,Vitamin_Electrolyte,1,1,0,0,0,0,sick_check,Fowl Typhoid
3587,73,rainy,North West,180,Vitamin_Electrolyte,0,0,0,0,0,5,death_log,Fowl Typhoid
3588,73,dry,South West,7,None,0,0,1,1,0,0,sick_check,Fowl Typhoid
3589,8,rainy,North West,30,Tylosin,0,1,0,1,0,1,death_log,Coccidiosis
3590,0,rainy,North West,30,Amprolium,0,1,1,1,0,0,sick_check,Coccidiosis
3591,7,rainy,North Central,180,Tylosin,0,1,1,1,0,0,sick_check,Coccidiosis
3592,57,dry,North Central,90,Oxytetracycline,1,1,0,1,0,0,sick_check,Fowl Typhoid
3593,8,rainy,South East,7,None,0,1,0,1,0,0,sick_check,Coccidiosis
3594,33,rainy,South West,14,Tylosin,1,1,1,0,1,0,sick_check,Fowl Typhoid
3595,69,dry,South West,14,None,0,0,0,0,0,0,sick_check,Healthy
3596,60,dry,South East,,None,0,0,0,1,0,1,death_log,Fowl Typhoid
3597,4,dry,North West,180,None,0,1,1,1,1,0,sick_check,Gumboro (IBD)
3598,49,dry,South West,7,Vitamin_Electrolyte,1,1,1,1,0,0,sick_check,Fowl Typhoid
3599,60,dry,South East,180,Amprolium,1,1,1,0,1,2,death_log,Newcastle Disease
3600,8,rainy,South South,7,None,0,1,0,1,0,1,death_log,Coccidiosis
3601,5,rainy,North East,14,None,0,1,1,1,0,1,death_log,Coccidiosis
3602,4,rainy,North East,90,None,0,1,1,0,0,0,sick_check,Coccidiosis
3603,0,rainy,North West,180,Tylosin,0,1,1,0,1,0,sick_check,Gumboro (IBD)
3604,46,dry,South West,180,None,1,1,1,1,0,0,sick_check,Newcastle Disease
3605,30,dry,South West,90,Oxytetracycline,1,1,0,0,0,0,sick_check,Fowl Typhoid
3606,8,rainy,South East,180,None,0,1,0,1,0,1,death_log,Coccidiosis
3607,4,rainy,North West,60,None,0,1,1,0,0,0,sick_check,Coccidiosis
3608,44,dry,North East,180,None,0,0,0,0,0,0,sick_check,Healthy
3609,13,dry,South South,30,None,0,0,1,0,0,0,sick_check,Fowl Typhoid
3610,7,rainy,South West,,Sulfadimidine,1,1,1,1,0,1,death_log,Coccidiosis
3611,67,rainy,North Central,14,Amprolium,0,1,0,0,0,0,sick_check,Healthy
3612,23,dry,South East,14,Oxytetracycline,1,1,1,1,0,0,sick_check,Fowl Typhoid
3613,48,rainy,North Central,7,None,0,0,0,1,0,0,sick_check,Healthy
3614,47,rainy,South East,60,Amprolium,1,0,0,0,0,0,sick_check,Newcastle Disease
3615,53,rainy,South South,30,Sulfadimidine,1,1,1,1,1,3,death_log,Newcastle Disease
3616,3,dry,South West,60,Amprolium,0,1,0,1,0,0,sick_check,Coccidiosis
3617,66,dry,North East,14,None,1,1,1,0,1,0,sick_check,Fowl Typhoid
3618,29,dry,South East,30,Amprolium,1,1,1,1,0,0,sick_check,Newcastle Disease
3619,66,dry,South South,180,None,0,1,1,0,0,0,sick_check,Fowl Typhoid
3620,13,dry,North West,30,None,1,0,1,1,0,0,sick_check,Fowl Typhoid
3621,50,rainy,North Central,60,None,0,1,1,0,1,4,death_log,Newcastle Disease
3622,6,rainy,North West,30,Vitamin_Electrolyte,0,1,1,1,0,0,sick_check,Gumboro (IBD)
3623,7,rainy,South East,180,None,0,1,0,1,1,1,death_log,Coccidiosis
3624,1,dry,South East,90,Vitamin_Electrolyte,0,1,1,1,1,0,sick_check,Salmonellosis
3625,47,dry,South East,14,Sulfadimidine,1,1,1,1,1,4,death_log,Newcastle Disease
3626,44,dry,North East,90,None,1,0,1,0,0,0,sick_check,Newcastle Disease
3627,52,dry,South West,90,None,1,0,1,1,1,0,sick_check,Newcastle Disease
3628,7,dry,North East,,Tylosin,0,1,1,1,0,0,sick_check,Coccidiosis
3629,7,rainy,South East,90,None,0,1,0,0,0,0,sick_check,Coccidiosis
3630,42,dry,South West,,Tylosin,1,1,0,1,1,3,death_log,Newcastle Disease
3631,32,rainy,South East,7,Oxytetracycline,1,0,1,1,1,0,sick_check,Newcastle Disease
3632,39,dry,South East,,None,1,1,1,1,0,0,sick_check,Newcastle Disease
3633,3,rainy,North East,7,None,0,0,1,1,0,0,sick_check,Gumboro (IBD)
3634,13,dry,North West,60,Tylosin,1,1,0,1,0,0,sick_check,Fowl Typhoid
3635,4,dry,North East,,None,0,0,0,0,0,3,death_log,Gumboro (IBD)
3636,25,dry,South West,7,None,1,0,0,1,1,0,sick_check,Newcastle Disease
3637,43,dry,North West,30,Oxytetracycline,1,1,1,1,1,0,sick_check,Newcastle Disease
3638,57,rainy,South East,7,Oxytetracycline,1,0,1,1,1,0,sick_check,Newcastle Disease
3639,5,rainy,South South,180,None,0,0,1,1,0,1,death_log,Coccidiosis
3640,6,rainy,South South,60,None,0,1,0,1,1,2,death_log,Coccidiosis
3641,27,dry,South East,14,Oxytetracycline,1,1,0,1,0,0,sick_check,Newcastle Disease
3642,0,rainy,North East,14,None,0,1,0,1,0,0,sick_check,Coccidiosis
3643,8,rainy,South West,,Sulfadimidine,0,0,0,1,0,0,sick_check,Coccidiosis
3644,73,dry,South West,90,None,1,0,1,0,0,0,sick_check,Fowl Typhoid
3645,7,rainy,South East,14,Sulfadimidine,0,1,0,1,0,2,death_log,Coccidiosis
3646,70,rainy,North East,180,Vitamin_Electrolyte,0,0,0,0,0,0,sick_check,Healthy
3647,75,rainy,South East,14,None,0,0,1,1,1,0,sick_check,Newcastle Disease
3648,34,rainy,North West,7,None,0,0,1,1,0,0,sick_check,Fowl Typhoid
3649,64,rainy,North East,90,Tylosin,0,1,1,1,0,0,sick_check,Fowl Typhoid
3650,4,rainy,North East,60,Tylosin,1,1,1,0,0,0,sick_check,Coccidiosis
3651,3,rainy,North West,180,None,0,0,1,0,0,0,sick_check,Salmonellosis
3652,3,dry,South South,14,None,0,0,1,1,1,4,death_log,Gumboro (IBD)
3653,62,dry,South South,60,None,0,1,1,1,0,0,sick_check,Fowl Typhoid
3654,73,rainy,South South,7,None,0,0,1,1,0,6,death_log,Fowl Typhoid
3655,31,rainy,North Central,14,Sulfadimidine,1,1,1,0,0,2,death_log,Newcastle Disease
3656,4,rainy,South South,,Amprolium,0,1,0,0,0,1,death_log,Coccidiosis
3657,44,dry,North West,14,None,1,0,0,1,0,6,death_log,Newcastle Disease
3658,2,dry,North East,,Oxytetracycline,0,1,1,0,0,0,sick_check,Salmonellosis
3659,6,rainy,North West,,Oxytetracycline,0,1,0,0,0,0,sick_check,Coccidiosis
3660,57,rainy,North Central,90,Oxytetracycline,0,0,0,0,0,0,sick_check,Healthy
3661,21,rainy,North West,7,Oxytetracycline,0,0,0,0,0,0,sick_check,Healthy
3662,46,dry,South East,30,None,0,0,1,0,0,2,death_log,Newcastle Disease
3663,38,rainy,North Central,,None,1,0,1,0,1,5,death_log,Fowl Typhoid
3664,1,rainy,North East,14,None,1,1,0,1,0,1,death_log,Salmonellosis
3665,1,dry,North West,,None,0,0,1,1,1,0,sick_check,Salmonellosis
3666,33,rainy,North West,14,Amprolium,0,0,1,0,1,0,sick_check,Healthy
3667,11,rainy,South South,7,None,0,0,1,1,0,0,sick_check,Coccidiosis
3668,2,dry,North Central,30,Tylosin,1,1,1,0,0,3,death_log,Salmonellosis
3669,44,dry,South East,,None,0,1,1,1,0,1,death_log,Fowl Typhoid
3670,5,rainy,South East,,None,0,1,1,1,0,0,sick_check,Coccidiosis
3671,2,dry,South West,14,Tylosin,1,0,1,1,0,0,sick_check,Newcastle Disease
3672,5,dry,North Central,30,None,1,0,1,1,0,5,death_log,Newcastle Disease
3673,1,rainy,South East,14,Vitamin_Electrolyte,0,0,0,0,0,0,sick_check,Salmonellosis
3674,18,dry,South West,,None,0,1,1,1,0,0,sick_check,Salmonellosis
3675,4,rainy,North West,30,Tylosin,0,1,1,0,0,0,sick_check,Salmonellosis
3676,50,dry,South South,180,None,1,0,1,1,0,0,sick_check,Newcastle Disease
3677,16,dry,South East,7,Sulfadimidine,0,0,1,0,0,0,sick_check,Fowl Typhoid
3678,39,rainy,South West,30,Sulfadimidine,0,1,1,1,0,0,sick_check,Fowl Typhoid
3679,7,dry,South West,14,Oxytetracycline,0,1,1,1,0,1,death_log,Coccidiosis
3680,0,dry,North Central,7,Sulfadimidine,0,0,1,1,0,0,sick_check,Salmonellosis
3681,0,dry,South West,,Oxytetracycline,0,1,0,1,0,3,death_log,Salmonellosis
3682,2,rainy,North Central,30,None,1,1,0,0,0,0,sick_check,Newcastle Disease
3683,6,rainy,South South,180,Oxytetracycline,0,1,1,1,0,0,sick_check,Gumboro (IBD)
3684,35,rainy,South South,30,None,1,0,1,0,0,1,death_log,Fowl Typhoid
3685,5,rainy,North East,14,None,0,1,1,1,0,0,sick_check,Coccidiosis
3686,0,dry,North West,30,None,0,0,0,1,0,0,sick_check,Salmonellosis
3687,46,dry,South East,7,None,1,0,1,1,0,0,sick_check,Fowl Typhoid
3688,0,rainy,South West,7,Vitamin_Electrolyte,0,1,1,1,0,1,death_log,Salmonellosis
3689,68,rainy,South West,14,Sulfadimidine,1,0,1,0,0,0,sick_check,Fowl Typhoid
3690,2,rainy,North Central,,None,0,0,0,1,0,0,sick_check,Salmonellosis
3691,76,dry,South South,7,Sulfadimidine,0,1,1,1,0,0,sick_check,Fowl Typhoid
3692,3,dry,North East,,None,0,1,1,1,0,3,death_log,Salmonellosis
3693,6,rainy,North Central,90,None,0,1,1,1,0,0,sick_check,Gumboro (IBD)
3694,24,rainy,South East,180,None,0,0,0,0,1,0,sick_check,Healthy
3695,4,rainy,South East,7,None,0,1,1,0,0,0,sick_check,Gumboro (IBD)
3696,5,rainy,South East,180,None,1,1,1,1,1,2,death_log,Gumboro (IBD)
3697,5,dry,South East,14,None,1,0,1,0,0,0,sick_check,Gumboro (IBD)
3698,58,dry,North West,,None,1,1,1,1,1,4,death_log,Fowl Typhoid
3699,0,dry,North Central,60,Amprolium,0,0,1,1,0,0,sick_check,Salmonellosis
3700,51,rainy,North Central,7,None,1,0,1,1,0,0,sick_check,Newcastle Disease
3701,46,rainy,South East,180,Amprolium,1,0,1,1,0,0,sick_check,Fowl Typhoid
3702,6,rainy,South East,60,None,0,1,0,0,0,0,sick_check,Coccidiosis
3703,3,rainy,South West,180,None,0,1,1,0,0,0,sick_check,Salmonellosis
3704,0,rainy,North West,,None,0,1,1,1,0,0,sick_check,Coccidiosis
3705,8,rainy,South South,180,None,1,1,1,1,0,0,sick_check,Coccidiosis
3706,36,rainy,North Central,60,Vitamin_Electrolyte,0,0,1,0,0,0,sick_check,Fowl Typhoid
3707,61,dry,South West,90,None,0,0,0,0,1,0,sick_check,Healthy
3708,13,dry,South East,7,Sulfadimidine,1,1,1,1,1,3,death_log,Newcastle Disease
3709,56,rainy,North East,30,Sulfadimidine,0,0,0,0,0,0,sick_check,Healthy
3710,46,rainy,North West,30,None,0,0,0,0,0,0,sick_check,Healthy
3711,59,rainy,North Central,60,None,0,0,1,0,0,1,death_log,Fowl Typhoid
3712,3,rainy,North West,30,None,0,1,1,1,1,0,sick_check,Salmonellosis
3713,68,dry,South East,90,Tylosin,0,0,0,1,1,1,death_log,Newcastle Disease
3714,0,rainy,South West,180,None,1,1,0,1,0,1,death_log,Coccidiosis
3715,5,rainy,South East,30,None,0,0,0,1,0,0,sick_check,Gumboro (IBD)
3716,28,rainy,South East,90,None,1,1,1,1,0,0,sick_check,Newcastle Disease
3717,6,dry,North East,60,Amprolium,0,0,1,0,0,0,sick_check,Coccidiosis
3718,10,rainy,North East,30,None,0,0,1,1,0,2,death_log,Gumboro (IBD)
3719,56,dry,North West,14,None,1,1,1,0,0,0,sick_check,Newcastle Disease
3720,44,rainy,North Central,,None,0,0,0,0,0,0,sick_check,Healthy
3721,7,rainy,North Central,90,None,0,1,1,1,0,2,death_log,Coccidiosis
3722,4,rainy,North Central,60,Amprolium,0,0,1,1,0,0,sick_check,Gumboro (IBD)
3723,6,rainy,South East,90,Tylosin,0,1,1,1,0,1,death_log,Coccidiosis
3724,37,dry,South South,90,None,1,0,1,1,0,3,death_log,Newcastle Disease
3725,3,rainy,South West,90,Vitamin_Electrolyte,1,1,1,1,0,0,sick_check,Salmonellosis
3726,31,rainy,South South,14,None,1,0,1,1,0,0,sick_check,Newcastle Disease
3727,59,rainy,North West,90,Oxytetracycline,1,0,1,0,0,0,sick_check,Newcastle Disease
3728,8,rainy,North Central,180,None,0,0,0,0,0,0,sick_check,Coccidiosis
3729,8,rainy,South East,90,Tylosin,1,1,1,1,1,0,sick_check,Newcastle Disease
3730,22,dry,North West,60,None,1,0,1,0,1,0,sick_check,Newcastle Disease
3731,42,dry,South East,30,None,0,0,1,1,0,0,sick_check,Newcastle Disease
3732,3,dry,North East,30,Amprolium,0,1,1,1,0,0,sick_check,Salmonellosis
3733,5,dry,South West,14,None,0,1,1,1,0,1,death_log,Coccidiosis
3734,8,rainy,South East,90,None,0,1,1,1,0,0,sick_check,Coccidiosis
3735,3,rainy,North West,,Sulfadimidine,1,1,1,1,0,0,sick_check,Salmonellosis
3736,4,rainy,North Central,14,None,0,1,0,0,0,0,sick_check,Coccidiosis
3737,4,rainy,North West,90,Oxytetracycline,0,0,1,0,0,0,sick_check,Salmonellosis
3738,4,rainy,South West,7,None,0,1,1,1,0,0,sick_check,Coccidiosis
3739,15,dry,North West,90,None,1,0,0,0,0,0,sick_check,Fowl Typhoid
3740,0,rainy,South West,7,Vitamin_Electrolyte,0,0,1,1,0,0,sick_check,Salmonellosis
3741,3,rainy,North East,180,Sulfadimidine,0,1,0,1,0,0,sick_check,Salmonellosis
3742,75,rainy,South South,180,Tylosin,0,1,1,1,0,0,sick_check,Fowl Typhoid
3743,47,rainy,North East,60,None,1,1,1,0,1,0,sick_check,Newcastle Disease
3744,34,dry,South East,90,Oxytetracycline,0,1,1,0,0,0,sick_check,Fowl Typhoid
3745,23,rainy,South South,60,None,1,1,1,1,0,5,death_log,Newcastle Disease
3746,4,rainy,South West,30,None,0,1,0,1,0,0,sick_check,Coccidiosis
3747,5,dry,North East,180,Sulfadimidine,0,0,1,0,0,0,sick_check,Gumboro (IBD)
3748,4,dry,South South,7,Amprolium,0,0,0,1,0,0,sick_check,Gumboro (IBD)
3749,5,rainy,South East,,Tylosin,1,1,1,0,0,0,sick_check,Salmonellosis
3750,3,rainy,South South,180,Oxytetracycline,0,1,1,1,1,0,sick_check,Coccidiosis
3751,2,dry,South West,180,Oxytetracycline,0,1,1,1,0,2,death_log,Salmonellosis
3752,50,dry,South South,30,Vitamin_Electrolyte,0,1,1,0,0,0,sick_check,Newcastle Disease
3753,4,rainy,South East,90,None,1,1,1,0,1,0,sick_check,Newcastle Disease
3754,5,rainy,North West,7,None,1,1,1,1,0,1,death_log,Coccidiosis
3755,37,dry,South South,180,Oxytetracycline,1,0,1,0,0,0,sick_check,Fowl Typhoid
3756,58,rainy,South East,180,None,0,1,1,1,1,4,death_log,Fowl Typhoid
3757,30,dry,North Central,180,Oxytetracycline,0,0,0,0,0,0,sick_check,Healthy
3758,5,dry,South West,30,None,0,0,0,0,0,0,sick_check,Coccidiosis
3759,5,rainy,South South,180,Tylosin,1,1,1,1,0,0,sick_check,Gumboro (IBD)
3760,16,rainy,South East,14,None,0,0,1,0,0,0,sick_check,Coccidiosis
3761,3,dry,South West,180,None,0,1,1,1,1,0,sick_check,Salmonellosis
3762,37,rainy,South East,,None,0,0,1,1,0,0,sick_check,Fowl Typhoid
3763,71,dry,North East,60,None,1,0,1,0,0,3,death_log,Fowl Typhoid
3764,72,rainy,South East,60,Sulfadimidine,0,0,0,1,0,0,sick_check,Healthy
3765,42,rainy,South West,180,Tylosin,0,1,0,0,1,3,death_log,Newcastle Disease
3766,6,dry,South East,90,None,0,0,0,0,0,0,sick_check,Healthy
3767,44,dry,South South,30,Oxytetracycline,1,1,1,1,0,0,sick_check,Fowl Typhoid
3768,6,dry,North Central,90,None,0,0,1,0,0,0,sick_check,Gumboro (IBD)
3769,36,rainy,North Central,30,Amprolium,0,0,1,0,1,7,death_log,Newcastle Disease
3770,7,rainy,North West,90,Amprolium,0,1,1,1,0,0,sick_check,Coccidiosis
3771,14,dry,South South,,None,1,1,1,0,0,0,sick_check,Fowl Typhoid
3772,69,dry,South East,90,None,1,0,1,1,1,0,sick_check,Newcastle Disease
3773,4,rainy,South West,90,Vitamin_Electrolyte,0,0,0,0,1,0,sick_check,Healthy
3774,2,rainy,North East,30,Oxytetracycline,1,1,0,1,1,0,sick_check,Newcastle Disease
3775,0,dry,South East,30,Tylosin,1,1,1,0,0,1,death_log,Salmonellosis
3776,26,rainy,North Central,60,Amprolium,0,0,1,0,0,0,sick_check,Newcastle Disease
3777,25,dry,South South,90,Vitamin_Electrolyte,0,0,0,0,0,0,sick_check,Healthy
3778,16,dry,North East,,Tylosin,0,0,1,0,0,0,sick_check,Healthy
3779,4,rainy,North West,180,Vitamin_Electrolyte,0,1,1,0,0,0,sick_check,Gumboro (IBD)
3780,2,rainy,North West,180,Sulfadimidine,0,1,0,0,1,1,death_log,Salmonellosis
3781,77,dry,North East,,None,1,1,1,1,1,0,sick_check,Newcastle Disease
3782,62,rainy,North West,180,Tylosin,0,0,0,1,0,0,sick_check,Fowl Typhoid
3783,15,dry,South East,14,None,0,0,1,1,1,0,sick_check,Newcastle Disease
3784,4,dry,South South,14,Tylosin,0,0,1,1,0,0,sick_check,Gumboro (IBD)
3785,26,rainy,North Central,180,None,0,1,1,1,0,1,death_log,Coccidiosis
3786,4,dry,South South,7,None,0,1,0,1,1,3,death_log,Newcastle Disease
3787,4,dry,North Central,,None,0,1,0,1,0,0,sick_check,Gumboro (IBD)
3788,10,rainy,South East,30,None,1,0,0,0,0,0,sick_check,Healthy
3789,14,dry,North West,60,None,0,0,1,1,1,2,death_log,Fowl Typhoid
3790,2,dry,South West,60,Vitamin_Electrolyte,0,1,1,0,0,0,sick_check,Salmonellosis
3791,4,dry,South South,90,None,1,0,0,0,0,0,sick_check,Gumboro (IBD)
3792,31,rainy,South South,90,Oxytetracycline,0,0,1,0,1,0,sick_check,Newcastle Disease
3793,44,dry,North East,30,None,0,1,0,0,0,0,sick_check,Fowl Typhoid
3794,18,rainy,South West,14,Tylosin,1,0,1,1,0,0,sick_check,Fowl Typhoid
3795,22,rainy,South East,,None,0,0,0,0,0,0,sick_check,Healthy
3796,0,rainy,South West,30,Vitamin_Electrolyte,0,1,0,0,1,0,sick_check,Salmonellosis
3797,23,dry,North East,180,Sulfadimidine,1,1,1,1,1,0,sick_check,Newcastle Disease
3798,6,rainy,North West,180,Vitamin_Electrolyte,0,1,1,1,0,1,death_log,Coccidiosis
3799,3,rainy,North East,14,Amprolium,0,1,1,0,0,0,sick_check,Salmonellosis
3800,24,rainy,South West,,Amprolium,0,1,1,1,0,2,death_log,Fowl Typhoid
3801,2,dry,North East,7,None,0,1,1,0,0,0,sick_check,Salmonellosis
3802,6,rainy,South East,14,Vitamin_Electrolyte,0,1,1,1,1,0,sick_check,Coccidiosis
3803,4,dry,North East,7,None,0,1,1,1,0,0,sick_check,Coccidiosis
3804,0,dry,North West,14,None,0,0,1,1,0,0,sick_check,Gumboro (IBD)
3805,6,rainy,South South,30,None,1,1,1,1,0,0,sick_check,Newcastle Disease
3806,57,dry,North West,7,None,1,1,0,0,1,0,sick_check,Newcastle Disease
3807,51,dry,South West,180,None,1,0,1,0,0,0,sick_check,Newcastle Disease
3808,52,rainy,North Central,30,None,1,0,1,1,0,0,sick_check,Newcastle Disease
3809,56,rainy,South West,14,Vitamin_Electrolyte,0,0,0,0,0,0,sick_check,Healthy
3810,7,rainy,North East,30,Sulfadimidine,0,0,0,1,0,0,sick_check,Coccidiosis
3811,5,rainy,North East,14,None,0,0,0,1,0,0,sick_check,Gumboro (IBD)
3812,6,dry,North West,90,None,0,1,1,0,1,0,sick_check,Gumboro (IBD)
3813,0,rainy,North West,90,None,1,0,0,1,1,0,sick_check,Salmonellosis
3814,12,rainy,North East,60,Sulfadimidine,1,1,0,1,1,0,sick_check,Newcastle Disease
3815,5,dry,South West,,None,0,1,0,0,0,0,sick_check,Gumboro (IBD)
3816,14,dry,North Central,30,None,1,1,1,1,1,2,death_log,Fowl Typhoid
3817,42,dry,North East,14,Tylosin,0,1,1,1,0,0,sick_check,Fowl Typhoid
3818,24,rainy,South East,,None,0,0,1,0,0,3,death_log,Salmonellosis
3819,8,rainy,North East,,Oxytetracycline,0,1,1,1,0,1,death_log,Coccidiosis
3820,26,dry,North Central,,None,0,0,0,0,0,0,sick_check,Healthy
3821,64,dry,South South,180,Amprolium,0,1,1,1,0,0,sick_check,Newcastle Disease
3822,41,dry,South East,60,None,0,0,0,1,0,4,death_log,Fowl Typhoid
3823,5,rainy,North West,,Sulfadimidine,0,1,1,1,0,2,death_log,Coccidiosis
3824,1,rainy,South East,90,Vitamin_Electrolyte,1,1,0,1,0,0,sick_check,Salmonellosis
3825,26,rainy,South South,7,Sulfadimidine,1,1,1,1,0,2,death_log,Fowl Typhoid
3826,47,dry,South West,14,Amprolium,0,1,0,0,0,0,sick_check,Fowl Typhoid
3827,19,rainy,South South,180,None,1,0,1,1,1,0,sick_check,Fowl Typhoid
3828,55,dry,North West,60,None,1,1,1,1,1,0,sick_check,Newcastle Disease
3829,8,dry,South South,,Amprolium,0,1,1,1,0,0,sick_check,Coccidiosis
3830,6,dry,North West,180,None,0,1,0,0,0,0,sick_check,Coccidiosis
3831,4,dry,South East,7,None,1,1,0,1,0,5,death_log,Salmonellosis
3832,1,dry,North Central,14,Tylosin,0,1,1,1,0,6,death_log,Salmonellosis
3833,12,rainy,North East,180,None,0,1,0,0,0,0,sick_check,Healthy
3834,4,dry,North Central,7,None,0,1,1,1,0,0,sick_check,Coccidiosis
3835,43,rainy,North Central,7,None,1,0,1,1,0,0,sick_check,Fowl Typhoid
3836,0,dry,South East,,Tylosin,0,1,1,1,0,0,sick_check,Gumboro (IBD)
3837,3,rainy,North West,7,None,0,1,1,1,0,0,sick_check,Coccidiosis
3838,2,dry,South West,30,None,0,1,1,1,0,0,sick_check,Salmonellosis
3839,6,dry,North Central,7,Oxytetracycline,0,0,0,0,0,2,death_log,Gumboro (IBD)
3840,13,rainy,North Central,90,None,0,1,1,1,1,0,sick_check,Fowl Typhoid
3841,8,dry,North Central,60,None,0,1,1,1,0,0,sick_check,Coccidiosis
3842,5,dry,North West,180,None,0,0,0,1,0,0,sick_check,Healthy
3843,8,rainy,North East,,Sulfadimidine,0,1,0,1,0,0,sick_check,Coccidiosis
3844,9,rainy,North East,180,None,1,0,1,0,0,0,sick_check,Newcastle Disease
3845,6,rainy,South South,,None,0,1,1,1,0,0,sick_check,Coccidiosis
3846,28,rainy,North West,60,Vitamin_Electrolyte,0,0,0,0,0,0,sick_check,Healthy
3847,4,rainy,South East,180,None,1,0,0,0,1,0,sick_check,Newcastle Disease
3848,4,dry,North Central,90,None,0,1,1,0,0,0,sick_check,Coccidiosis
3849,74,rainy,South East,14,Sulfadimidine,0,0,0,0,0,0,sick_check,Healthy
3850,68,dry,North West,,None,0,1,1,0,0,0,sick_check,Fowl Typhoid
3851,4,rainy,South South,90,Amprolium,0,0,0,1,0,1,death_log,Coccidiosis
3852,3,rainy,North West,90,Vitamin_Electrolyte,0,1,1,0,0,0,sick_check,Coccidiosis
3853,13,rainy,South East,,Amprolium,0,1,0,1,1,0,sick_check,Fowl Typhoid
3854,30,rainy,North East,7,None,1,1,1,1,0,0,sick_check,Newcastle Disease
3855,5,dry,North East,180,None,0,0,0,1,1,0,sick_check,Gumboro (IBD)
3856,40,rainy,South East,14,None,1,1,1,1,0,0,sick_check,Fowl Typhoid
3857,5,dry,South East,,Vitamin_Electrolyte,0,0,1,1,0,0,sick_check,Coccidiosis
3858,29,rainy,South West,7,None,0,0,0,0,0,0,sick_check,Healthy
3859,0,rainy,North West,,None,0,1,1,1,0,0,sick_check,Coccidiosis
3860,2,dry,South East,,Oxytetracycline,0,1,0,1,0,0,sick_check,Salmonellosis
3861,34,rainy,North Central,60,None,1,1,1,0,1,4,death_log,Newcastle Disease
3862,17,rainy,North West,30,None,1,1,1,0,1,0,sick_check,Newcastle Disease
3863,40,dry,South South,30,Amprolium,1,0,1,1,0,0,sick_check,Fowl Typhoid
3864,5,rainy,South West,30,None,1,0,1,0,0,0,sick_check,Newcastle Disease
3865,70,dry,South East,90,None,0,0,1,1,0,4,death_log,Newcastle Disease
3866,68,rainy,North Central,30,None,1,1,1,0,0,3,death_log,Newcastle Disease
3867,18,dry,South East,14,Vitamin_Electrolyte,0,1,1,0,0,1,death_log,Gumboro (IBD)
3868,28,rainy,North East,7,Sulfadimidine,1,0,1,0,0,0,sick_check,Fowl Typhoid
3869,7,rainy,South South,60,Oxytetracycline,0,1,0,1,1,1,death_log,Coccidiosis
3870,5,rainy,North West,60,Tylosin,0,1,0,0,0,1,death_log,Coccidiosis
3871,9,dry,North West,,Vitamin_Electrolyte,1,1,0,0,0,0,sick_check,Fowl Typhoid
3872,12,rainy,South East,,None,0,1,1,1,0,1,death_log,Coccidiosis
3873,27,rainy,South South,7,None,1,0,1,0,1,5,death_log,Newcastle Disease
3874,5,rainy,North East,14,None,0,0,1,0,0,0,sick_check,Gumboro (IBD)
3875,6,dry,North West,60,Amprolium,0,1,1,0,0,0,sick_check,Coccidiosis
3876,26,dry,South East,7,None,0,0,0,1,1,3,death_log,Newcastle Disease
3877,2,dry,South East,,Sulfadimidine,0,1,1,0,0,0,sick_check,Healthy
3878,8,rainy,North West,90,Tylosin,0,1,1,1,1,1,death_log,Coccidiosis
3879,2,rainy,North East,180,Sulfadimidine,1,1,0,1,0,0,sick_check,Salmonellosis
3880,2,dry,South East,30,None,0,0,1,1,0,0,sick_check,Salmonellosis
3881,30,rainy,South West,90,None,1,1,0,1,0,0,sick_check,Newcastle Disease
3882,45,rainy,South East,,None,1,1,1,1,0,0,sick_check,Newcastle Disease
3883,3,rainy,South West,14,Sulfadimidine,0,0,1,1,0,0,sick_check,Coccidiosis
3884,7,rainy,North West,14,Oxytetracycline,0,1,0,1,1,0,sick_check,Coccidiosis
3885,1,rainy,North West,7,None,0,1,0,0,0,0,sick_check,Salmonellosis
3886,15,rainy,South South,180,None,1,0,1,1,0,3,death_log,Newcastle Disease
3887,22,dry,North Central,,Oxytetracycline,0,0,0,0,0,0,sick_check,Healthy
3888,3,dry,South South,60,Amprolium,0,1,1,1,1,0,sick_check,Gumboro (IBD)
3889,4,rainy,South East,90,Sulfadimidine,0,0,1,1,0,0,sick_check,Coccidiosis
3890,5,dry,North West,30,None,1,0,1,1,0,2,death_log,Newcastle Disease
3891,48,dry,North West,90,Tylosin,1,0,1,0,0,0,sick_check,Newcastle Disease
3892,8,dry,North Central,30,Sulfadimidine,1,1,1,1,0,0,sick_check,Coccidiosis
3893,4,dry,South West,14,None,0,1,1,0,0,0,sick_check,Salmonellosis
3894,77,rainy,South East,90,None,1,0,1,0,1,1,death_log,Newcastle Disease
3895,6,rainy,South South,60,Vitamin_Electrolyte,0,0,0,1,0,0,sick_check,Gumboro (IBD)
3896,45,rainy,South East,90,None,1,1,1,0,0,0,sick_check,Newcastle Disease
3897,5,dry,North East,60,None,1,1,0,1,0,0,sick_check,Gumboro (IBD)
3898,72,dry,South East,,None,1,1,1,0,0,0,sick_check,Fowl Typhoid
3899,3,rainy,South West,7,None,0,1,0,1,0,0,sick_check,Gumboro (IBD)
3900,13,rainy,North East,180,Sulfadimidine,0,0,0,0,0,0,sick_check,Healthy
3901,2,rainy,South East,90,Amprolium,0,1,1,1,1,0,sick_check,Salmonellosis
3902,29,rainy,North East,14,Tylosin,1,0,0,1,0,1,death_log,Newcastle Disease
3903,71,rainy,South West,90,Sulfadimidine,1,1,0,1,1,0,sick_check,Newcastle Disease
3904,3,rainy,South West,7,Amprolium,0,1,1,1,0,0,sick_check,Gumboro (IBD)
3905,30,rainy,South East,7,None,0,1,0,0,0,1,death_log,Healthy
3906,30,rainy,North West,180,Oxytetracycline,0,0,1,1,1,0,sick_check,Fowl Typhoid
3907,32,rainy,North West,60,Sulfadimidine,1,1,1,0,0,5,death_log,Newcastle Disease
3908,63,rainy,North West,60,Oxytetracycline,1,1,0,1,0,0,sick_check,Newcastle Disease
3909,7,rainy,South South,180,Sulfadimidine,0,1,0,0,0,0,sick_check,Coccidiosis
3910,5,dry,South West,180,None,0,0,0,1,0,0,sick_check,Gumboro (IBD)
3911,52,dry,North West,14,None,1,1,0,1,1,1,death_log,Newcastle Disease
3912,1,rainy,South East,30,Tylosin,0,1,0,0,0,0,sick_check,Salmonellosis
3913,45,rainy,South West,180,None,1,0,1,1,0,0,sick_check,Fowl Typhoid
3914,4,dry,South East,60,Amprolium,0,0,1,0,0,0,sick_check,Coccidiosis
3915,18,rainy,South South,14,None,1,1,1,1,0,0,sick_check,Fowl Typhoid
3916,56,rainy,South South,,Amprolium,1,1,1,1,1,0,sick_check,Newcastle Disease
3917,3,dry,North Central,90,None,0,0,1,1,0,0,sick_check,Gumboro (IBD)
3918,43,rainy,North Central,180,Sulfadimidine,1,1,1,1,0,0,sick_check,Fowl Typhoid
3919,3,dry,South South,60,None,0,1,1,1,0,0,sick_check,Salmonellosis
3920,33,rainy,North Central,30,None,1,0,1,0,0,0,sick_check,Newcastle Disease
3921,67,dry,North Central,14,None,1,0,1,0,1,3,death_log,Newcastle Disease
3922,26,dry,South East,14,None,0,1,1,1,0,0,sick_check,Fowl Typhoid
3923,17,dry,North East,30,Oxytetracycline,0,0,0,0,1,0,sick_check,Healthy
3924,49,dry,North Central,7,Oxytetracycline,1,1,1,0,1,0,sick_check,Fowl Typhoid
3925,6,dry,South West,90,None,0,1,1,1,0,0,sick_check,Coccidiosis
3926,57,dry,North Central,7,None,0,0,0,0,0,0,sick_check,Healthy
3927,56,dry,South South,180,None,0,0,1,1,0,0,sick_check,Fowl Typhoid
3928,4,dry,South South,90,Sulfadimidine,0,1,1,1,1,0,sick_check,Coccidiosis
3929,14,rainy,North East,,None,1,1,1,1,1,3,death_log,Newcastle Disease
3930,23,dry,South West,7,Amprolium,1,0,1,1,0,0,sick_check,Newcastle Disease
3931,7,rainy,North East,,Vitamin_Electrolyte,1,1,0,1,0,1,death_log,Coccidiosis
3932,9,dry,South West,,Vitamin_Electrolyte,1,1,0,1,0,0,sick_check,Newcastle Disease
3933,6,dry,North East,,None,0,0,0,0,0,1,death_log,Gumboro (IBD)
3934,3,dry,South South,7,Vitamin_Electrolyte,0,0,1,1,0,0,sick_check,Gumboro (IBD)
3935,26,dry,South East,14,Amprolium,0,1,1,0,0,3,death_log,Salmonellosis
3936,6,rainy,South West,30,None,0,0,1,1,0,0,sick_check,Coccidiosis
3937,54,dry,South South,7,Tylosin,0,0,1,0,0,0,sick_check,Newcastle Disease
3938,6,rainy,North East,30,None,0,1,1,0,1,0,sick_check,Coccidiosis
3939,6,rainy,South South,7,None,0,1,0,1,1,1,death_log,Coccidiosis
3940,0,dry,South West,90,Sulfadimidine,0,1,1,0,0,3,death_log,Coccidiosis
3941,0,rainy,South West,90,None,0,1,0,1,0,0,sick_check,Coccidiosis
3942,6,rainy,North West,7,None,0,1,1,1,0,0,sick_check,Coccidiosis
3943,5,rainy,North East,30,None,0,1,1,1,0,1,death_log,Coccidiosis
3944,24,rainy,South East,180,None,0,0,1,0,0,0,sick_check,Healthy
3945,3,dry,South East,7,Tylosin,0,1,0,1,0,0,sick_check,Gumboro (IBD)
3946,2,dry,South West,180,None,0,1,1,0,0,0,sick_check,Salmonellosis
3947,10,dry,North East,60,None,0,1,0,1,0,0,sick_check,Fowl Typhoid
3948,17,rainy,North West,14,None,0,0,1,1,0,0,sick_check,Newcastle Disease
3949,55,dry,South East,7,None,1,0,1,1,0,6,death_log,Newcastle Disease
3950,58,rainy,South East,14,None,1,1,1,0,0,0,sick_check,Fowl Typhoid
3951,1,dry,South East,14,None,0,1,1,0,0,3,death_log,Salmonellosis
3952,18,rainy,South West,180,Sulfadimidine,0,1,1,0,1,0,sick_check,Newcastle Disease
3953,7,rainy,North West,60,None,0,1,0,1,0,2,death_log,Coccidiosis
3954,62,rainy,South West,30,None,1,0,0,1,0,0,sick_check,Fowl Typhoid
3955,13,rainy,North East,180,Vitamin_Electrolyte,0,0,1,0,0,5,death_log,Fowl Typhoid
3956,4,rainy,South South,14,None,0,1,1,0,0,0,sick_check,Coccidiosis
3957,59,rainy,North West,14,None,1,1,0,0,0,0,sick_check,Newcastle Disease
3958,1,rainy,North West,7,None,0,0,0,0,0,0,sick_check,Salmonellosis
3959,55,rainy,South East,14,Amprolium,0,0,0,0,0,0,sick_check,Healthy
3960,10,dry,South South,,Oxytetracycline,0,1,0,0,1,0,sick_check,Healthy
3961,44,rainy,South South,180,None,1,1,1,1,0,0,sick_check,Newcastle Disease
3962,3,rainy,North West,90,Tylosin,1,0,1,1,0,0,sick_check,Gumboro (IBD)
3963,70,rainy,North West,7,None,1,1,0,0,1,5,death_log,Newcastle Disease
3964,57,rainy,South West,14,None,1,1,1,1,1,0,sick_check,Newcastle Disease
3965,1,rainy,North West,7,None,0,1,0,1,0,2,death_log,Salmonellosis
3966,8,rainy,South South,,None,0,0,1,0,1,0,sick_check,Newcastle Disease
3967,24,dry,North West,60,None,1,1,1,1,1,3,death_log,Newcastle Disease
3968,14,rainy,South South,14,Oxytetracycline,0,1,0,1,0,0,sick_check,Coccidiosis
3969,53,dry,South South,180,None,0,0,0,0,0,0,sick_check,Healthy
3970,2,rainy,North West,90,Vitamin_Electrolyte,0,1,1,1,0,0,sick_check,Salmonellosis
3971,42,rainy,North Central,30,Sulfadimidine,0,0,1,1,1,0,sick_check,Newcastle Disease
3972,2,rainy,South East,90,None,0,1,1,1,0,0,sick_check,Salmonellosis
3973,9,rainy,South South,180,None,0,1,1,1,1,0,sick_check,Fowl Typhoid
3974,25,rainy,South East,14,None,1,0,1,1,1,3,death_log,Newcastle Disease
3975,71,rainy,South East,,Oxytetracycline,0,0,0,0,0,0,sick_check,Healthy
3976,3,rainy,South South,90,Amprolium,0,1,0,1,0,0,sick_check,Coccidiosis
3977,5,dry,North Central,7,None,0,0,1,1,0,0,sick_check,Coccidiosis
3978,65,rainy,North Central,90,Vitamin_Electrolyte,1,1,0,1,0,0,sick_check,Fowl Typhoid
3979,1,rainy,North Central,14,None,0,0,1,1,0,5,death_log,Salmonellosis
3980,14,rainy,South South,90,Amprolium,0,0,0,1,0,0,sick_check,Newcastle Disease
3981,78,dry,North East,14,None,0,1,1,1,1,2,death_log,Fowl Typhoid
3982,3,rainy,South West,90,None,1,1,1,0,1,0,sick_check,Gumboro (IBD)
3983,15,rainy,North Central,14,None,0,1,1,0,0,0,sick_check,Coccidiosis
3984,1,dry,North East,,Vitamin_Electrolyte,0,1,0,0,0,0,sick_check,Salmonellosis
3985,4,dry,North Central,90,Amprolium,0,0,1,1,0,0,sick_check,Gumboro (IBD)
3986,7,dry,North Central,60,Vitamin_Electrolyte,0,0,1,0,0,0,sick_check,Healthy
3987,5,rainy,North Central,30,Vitamin_Electrolyte,1,1,0,0,0,0,sick_check,Gumboro (IBD)
3988,8,rainy,South West,60,None,0,1,0,1,0,1,death_log,Coccidiosis
3989,47,dry,South West,90,Sulfadimidine,0,0,1,0,0,0,sick_check,Fowl Typhoid
3990,2,rainy,North East,90,Tylosin,1,1,0,1,0,0,sick_check,Salmonellosis
3991,5,dry,North West,30,Vitamin_Electrolyte,1,1,0,1,0,0,sick_check,Coccidiosis
3992,72,dry,North West,30,None,1,1,1,1,1,1,death_log,Fowl Typhoid
3993,37,dry,North East,180,None,0,1,1,1,0,0,sick_check,Fowl Typhoid
3994,39,rainy,North Central,60,None,1,0,1,1,0,0,sick_check,Newcastle Disease
3995,12,dry,North East,7,None,1,1,1,0,1,0,sick_check,Salmonellosis
3996,3,rainy,South South,60,Sulfadimidine,1,1,1,1,0,0,sick_check,Salmonellosis
3997,33,dry,South South,60,Vitamin_Electrolyte,1,1,1,1,0,0,sick_check,Fowl Typhoid
3998,3,rainy,North Central,90,Amprolium,0,1,1,1,0,0,sick_check,Salmonellosis
3999,5,rainy,South West,60,None,0,1,0,1,0,1,death_log,Coccidiosis
4000,1,rainy,North Central,180,None,0,1,1,1,0,3,death_log,Salmonellosis
4001,20,dry,North Central,14,None,0,0,1,0,0,1,death_log,Gumboro (IBD)
4002,51,rainy,South West,,Oxytetracycline,0,0,0,0,0,0,sick_check,Healthy
4003,16,dry,South West,,Amprolium,0,1,1,1,0,0,sick_check,Fowl Typhoid
4004,7,rainy,North Central,60,Amprolium,0,1,1,1,0,0,sick_check,Coccidiosis
4005,12,rainy,South South,180,None,0,1,1,1,0,0,sick_check,Salmonellosis
4006,3,dry,South East,30,None,0,1,1,1,0,0,sick_check,Gumboro (IBD)
4007,43,rainy,North East,,Oxytetracycline,0,0,0,1,0,5,death_log,Fowl Typhoid
4008,42,rainy,North Central,14,None,1,0,1,1,1,0,sick_check,Newcastle Disease
4009,10,rainy,South South,30,Sulfadimidine,0,1,0,1,0,2,death_log,Fowl Typhoid
4010,65,rainy,South South,180,None,0,0,0,0,0,0,sick_check,Healthy
4011,8,rainy,North West,60,Oxytetracycline,0,1,1,0,0,0,sick_check,Coccidiosis
4012,5,rainy,North East,14,Tylosin,0,1,0,1,0,0,sick_check,Coccidiosis
4013,1,dry,South East,60,None,0,1,1,1,1,0,sick_check,Newcastle Disease
4014,3,rainy,North Central,14,None,0,1,1,1,0,1,death_log,Coccidiosis
4015,5,rainy,South West,14,Tylosin,0,1,1,0,0,1,death_log,Gumboro (IBD)
4016,0,dry,South South,14,None,0,1,1,0,0,0,sick_check,Salmonellosis
4017,0,dry,North East,14,None,0,1,1,1,0,0,sick_check,Gumboro (IBD)
4018,14,rainy,North Central,7,Amprolium,0,0,1,1,0,2,death_log,Salmonellosis
4019,2,rainy,South East,60,None,1,1,1,0,0,0,sick_check,Salmonellosis
4020,58,dry,North West,,None,0,0,0,0,0,0,sick_check,Healthy
4021,42,rainy,North East,60,Vitamin_Electrolyte,0,0,1,1,0,0,sick_check,Fowl Typhoid
4022,9,dry,North Central,14,Vitamin_Electrolyte,1,1,1,1,0,1,death_log,Fowl Typhoid
4023,20,dry,South East,14,Vitamin_Electrolyte,0,0,1,0,0,2,death_log,Salmonellosis
4024,76,dry,South East,30,Tylosin,1,1,1,1,0,2,death_log,Fowl Typhoid
4025,21,rainy,South South,7,Tylosin,0,0,0,1,0,0,sick_check,Healthy
4026,6,rainy,North East,180,None,0,1,0,0,0,0,sick_check,Coccidiosis
4027,46,dry,North West,30,Sulfadimidine,1,0,0,0,0,6,death_log,Newcastle Disease
4028,4,dry,South East,180,None,1,1,1,1,0,1,death_log,Salmonellosis
4029,50,dry,North East,7,None,1,0,0,0,0,0,sick_check,Fowl Typhoid
4030,76,rainy,South South,14,Oxytetracycline,0,1,1,0,0,4,death_log,Fowl Typhoid
4031,4,dry,North East,7,None,0,1,0,1,0,1,death_log,Salmonellosis
4032,21,rainy,South East,14,Oxytetracycline,1,1,1,1,1,2,death_log,Newcastle Disease
4033,59,dry,North Central,7,None,0,0,0,1,0,0,sick_check,Healthy
4034,12,dry,South South,60,None,1,0,1,0,0,3,death_log,Newcastle Disease
4035,4,dry,North East,,None,0,1,1,1,0,0,sick_check,Gumboro (IBD)
4036,0,rainy,North East,7,None,0,1,0,1,0,0,sick_check,Salmonellosis
4037,1,dry,South South,,None,0,1,1,1,0,4,death_log,Salmonellosis
4038,20,rainy,North East,,None,0,0,1,1,0,3,death_log,Fowl Typhoid
4039,42,rainy,South East,14,None,0,0,0,0,0,0,sick_check,Healthy
4040,25,rainy,South East,14,None,0,1,1,0,1,0,sick_check,Coccidiosis
4041,46,rainy,North West,60,None,1,1,0,0,0,0,sick_check,Healthy
4042,3,dry,South East,30,None,0,0,1,0,0,0,sick_check,Gumboro (IBD)
4043,39,dry,South East,,Vitamin_Electrolyte,0,0,0,0,0,1,death_log,Healthy
4044,32,rainy,North Central,7,Oxytetracycline,1,0,1,1,0,3,death_log,Newcastle Disease
4045,4,rainy,North West,60,None,0,1,1,1,0,2,death_log,Salmonellosis
4046,1,dry,South West,60,Sulfadimidine,0,0,1,1,0,1,death_log,Salmonellosis
4047,3,rainy,North East,7,None,0,0,1,1,0,0,sick_check,Gumboro (IBD)
4048,34,dry,South South,30,Sulfadimidine,1,1,0,0,1,3,death_log,Newcastle Disease
4049,40,dry,South South,180,None,0,1,0,0,0,0,sick_check,Healthy
4050,74,rainy,North East,60,None,1,1,0,1,0,0,sick_check,Newcastle Disease
4051,11,rainy,North Central,60,None,0,1,1,0,0,0,sick_check,Fowl Typhoid
4052,77,dry,North Central,90,Tylosin,0,1,1,1,0,0,sick_check,Newcastle Disease
4053,0,dry,North Central,7,Sulfadimidine,0,1,1,0,0,0,sick_check,Salmonellosis
4054,37,rainy,North Central,,Tylosin,0,1,1,0,0,0,sick_check,Newcastle Disease
4055,0,dry,North East,30,None,0,1,0,0,0,0,sick_check,Salmonellosis
4056,3,dry,South West,60,Vitamin_Electrolyte,1,1,0,1,0,3,death_log,Salmonellosis
4057,3,rainy,North West,,Oxytetracycline,0,1,0,1,0,0,sick_check,Coccidiosis
4058,1,rainy,South East,60,Sulfadimidine,1,1,1,1,0,1,death_log,Newcastle Disease
4059,37,dry,North Central,,Amprolium,1,1,1,1,0,4,death_log,Fowl Typhoid
4060,3,dry,South West,30,None,0,1,1,0,1,0,sick_check,Gumboro (IBD)
4061,6,rainy,North West,180,None,0,1,0,1,0,1,death_log,Coccidiosis
4062,4,rainy,South East,14,Oxytetracycline,0,1,1,1,0,0,sick_check,Gumboro (IBD)
4063,1,dry,North West,30,None,1,1,0,0,0,0,sick_check,Healthy
4064,28,rainy,South East,,Oxytetracycline,1,1,1,0,1,0,sick_check,Newcastle Disease
4065,54,rainy,North East,180,None,0,0,0,0,0,0,sick_check,Healthy
4066,5,dry,South East,60,Sulfadimidine,0,1,1,1,0,0,sick_check,Gumboro (IBD)
4067,7,rainy,North West,14,None,0,0,0,1,0,0,sick_check,Healthy
4068,4,dry,North East,7,Tylosin,0,0,1,1,0,2,death_log,Salmonellosis
4069,70,dry,South South,30,None,1,0,1,1,0,0,sick_check,Newcastle Disease
4070,44,dry,North Central,7,None,0,1,1,1,0,0,sick_check,Fowl Typhoid
4071,52,rainy,North East,14,None,0,1,0,1,0,0,sick_check,Fowl Typhoid
4072,30,dry,North East,60,None,1,1,1,0,0,4,death_log,Newcastle Disease
4073,3,dry,South East,180,Sulfadimidine,0,0,0,1,1,0,sick_check,Gumboro (IBD)
4074,18,rainy,North East,7,None,0,1,1,1,0,1,death_log,Coccidiosis
4075,8,rainy,North East,7,Sulfadimidine,1,1,0,1,0,0,sick_check,Coccidiosis
4076,4,rainy,North West,7,None,0,1,1,1,0,2,death_log,Salmonellosis
4077,24,rainy,North East,14,None,0,0,1,1,0,0,sick_check,Fowl Typhoid
4078,53,dry,South West,90,None,1,1,1,0,0,0,sick_check,Fowl Typhoid
4079,0,dry,North Central,180,None,0,0,1,1,1,0,sick_check,Gumboro (IBD)
4080,15,dry,South West,7,Tylosin,0,1,1,0,1,4,death_log,Newcastle Disease
4081,6,dry,North East,,Vitamin_Electrolyte,0,0,1,1,0,0,sick_check,Gumboro (IBD)
4082,10,dry,South South,7,Sulfadimidine,0,1,0,1,0,0,sick_check,Gumboro (IBD)
4083,46,dry,North East,14,Sulfadimidine,0,1,1,1,0,0,sick_check,Fowl Typhoid
4084,5,rainy,North East,,Vitamin_Electrolyte,1,0,0,0,0,1,death_log,Coccidiosis
4085,3,dry,North East,14,None,0,0,1,1,0,2,death_log,Salmonellosis
4086,63,dry,North East,,None,0,1,1,1,0,0,sick_check,Newcastle Disease
4087,13,dry,South West,30,None,0,0,0,1,0,3,death_log,Salmonellosis
4088,50,rainy,South West,,None,1,0,1,1,0,4,death_log,Fowl Typhoid
4089,5,rainy,North East,180,Vitamin_Electrolyte,1,1,0,0,0,1,death_log,Coccidiosis
4090,8,rainy,South South,60,Vitamin_Electrolyte,0,1,0,1,0,0,sick_check,Coccidiosis
4091,4,dry,North West,90,None,0,1,1,1,0,0,sick_check,Gumboro (IBD)
4092,5,rainy,South West,,Oxytetracycline,0,1,0,1,0,0,sick_check,Coccidiosis
4093,48,rainy,North East,90,None,1,1,1,1,1,0,sick_check,Newcastle Disease
4094,6,rainy,South West,,Oxytetracycline,0,1,1,0,0,0,sick_check,Coccidiosis
4095,5,rainy,North Central,,None,0,0,1,0,1,1,death_log,Gumboro (IBD)
4096,8,rainy,South East,30,Sulfadimidine,0,1,1,0,1,0,sick_check,Coccidiosis
4097,16,rainy,South South,14,Oxytetracycline,0,0,0,0,0,0,sick_check,Healthy
4098,16,dry,North West,14,Vitamin_Electrolyte,1,0,1,1,0,0,sick_check,Fowl Typhoid
4099,23,dry,North East,60,Sulfadimidine,1,1,1,0,1,0,sick_check,Fowl Typhoid
4100,0,dry,North Central,,None,0,1,1,0,0,3,death_log,Salmonellosis
4101,11,dry,South East,,None,1,1,1,1,0,4,death_log,Newcastle Disease
4102,55,dry,South South,90,Tylosin,1,0,1,0,0,0,sick_check,Newcastle Disease
4103,5,rainy,North East,,Oxytetracycline,0,1,1,0,0,0,sick_check,Coccidiosis
4104,0,rainy,North West,30,None,0,1,0,0,1,1,death_log,Coccidiosis
4105,8,rainy,North East,90,Tylosin,0,1,0,0,0,0,sick_check,Coccidiosis
4106,4,rainy,North Central,,Sulfadimidine,0,1,0,1,0,0,sick_check,Coccidiosis
4107,4,rainy,South West,90,Amprolium,0,1,1,0,0,1,death_log,Coccidiosis
4108,21,rainy,South South,90,None,0,1,0,1,0,0,sick_check,Newcastle Disease
4109,40,dry,North Central,,None,1,0,1,1,1,0,sick_check,Newcastle Disease
4110,3,rainy,South East,,None,0,1,1,0,1,0,sick_check,Gumboro (IBD)
4111,64,rainy,South South,60,Vitamin_Electrolyte,0,0,0,0,0,0,sick_check,Healthy
4112,2,rainy,South South,180,Amprolium,0,1,1,1,1,4,death_log,Salmonellosis
4113,38,dry,North West,180,Oxytetracycline,1,0,1,1,0,0,sick_check,Fowl Typhoid
4114,78,dry,South South,60,None,1,1,1,1,1,0,sick_check,Fowl Typhoid
4115,33,dry,South West,90,Amprolium,1,0,1,0,0,0,sick_check,Newcastle Disease
4116,39,dry,South East,30,None,1,1,0,1,0,5,death_log,Newcastle Disease
4117,61,rainy,North West,90,Sulfadimidine,1,1,0,1,0,0,sick_check,Fowl Typhoid
4118,0,dry,South South,90,None,0,1,1,0,0,2,death_log,Salmonellosis
4119,5,dry,North West,7,Amprolium,0,0,1,1,0,2,death_log,Gumboro (IBD)
4120,0,rainy,South West,90,None,0,1,1,1,0,0,sick_check,Coccidiosis
4121,58,rainy,North Central,7,None,1,0,1,0,0,0,sick_check,Newcastle Disease
4122,3,rainy,North West,,Amprolium,0,1,1,1,0,0,sick_check,Coccidiosis
4123,58,dry,South East,7,None,1,0,1,1,0,0,sick_check,Fowl Typhoid
4124,5,rainy,South South,180,Sulfadimidine,0,1,0,1,0,0,sick_check,Gumboro (IBD)
4125,61,rainy,South East,30,None,1,1,0,1,0,0,sick_check,Fowl Typhoid
4126,0,rainy,North West,60,None,0,1,0,1,0,0,sick_check,Coccidiosis
4127,2,rainy,South East,90,None,0,1,1,1,0,3,death_log,Salmonellosis
4128,2,dry,South South,,None,1,0,0,1,1,0,sick_check,Newcastle Disease
4129,7,dry,South West,60,None,0,0,1,1,0,0,sick_check,Coccidiosis
4130,1,dry,South South,7,Amprolium,0,1,0,0,0,0,sick_check,Salmonellosis
4131,3,dry,South East,14,None,0,1,1,1,0,0,sick_check,Salmonellosis
4132,60,rainy,North Central,14,None,1,0,1,0,0,0,sick_check,Newcastle Disease
4133,0,dry,South South,60,None,0,0,0,1,0,1,death_log,Salmonellosis
4134,19,rainy,North Central,180,Amprolium,0,0,1,0,0,0,sick_check,Healthy
4135,52,dry,South South,30,None,1,1,1,1,1,0,sick_check,Newcastle Disease
4136,18,rainy,South West,7,Amprolium,1,1,1,1,1,0,sick_check,Fowl Typhoid
4137,39,rainy,South South,14,None,1,1,0,1,1,0,sick_check,Fowl Typhoid
4138,42,rainy,South West,180,Sulfadimidine,1,1,1,0,1,0,sick_check,Newcastle Disease
4139,6,dry,South West,60,None,0,0,0,0,1,0,sick_check,Healthy
4140,9,dry,North West,60,Vitamin_Electrolyte,1,0,0,1,0,4,death_log,Newcastle Disease
4141,50,rainy,North East,14,None,0,0,1,0,1,0,sick_check,Fowl Typhoid
4142,68,rainy,North East,14,Sulfadimidine,0,0,0,1,0,0,sick_check,Healthy
4143,4,rainy,South South,180,Oxytetracycline,0,1,1,0,0,2,death_log,Gumboro (IBD)
4144,1,dry,North East,14,Sulfadimidine,0,0,1,1,0,0,sick_check,Salmonellosis
4145,49,dry,South East,7,None,1,0,1,0,0,1,death_log,Fowl Typhoid
4146,61,rainy,North East,90,None,0,0,0,0,0,0,sick_check,Healthy
4147,4,rainy,South West,7,Tylosin,0,1,0,0,1,1,death_log,Coccidiosis
4148,62,rainy,South South,,Vitamin_Electrolyte,1,1,1,0,0,0,sick_check,Newcastle Disease
4149,4,rainy,North Central,14,Vitamin_Electrolyte,0,0,1,0,0,0,sick_check,Coccidiosis
4150,5,rainy,North West,60,None,0,1,0,1,1,0,sick_check,Coccidiosis
4151,1,rainy,South East,14,Amprolium,0,1,1,0,0,0,sick_check,Salmonellosis
4152,5,rainy,North Central,60,None,0,0,1,1,0,0,sick_check,Coccidiosis
4153,10,rainy,North East,7,None,1,0,1,1,1,0,sick_check,Newcastle Disease
4154,42,rainy,South South,180,Tylosin,0,0,0,0,0,0,sick_check,Healthy
4155,41,dry,South South,14,Oxytetracycline,1,0,1,0,0,0,sick_check,Newcastle Disease
4156,7,rainy,North West,180,Oxytetracycline,0,0,1,1,0,1,death_log,Coccidiosis
4157,6,rainy,North Central,7,Amprolium,0,0,1,0,0,0,sick_check,Gumboro (IBD)
4158,24,rainy,South West,14,None,1,0,1,1,1,0,sick_check,Newcastle Disease
4159,7,rainy,North Central,,Vitamin_Electrolyte,0,1,0,1,1,0,sick_check,Coccidiosis
4160,55,rainy,South South,,Tylosin,0,0,0,0,0,0,sick_check,Healthy
4161,4,dry,North East,,None,0,0,1,1,0,1,death_log,Gumboro (IBD)
4162,4,dry,South West,,None,0,0,1,1,0,0,sick_check,Salmonellosis
4163,67,rainy,North Central,90,None,1,0,1,0,0,0,sick_check,Fowl Typhoid
4164,3,rainy,North East,14,Sulfadimidine,1,0,1,1,0,5,death_log,Salmonellosis
4165,52,rainy,South South,180,Oxytetracycline,0,1,0,1,1,0,sick_check,Newcastle Disease
4166,38,rainy,South East,30,Amprolium,1,0,0,1,0,3,death_log,Fowl Typhoid
4167,55,rainy,South South,30,None,0,1,0,1,0,0,sick_check,Fowl Typhoid
4168,3,rainy,South South,7,Sulfadimidine,0,1,0,0,0,1,death_log,Salmonellosis
4169,77,dry,South South,90,None,1,0,1,0,1,0,sick_check,Newcastle Disease
4170,46,rainy,South West,30,None,0,1,1,1,1,4,death_log,Newcastle Disease
4171,1,rainy,South West,7,None,0,1,1,0,0,4,death_log,Salmonellosis
4172,25,dry,South East,60,None,0,1,1,1,0,0,sick_check,Fowl Typhoid
4173,3,dry,North East,30,None,0,1,1,1,0,0,sick_check,Salmonellosis
4174,6,rainy,North East,14,Amprolium,0,1,1,0,1,1,death_log,Coccidiosis
4175,30,rainy,South West,30,Tylosin,1,0,1,1,0,0,sick_check,Newcastle Disease
4176,2,dry,South West,30,None,1,0,1,1,0,0,sick_check,Salmonellosis
4177,4,dry,South East,14,Amprolium,0,1,1,1,0,0,sick_check,Salmonellosis
4178,4,dry,South West,60,None,0,0,1,1,0,0,sick_check,Gumboro (IBD)
4179,18,rainy,North Central,,None,0,0,1,1,0,0,sick_check,Coccidiosis
4180,5,rainy,North East,7,None,0,1,1,1,1,0,sick_check,Coccidiosis
4181,2,rainy,North Central,30,Vitamin_Electrolyte,0,1,0,1,0,0,sick_check,Salmonellosis
4182,10,dry,North Central,14,Vitamin_Electrolyte,1,1,1,1,1,1,death_log,Newcastle Disease
4183,3,dry,South West,14,None,0,0,1,1,0,0,sick_check,Gumboro (IBD)
4184,4,rainy,North West,7,None,0,0,1,1,0,0,sick_check,Coccidiosis
4185,5,dry,South East,60,Oxytetracycline,0,0,0,1,0,1,death_log,Coccidiosis
4186,21,rainy,North West,7,None,1,0,1,1,0,0,sick_check,Newcastle Disease
4187,71,dry,South West,,None,1,1,1,0,0,0,sick_check,Fowl Typhoid
4188,31,rainy,North East,30,None,1,1,1,1,0,0,sick_check,Newcastle Disease
4189,4,dry,South East,90,None,1,0,1,0,0,1,death_log,Newcastle Disease
4190,1,dry,South West,180,None,0,0,0,0,0,0,sick_check,Healthy
4191,28,rainy,South West,7,None,0,0,0,1,0,0,sick_check,Fowl Typhoid
4192,15,dry,North Central,14,None,1,0,0,1,1,0,sick_check,Newcastle Disease
4193,13,rainy,South East,30,Sulfadimidine,0,1,1,1,0,3,death_log,Coccidiosis
4194,43,dry,North West,30,Vitamin_Electrolyte,0,0,0,0,0,0,sick_check,Healthy
4195,5,rainy,North Central,30,Amprolium,0,1,1,1,0,0,sick_check,Gumboro (IBD)
4196,55,rainy,South West,30,Oxytetracycline,0,0,1,0,0,0,sick_check,Fowl Typhoid
4197,39,dry,North West,14,Tylosin,1,0,1,0,0,0,sick_check,Newcastle Disease
4198,4,rainy,North Central,14,Oxytetracycline,0,1,1,1,1,0,sick_check,Gumboro (IBD)
4199,24,dry,North West,,None,1,1,1,1,0,0,sick_check,Newcastle Disease
4200,7,rainy,North Central,180,Sulfadimidine,0,1,1,1,0,0,sick_check,Coccidiosis
4201,67,dry,South East,60,None,0,1,1,0,1,4,death_log,Newcastle Disease
4202,7,rainy,North West,90,None,0,1,0,1,0,0,sick_check,Coccidiosis
4203,5,rainy,South East,60,Sulfadimidine,0,1,0,0,0,0,sick_check,Coccidiosis
4204,0,rainy,South East,7,Tylosin,0,1,1,0,0,0,sick_check,Salmonellosis
4205,45,dry,South South,14,Amprolium,1,1,1,1,0,0,sick_check,Fowl Typhoid
4206,20,rainy,North Central,60,None,0,0,0,0,0,0,sick_check,Coccidiosis
4207,58,rainy,South South,,None,0,0,1,0,0,0,sick_check,Fowl Typhoid
4208,29,dry,North Central,14,Amprolium,0,1,1,1,0,0,sick_check,Healthy
4209,44,dry,North West,30,None,0,0,1,0,0,0,sick_check,Healthy
4210,11,dry,North East,7,Vitamin_Electrolyte,1,1,0,0,1,6,death_log,Newcastle Disease
4211,44,rainy,South South,60,Amprolium,0,1,1,1,0,0,sick_check,Fowl Typhoid
4212,27,rainy,South East,,None,1,1,1,0,0,0,sick_check,Fowl Typhoid
4213,37,rainy,South East,180,Vitamin_Electrolyte,1,1,1,1,0,0,sick_check,Fowl Typhoid
4214,4,rainy,North West,,Tylosin,0,1,0,1,0,1,death_log,Coccidiosis
4215,32,dry,North East,14,None,0,0,0,0,0,0,sick_check,Healthy
4216,8,dry,North East,90,None,0,1,1,1,0,0,sick_check,Coccidiosis
4217,18,dry,South East,,None,0,0,0,0,0,0,sick_check,Healthy
4218,52,dry,North Central,30,Sulfadimidine,1,0,1,0,0,0,sick_check,Fowl Typhoid
4219,3,dry,South South,180,None,1,0,0,1,0,0,sick_check,Gumboro (IBD)
4220,21,dry,South East,60,None,1,0,1,0,0,0,sick_check,Fowl Typhoid
4221,68,rainy,North East,60,Tylosin,1,1,0,0,0,0,sick_check,Fowl Typhoid
4222,27,dry,North East,90,None,0,1,1,1,0,0,sick_check,Fowl Typhoid
4223,3,rainy,South South,90,None,0,1,1,1,0,0,sick_check,Coccidiosis
4224,8,rainy,South West,,Tylosin,0,1,0,1,0,0,sick_check,Coccidiosis
4225,4,rainy,North Central,180,None,0,0,1,0,0,0,sick_check,Coccidiosis
4226,40,dry,South East,14,None,0,0,1,0,0,0,sick_check,Newcastle Disease
4227,8,dry,South South,14,Amprolium,1,1,1,0,0,0,sick_check,Coccidiosis
4228,75,rainy,South West,,Amprolium,0,0,0,0,1,0,sick_check,Healthy
4229,2,rainy,North Central,,None,0,1,1,0,1,0,sick_check,Salmonellosis
4230,2,dry,North East,30,Oxytetracycline,0,1,1,0,0,0,sick_check,Salmonellosis
4231,19,dry,South South,60,Tylosin,0,0,1,0,1,0,sick_check,Fowl Typhoid
4232,0,dry,North Central,180,None,0,0,1,0,0,0,sick_check,Gumboro (IBD)
4233,0,rainy,North Central,14,Oxytetracycline,0,0,1,1,0,2,death_log,Coccidiosis
4234,29,dry,South East,180,Oxytetracycline,1,0,1,0,0,0,sick_check,Newcastle Disease
4235,65,rainy,South West,30,Sulfadimidine,1,0,0,0,1,2,death_log,Newcastle Disease
4236,10,dry,North Central,30,Sulfadimidine,0,1,1,0,0,2,death_log,Newcastle Disease
4237,74,rainy,North Central,90,Sulfadimidine,1,1,1,1,0,0,sick_check,Newcastle Disease
4238,21,rainy,North Central,14,None,1,0,1,1,1,0,sick_check,Newcastle Disease
4239,54,rainy,South East,,Tylosin,0,0,0,0,0,0,sick_check,Healthy
4240,58,rainy,North Central,7,Sulfadimidine,1,1,1,0,0,0,sick_check,Fowl Typhoid
4241,3,rainy,South South,,None,0,0,0,1,0,0,sick_check,Coccidiosis
4242,27,dry,South West,30,None,0,1,1,0,0,3,death_log,Fowl Typhoid
4243,8,dry,North East,,Sulfadimidine,0,1,0,1,1,1,death_log,Coccidiosis
4244,0,rainy,South South,7,None,0,1,0,1,0,0,sick_check,Coccidiosis
4245,51,rainy,North East,30,Oxytetracycline,0,1,1,1,0,0,sick_check,Fowl Typhoid
4246,19,rainy,North Central,60,None,0,0,1,1,0,1,death_log,Fowl Typhoid
4247,4,dry,South South,,None,0,0,1,0,0,0,sick_check,Gumboro (IBD)
4248,17,dry,South East,30,None,0,1,1,1,0,0,sick_check,Fowl Typhoid
4249,8,rainy,North East,60,None,0,1,0,1,0,0,sick_check,Coccidiosis
4250,49,dry,North West,180,None,1,0,1,0,0,0,sick_check,Fowl Typhoid
4251,7,rainy,North Central,7,None,0,0,0,1,0,1,death_log,Coccidiosis
4252,55,dry,North East,7,Oxytetracycline,0,0,0,0,0,0,sick_check,Healthy
4253,3,rainy,South South,180,Tylosin,0,1,1,1,0,0,sick_check,Salmonellosis
4254,18,rainy,South East,30,Vitamin_Electrolyte,0,1,1,1,0,0,sick_check,Fowl Typhoid
4255,8,rainy,North Central,7,Sulfadimidine,1,0,1,0,0,0,sick_check,Newcastle Disease
4256,29,rainy,South South,90,None,1,0,1,0,0,2,death_log,Fowl Typhoid
4257,70,dry,North Central,7,Tylosin,1,0,1,1,0,2,death_log,Newcastle Disease
4258,6,rainy,South West,7,Vitamin_Electrolyte,0,1,1,1,0,0,sick_check,Gumboro (IBD)
4259,52,rainy,North Central,30,None,1,1,1,1,0,3,death_log,Fowl Typhoid
4260,34,rainy,South East,7,Amprolium,1,1,1,1,0,0,sick_check,Newcastle Disease
4261,61,rainy,South West,90,None,0,1,1,0,0,0,sick_check,Fowl Typhoid
4262,42,dry,South East,60,Vitamin_Electrolyte,0,1,0,0,1,0,sick_check,Fowl Typhoid
4263,5,rainy,South East,7,Vitamin_Electrolyte,0,1,0,1,0,0,sick_check,Coccidiosis
4264,2,dry,North East,180,None,0,1,1,1,0,0,sick_check,Salmonellosis
4265,44,rainy,North West,7,None,0,0,1,0,0,0,sick_check,Fowl Typhoid
4266,54,rainy,North Central,90,None,1,0,1,1,1,0,sick_check,Newcastle Disease
4267,7,rainy,South West,30,Amprolium,0,1,1,1,1,1,death_log,Coccidiosis
4268,56,rainy,North Central,,None,0,1,1,1,0,2,death_log,Newcastle Disease
4269,4,rainy,North Central,,None,0,0,1,1,1,0,sick_check,Coccidiosis
4270,5,dry,North West,,Vitamin_Electrolyte,1,1,0,1,0,0,sick_check,Gumboro (IBD)
4271,2,dry,South South,,Vitamin_Electrolyte,0,1,1,1,0,0,sick_check,Salmonellosis
4272,8,rainy,South West,90,Tylosin,1,1,0,1,0,0,sick_check,Coccidiosis
4273,17,rainy,North West,60,Tylosin,0,1,1,1,0,0,sick_check,Coccidiosis
4274,58,dry,North Central,180,None,0,0,0,0,0,0,sick_check,Healthy
4275,27,dry,South East,7,None,0,0,1,1,0,0,sick_check,Fowl Typhoid
4276,75,dry,North Central,14,None,0,1,0,1,0,6,death_log,Newcastle Disease
4277,7,rainy,North Central,60,None,1,0,0,1,0,4,death_log,Newcastle Disease
4278,6,rainy,North West,60,Sulfadimidine,0,0,1,1,0,1,death_log,Gumboro (IBD)
4279,1,dry,South South,30,None,0,0,1,1,0,0,sick_check,Salmonellosis
4280,2,dry,North Central,14,None,1,0,1,1,0,0,sick_check,Salmonellosis
4281,31,dry,North West,60,None,1,0,1,1,1,4,death_log,Newcastle Disease
4282,4,rainy,South South,30,None,0,1,1,0,0,1,death_log,Coccidiosis
4283,62,dry,South West,60,None,0,0,0,0,0,0,sick_check,Healthy
4284,2,rainy,North Central,60,None,0,1,1,0,0,0,sick_check,Salmonellosis
4285,7,rainy,North West,60,Vitamin_Electrolyte,0,1,1,1,1,0,sick_check,Coccidiosis
4286,28,dry,South West,60,None,1,1,1,1,0,0,sick_check,Fowl Typhoid
4287,6,rainy,North East,90,Oxytetracycline,0,1,0,0,0,0,sick_check,Coccidiosis
4288,2,rainy,South South,30,None,0,1,1,0,1,0,sick_check,Salmonellosis
4289,62,rainy,South West,90,Sulfadimidine,1,1,1,1,0,0,sick_check,Newcastle Disease
4290,17,dry,North East,,None,0,1,1,1,0,5,death_log,Newcastle Disease
4291,12,rainy,North Central,90,None,1,1,1,1,0,1,death_log,Newcastle Disease
4292,2,rainy,North Central,30,None,0,0,1,1,1,0,sick_check,Salmonellosis
4293,5,rainy,South East,30,None,0,0,0,0,0,0,sick_check,Coccidiosis
4294,41,rainy,North West,180,None,1,0,1,1,0,0,sick_check,Fowl Typhoid
4295,7,dry,North Central,180,None,0,1,1,0,1,0,sick_check,Fowl Typhoid
4296,12,rainy,South West,60,Tylosin,1,1,1,1,0,2,death_log,Newcastle Disease
4297,9,dry,South West,30,None,1,0,1,1,1,0,sick_check,Newcastle Disease
4298,45,dry,South West,180,None,1,0,0,1,0,0,sick_check,Fowl Typhoid
4299,16,rainy,South East,14,Amprolium,0,0,0,0,0,0,sick_check,Healthy
4300,5,dry,North Central,90,Vitamin_Electrolyte,0,1,1,0,0,3,death_log,Gumboro (IBD)
4301,8,rainy,North East,,None,0,1,1,0,0,2,death_log,Coccidiosis
4302,12,rainy,North West,7,Vitamin_Electrolyte,1,0,0,1,0,0,sick_check,Fowl Typhoid
4303,34,dry,North West,14,Oxytetracycline,0,1,1,1,1,0,sick_check,Newcastle Disease
4304,3,dry,South West,7,None,1,0,1,0,1,0,sick_check,Newcastle Disease
4305,32,rainy,North Central,180,Tylosin,1,1,0,1,0,0,sick_check,Fowl Typhoid
4306,3,rainy,South West,30,None,0,0,1,0,0,0,sick_check,Salmonellosis
4307,53,dry,North East,60,Vitamin_Electrolyte,1,1,0,1,1,0,sick_check,Newcastle Disease
4308,57,rainy,South East,14,None,0,1,0,1,1,3,death_log,Newcastle Disease
4309,5,dry,South East,180,Amprolium,0,0,0,0,0,0,sick_check,Healthy
4310,11,rainy,North East,14,None,1,1,1,0,0,2,death_log,Newcastle Disease
4311,77,dry,North East,90,Amprolium,0,1,1,1,1,0,sick_check,Newcastle Disease
4312,1,dry,North Central,90,None,0,0,0,1,1,0,sick_check,Salmonellosis
4313,62,dry,North Central,180,None,1,1,1,1,1,7,death_log,Newcastle Disease
4314,8,rainy,North Central,7,None,0,1,1,1,0,2,death_log,Coccidiosis
4315,5,dry,South West,180,Vitamin_Electrolyte,0,1,0,0,0,5,death_log,Gumboro (IBD)
4316,74,dry,South South,90,Amprolium,0,1,1,1,1,2,death_log,Fowl Typhoid
4317,50,dry,North East,7,None,1,1,0,1,0,0,sick_check,Newcastle Disease
4318,4,dry,North Central,90,None,0,1,1,1,0,0,sick_check,Salmonellosis
4319,0,rainy,North East,30,None,0,1,0,1,0,0,sick_check,Salmonellosis
4320,0,dry,South West,30,Sulfadimidine,0,1,1,0,0,3,death_log,Salmonellosis
4321,52,dry,South East,60,None,0,1,1,0,0,0,sick_check,Newcastle Disease
4322,23,dry,North East,60,Vitamin_Electrolyte,0,0,1,0,1,0,sick_check,Salmonellosis
4323,6,rainy,South South,14,Vitamin_Electrolyte,0,1,1,1,0,2,death_log,Coccidiosis
4324,23,dry,North Central,30,None,0,0,1,1,0,0,sick_check,Fowl Typhoid
4325,0,rainy,South South,,None,0,1,1,1,0,5,death_log,Salmonellosis
4326,46,dry,North Central,180,Amprolium,1,1,1,0,0,0,sick_check,Fowl Typhoid
4327,1,rainy,South West,30,Oxytetracycline,0,1,0,1,0,0,sick_check,Salmonellosis
4328,65,dry,North West,7,Tylosin,1,1,0,1,0,5,death_log,Fowl Typhoid
4329,62,rainy,North East,,Vitamin_Electrolyte,1,1,1,0,1,0,sick_check,Newcastle Disease
4330,5,rainy,North West,30,None,0,1,1,1,0,1,death_log,Coccidiosis
4331,5,rainy,South South,14,Vitamin_Electrolyte,0,1,1,1,1,0,sick_check,Coccidiosis
4332,1,rainy,North East,60,Amprolium,0,1,1,1,0,0,sick_check,Salmonellosis
4333,9,rainy,North West,14,Sulfadimidine,0,0,0,0,0,0,sick_check,Healthy
4334,55,dry,South East,180,None,1,1,1,0,0,0,sick_check,Newcastle Disease
4335,73,rainy,South South,30,None,1,1,1,1,1,4,death_log,Newcastle Disease
4336,2,rainy,South East,180,Vitamin_Electrolyte,0,1,1,1,0,0,sick_check,Salmonellosis
4337,49,dry,South South,30,None,0,1,1,0,0,0,sick_check,Fowl Typhoid
4338,26,rainy,South West,30,Vitamin_Electrolyte,0,1,0,1,0,4,death_log,Newcastle Disease
4339,57,rainy,South South,180,None,0,0,0,0,0,0,sick_check,Healthy
4340,47,rainy,South South,30,Tylosin,1,0,0,0,0,0,sick_check,Fowl Typhoid
4341,36,rainy,South East,,Vitamin_Electrolyte,0,1,1,0,0,1,death_log,Gumboro (IBD)
4342,3,rainy,North East,180,None,0,1,1,1,1,0,sick_check,Gumboro (IBD)
4343,46,dry,North West,14,Sulfadimidine,1,1,1,1,0,0,sick_check,Newcastle Disease
4344,4,rainy,South West,180,Sulfadimidine,0,1,0,0,0,1,death_log,Coccidiosis
4345,71,dry,North West,180,Oxytetracycline,0,0,0,0,0,0,sick_check,Healthy
4346,54,dry,North West,180,None,0,1,1,1,0,0,sick_check,Fowl Typhoid
4347,26,dry,South South,60,None,1,1,1,0,0,0,sick_check,Newcastle Disease
4348,59,dry,South South,14,Oxytetracycline,0,0,1,0,0,2,death_log,Fowl Typhoid
4349,2,rainy,South East,180,Amprolium,0,0,0,1,1,0,sick_check,Salmonellosis
4350,66,dry,South West,30,Tylosin,1,1,1,1,0,6,death_log,Fowl Typhoid
4351,4,rainy,North West,7,Sulfadimidine,0,1,1,0,1,0,sick_check,Coccidiosis
4352,3,rainy,South West,14,None,0,0,1,0,0,0,sick_check,Gumboro (IBD)
4353,67,rainy,North Central,7,None,0,0,1,0,0,0,sick_check,Newcastle Disease
4354,7,rainy,North West,,None,0,1,1,0,0,1,death_log,Coccidiosis
4355,24,rainy,North West,7,None,0,0,1,0,0,0,sick_check,Healthy
4356,4,dry,North East,180,None,0,1,1,1,1,0,sick_check,Salmonellosis
4357,26,rainy,North Central,,None,1,1,1,1,0,0,sick_check,Salmonellosis
4358,71,dry,South South,180,Sulfadimidine,1,0,1,1,1,11,death_log,Newcastle Disease
4359,60,rainy,South West,60,Amprolium,0,0,0,0,0,2,death_log,Fowl Typhoid
4360,36,dry,South East,180,None,1,1,1,1,1,0,sick_check,Fowl Typhoid
4361,3,rainy,North Central,,Tylosin,1,1,1,0,1,1,death_log,Salmonellosis
4362,63,dry,South West,30,None,0,0,1,0,1,0,sick_check,Healthy
4363,48,rainy,North Central,,None,1,0,0,1,0,0,sick_check,Newcastle Disease
4364,5,dry,South East,180,Vitamin_Electrolyte,0,0,1,1,1,1,death_log,Gumboro (IBD)
4365,24,rainy,North West,14,Tylosin,1,0,0,1,1,3,death_log,Newcastle Disease
4366,39,rainy,South South,60,Amprolium,0,0,1,0,0,0,sick_check,Healthy
4367,4,rainy,South West,180,Sulfadimidine,0,1,1,0,0,4,death_log,Coccidiosis
4368,28,rainy,South West,7,None,0,1,1,1,0,0,sick_check,Salmonellosis
4369,77,rainy,South South,14,Tylosin,1,1,1,0,1,3,death_log,Newcastle Disease
4370,2,rainy,South East,14,Vitamin_Electrolyte,0,0,0,1,0,0,sick_check,Salmonellosis
4371,5,rainy,North Central,,Oxytetracycline,0,1,1,1,0,0,sick_check,Coccidiosis
4372,29,rainy,North East,,None,1,1,0,0,0,3,death_log,Newcastle Disease
4373,5,rainy,North West,60,Oxytetracycline,0,1,1,0,0,0,sick_check,Coccidiosis
4374,69,rainy,North Central,30,None,1,1,1,1,0,0,sick_check,Fowl Typhoid
4375,69,rainy,South East,,Tylosin,1,1,1,1,0,1,death_log,Newcastle Disease
4376,5,rainy,South East,30,None,0,1,1,0,0,2,death_log,Gumboro (IBD)
4377,2,rainy,South West,60,None,0,1,1,1,0,2,death_log,Salmonellosis
4378,4,dry,South East,,None,0,1,1,1,0,0,sick_check,Salmonellosis
4379,1,dry,South West,7,None,1,1,1,1,1,0,sick_check,Newcastle Disease
4380,65,dry,North East,7,Oxytetracycline,0,1,0,0,0,0,sick_check,Healthy
4381,0,rainy,South South,180,Sulfadimidine,0,1,1,0,0,0,sick_check,Gumboro (IBD)
4382,66,dry,South West,90,Sulfadimidine,1,0,1,1,1,0,sick_check,Newcastle Disease
4383,5,rainy,South West,30,None,0,0,1,0,1,5,death_log,Gumboro (IBD)
4384,27,dry,North Central,30,Oxytetracycline,1,1,0,0,0,0,sick_check,Fowl Typhoid
4385,4,rainy,South East,,Tylosin,0,1,1,0,0,0,sick_check,Salmonellosis
4386,60,dry,South South,14,Sulfadimidine,0,0,1,1,0,2,death_log,Fowl Typhoid
4387,43,rainy,South West,180,None,0,1,0,1,0,2,death_log,Newcastle Disease
4388,2,dry,South South,90,Amprolium,0,1,1,1,0,0,sick_check,Salmonellosis
4389,3,rainy,South South,14,None,0,1,0,0,0,0,sick_check,Salmonellosis
4390,74,rainy,South East,90,None,1,1,1,1,0,0,sick_check,Fowl Typhoid
4391,6,rainy,South West,60,None,0,1,0,0,0,0,sick_check,Gumboro (IBD)
4392,67,dry,North Central,,Sulfadimidine,0,1,1,0,0,0,sick_check,Fowl Typhoid
4393,27,dry,North West,30,Oxytetracycline,0,1,0,0,0,0,sick_check,Healthy
4394,5,rainy,South East,30,Amprolium,0,0,1,1,0,4,death_log,Gumboro (IBD)
4395,30,dry,North Central,14,None,0,1,1,0,0,0,sick_check,Fowl Typhoid
4396,7,rainy,South South,,Oxytetracycline,0,1,1,1,0,0,sick_check,Coccidiosis
4397,27,dry,South South,,None,0,0,0,0,1,0,sick_check,Newcastle Disease
4398,45,rainy,North East,7,Oxytetracycline,0,1,1,1,1,0,sick_check,Fowl Typhoid
4399,61,rainy,South West,60,None,1,1,1,1,0,0,sick_check,Fowl Typhoid
4400,7,rainy,North East,60,None,0,0,1,0,1,1,death_log,Coccidiosis
4401,48,rainy,South East,60,None,1,0,1,1,1,3,death_log,Newcastle Disease
4402,62,dry,North East,30,Oxytetracycline,1,0,1,0,1,3,death_log,Fowl Typhoid
4403,66,dry,South West,,None,1,1,0,1,0,0,sick_check,Fowl Typhoid
4404,41,dry,South West,7,None,1,0,0,1,1,0,sick_check,Newcastle Disease
4405,56,rainy,South East,30,Oxytetracycline,0,0,0,0,0,0,sick_check,Healthy
4406,2,rainy,North East,14,Vitamin_Electrolyte,0,1,1,1,0,0,sick_check,Salmonellosis
4407,23,rainy,North West,7,None,0,1,0,1,0,0,sick_check,Coccidiosis
4408,56,rainy,South East,60,None,0,1,1,1,0,0,sick_check,Fowl Typhoid
4409,7,rainy,North East,7,None,0,1,0,1,0,0,sick_check,Coccidiosis
4410,22,rainy,North Central,60,None,0,1,1,0,1,0,sick_check,Newcastle Disease
4411,4,rainy,South East,30,None,0,1,1,1,0,1,death_log,Coccidiosis
4412,54,rainy,South South,90,Tylosin,1,0,1,0,1,0,sick_check,Newcastle Disease
4413,47,rainy,South South,7,Vitamin_Electrolyte,0,1,1,0,0,0,sick_check,Newcastle Disease
4414,10,rainy,South South,90,Oxytetracycline,0,0,0,1,0,0,sick_check,Coccidiosis
4415,2,dry,North East,30,None,1,0,1,0,0,0,sick_check,Salmonellosis
4416,7,rainy,South East,90,Oxytetracycline,0,1,0,1,0,0,sick_check,Coccidiosis
4417,6,rainy,North East,7,Sulfadimidine,0,1,1,0,0,0,sick_check,Gumboro (IBD)
4418,6,rainy,North Central,30,Oxytetracycline,0,1,0,1,0,0,sick_check,Coccidiosis
4419,6,rainy,North Central,180,None,1,1,0,1,1,2,death_log,Coccidiosis
4420,3,rainy,North East,60,None,0,1,0,0,0,0,sick_check,Salmonellosis
4421,73,rainy,South South,180,Vitamin_Electrolyte,1,1,0,1,1,0,sick_check,Newcastle Disease
4422,37,dry,South West,90,None,0,0,0,1,0,0,sick_check,Fowl Typhoid
4423,6,rainy,North East,30,None,0,1,0,1,0,0,sick_check,Gumboro (IBD)
4424,5,rainy,North Central,180,None,0,1,1,1,0,0,sick_check,Coccidiosis
4425,1,dry,South East,60,None,1,0,1,1,1,2,death_log,Salmonellosis
4426,5,dry,North East,,None,0,1,1,1,0,0,sick_check,Gumboro (IBD)
4427,4,dry,North East,14,None,0,1,1,1,0,0,sick_check,Salmonellosis
4428,4,rainy,North East,60,None,0,1,0,1,0,0,sick_check,Coccidiosis
4429,11,dry,South West,90,None,0,1,1,1,0,3,death_log,Gumboro (IBD)
4430,46,rainy,North Central,60,None,0,1,1,0,0,0,sick_check,Coccidiosis
4431,23,rainy,North West,180,None,1,1,1,0,0,3,death_log,Newcastle Disease
4432,53,dry,North East,60,None,1,1,1,0,0,0,sick_check,Fowl Typhoid
4433,5,rainy,South East,,Vitamin_Electrolyte,0,1,1,0,0,1,death_log,Coccidiosis
4434,6,rainy,South South,7,Oxytetracycline,0,1,0,0,0,0,sick_check,Healthy
4435,25,rainy,South South,7,None,1,0,1,0,0,2,death_log,Newcastle Disease
4436,53,dry,South South,90,None,0,0,0,0,0,0,sick_check,Healthy
4437,3,rainy,South South,60,Tylosin,0,0,1,0,0,0,sick_check,Salmonellosis
4438,0,dry,North Central,60,None,0,1,0,1,1,0,sick_check,Coccidiosis
4439,3,dry,North East,90,Oxytetracycline,0,0,1,1,0,0,sick_check,Salmonellosis
4440,59,dry,South West,7,Sulfadimidine,0,0,0,1,0,0,sick_check,Healthy
4441,60,rainy,North East,30,None,1,1,0,0,1,0,sick_check,Newcastle Disease
4442,6,rainy,North West,,None,0,1,1,1,0,0,sick_check,Coccidiosis
4443,1,rainy,South West,14,Oxytetracycline,0,1,1,1,1,1,death_log,Salmonellosis
4444,4,rainy,North West,60,None,0,1,1,0,0,1,death_log,Coccidiosis
4445,60,dry,South East,30,Tylosin,0,0,0,0,0,0,sick_check,Healthy
4446,28,dry,South South,180,Amprolium,1,0,0,1,0,0,sick_check,Fowl Typhoid
4447,7,dry,North West,30,None,0,1,1,1,0,0,sick_check,Coccidiosis
4448,21,rainy,South South,90,Oxytetracycline,0,1,1,1,0,0,sick_check,Fowl Typhoid
4449,9,dry,North West,,None,1,1,1,0,0,0,sick_check,Newcastle Disease
4450,41,dry,North Central,30,None,0,0,1,1,0,0,sick_check,Fowl Typhoid
4451,6,rainy,South South,,Amprolium,0,1,1,0,1,1,death_log,Coccidiosis
4452,75,rainy,North West,14,None,1,1,1,0,1,0,sick_check,Newcastle Disease
4453,5,rainy,North West,30,Amprolium,1,1,0,1,0,0,sick_check,Coccidiosis
4454,51,dry,South West,14,None,0,0,1,0,0,1,death_log,Fowl Typhoid
4455,69,rainy,North East,180,Vitamin_Electrolyte,1,0,1,1,0,0,sick_check,Fowl Typhoid
4456,4,dry,South East,60,Vitamin_Electrolyte,0,0,0,0,1,0,sick_check,Salmonellosis
4457,70,rainy,South South,7,Sulfadimidine,1,1,1,0,0,2,death_log,Fowl Typhoid
4458,4,rainy,North East,7,None,0,1,0,0,0,0,sick_check,Coccidiosis
4459,17,rainy,South West,30,Tylosin,0,0,0,0,0,0,sick_check,Healthy
4460,40,rainy,North Central,,None,1,0,1,1,0,0,sick_check,Newcastle Disease
4461,4,rainy,North Central,30,None,0,1,1,1,1,1,death_log,Coccidiosis
4462,50,rainy,South East,,None,1,0,1,0,0,0,sick_check,Newcastle Disease
4463,8,rainy,South South,14,Sulfadimidine,0,1,1,0,0,1,death_log,Coccidiosis
4464,3,dry,North East,14,Sulfadimidine,0,0,1,0,0,0,sick_check,Gumboro (IBD)
4465,37,rainy,North Central,14,None,0,0,0,0,0,0,sick_check,Healthy
4466,66,dry,South South,90,Tylosin,1,0,0,0,0,0,sick_check,Newcastle Disease
4467,7,rainy,South West,180,None,0,1,1,0,0,0,sick_check,Coccidiosis
4468,46,dry,North East,,None,0,0,0,0,0,0,sick_check,Healthy
4469,76,dry,South West,14,Oxytetracycline,0,1,0,1,0,1,death_log,Fowl Typhoid
4470,76,dry,North Central,180,None,1,1,1,1,1,0,sick_check,Newcastle Disease
4471,8,rainy,North East,30,Oxytetracycline,0,1,0,0,0,0,sick_check,Coccidiosis
4472,50,rainy,North West,180,None,1,1,1,1,1,0,sick_check,Newcastle Disease
4473,69,rainy,South South,,None,1,1,0,1,1,0,sick_check,Newcastle Disease
4474,1,rainy,North Central,7,None,0,1,0,1,1,2,death_log,Salmonellosis
4475,9,rainy,South West,7,Vitamin_Electrolyte,0,1,1,1,1,0,sick_check,Salmonellosis
4476,4,rainy,South South,,None,1,0,1,1,0,0,sick_check,Salmonellosis
4477,2,dry,South South,,None,1,1,0,1,0,0,sick_check,Salmonellosis
4478,7,rainy,North West,30,Vitamin_Electrolyte,0,1,1,1,0,0,sick_check,Coccidiosis
4479,23,rainy,South South,,None,0,0,0,0,0,0,sick_check,Healthy
4480,32,rainy,South East,60,Sulfadimidine,1,0,1,0,1,5,death_log,Newcastle Disease
4481,59,dry,North East,14,Vitamin_Electrolyte,0,0,1,1,1,2,death_log,Newcastle Disease
4482,70,rainy,South South,,None,1,1,1,1,1,0,sick_check,Newcastle Disease
4483,3,dry,North West,7,Sulfadimidine,0,1,1,0,0,6,death_log,Salmonellosis
4484,2,dry,South West,30,None,0,1,1,1,0,0,sick_check,Newcastle Disease
4485,38,rainy,South West,,None,0,1,1,1,0,0,sick_check,Newcastle Disease
4486,6,dry,North West,90,Oxytetracycline,1,0,1,0,0,0,sick_check,Gumboro (IBD)
4487,7,rainy,South South,60,None,1,1,1,0,0,0,sick_check,Coccidiosis
4488,36,rainy,North West,14,None,1,1,1,1,0,0,sick_check,Newcastle Disease
4489,0,rainy,North Central,30,Tylosin,0,1,1,1,0,1,death_log,Coccidiosis
4490,3,dry,South West,14,Tylosin,0,1,1,0,0,0,sick_check,Salmonellosis
4491,6,rainy,South East,60,Amprolium,0,1,1,0,0,0,sick_check,Coccidiosis
4492,2,dry,South West,60,Tylosin,0,0,1,1,1,1,death_log,Gumboro (IBD)
4493,73,dry,North West,7,Sulfadimidine,1,0,0,1,1,3,death_log,Newcastle Disease
4494,2,rainy,North East,30,None,0,0,1,0,0,0,sick_check,Salmonellosis
4495,6,rainy,South East,14,None,0,1,1,1,0,0,sick_check,Coccidiosis
4496,56,rainy,North East,,None,0,0,0,0,0,0,sick_check,Healthy
4497,66,dry,South South,60,None,1,1,1,1,1,0,sick_check,Newcastle Disease
4498,4,rainy,North Central,60,Vitamin_Electrolyte,0,1,0,1,0,1,death_log,Coccidiosis
4499,6,dry,North West,7,Tylosin,1,1,1,0,0,0,sick_check,Gumboro (IBD)
4500,1,rainy,North West,180,Vitamin_Electrolyte,0,0,1,1,0,0,sick_check,Salmonellosis
4501,4,dry,South West,30,Amprolium,0,1,1,0,0,0,sick_check,Salmonellosis
4502,5,rainy,South South,90,Vitamin_Electrolyte,0,1,0,0,0,2,death_log,Salmonellosis
4503,6,rainy,South West,60,Tylosin,0,1,1,0,0,2,death_log,Coccidiosis
4504,49,rainy,South East,14,None,0,1,1,1,0,0,sick_check,Newcastle Disease
4505,1,rainy,North East,14,None,1,1,1,0,0,0,sick_check,Salmonellosis
4506,12,dry,South South,60,Vitamin_Electrolyte,0,0,0,0,0,0,sick_check,Healthy
4507,5,rainy,South South,180,None,0,1,0,1,1,1,death_log,Coccidiosis
4508,25,dry,South South,7,Oxytetracycline,0,0,1,1,1,0,sick_check,Newcastle Disease
4509,77,rainy,South South,14,None,0,0,0,0,0,0,sick_check,Healthy
4510,6,rainy,South South,7,Vitamin_Electrolyte,0,1,0,1,0,1,death_log,Coccidiosis
4511,4,rainy,North East,30,None,0,0,1,0,1,0,sick_check,Salmonellosis
4512,67,rainy,North Central,,Vitamin_Electrolyte,1,1,0,0,0,0,sick_check,Fowl Typhoid
4513,2,rainy,North Central,,None,0,1,1,1,1,0,sick_check,Salmonellosis
4514,4,rainy,North Central,30,Vitamin_Electrolyte,1,1,1,1,0,0,sick_check,Gumboro (IBD)
4515,22,rainy,North East,30,None,0,0,0,0,0,0,sick_check,Healthy
4516,0,rainy,North West,7,None,0,1,1,0,0,0,sick_check,Salmonellosis
4517,6,dry,North East,30,Vitamin_Electrolyte,0,1,1,0,1,1,death_log,Coccidiosis
4518,55,dry,South East,180,None,1,1,1,1,0,0,sick_check,Fowl Typhoid
4519,43,rainy,South West,7,None,0,1,1,0,0,0,sick_check,Fowl Typhoid
4520,24,dry,North East,,Vitamin_Electrolyte,1,0,1,1,0,0,sick_check,Newcastle Disease
4521,44,dry,North East,,Sulfadimidine,1,1,0,0,0,0,sick_check,Newcastle Disease
4522,37,dry,South West,7,Tylosin,1,1,1,1,0,0,sick_check,Fowl Typhoid
4523,27,dry,North Central,60,None,0,0,1,1,1,0,sick_check,Newcastle Disease
4524,10,rainy,South South,30,Oxytetracycline,1,0,0,1,1,0,sick_check,Newcastle Disease
4525,2,rainy,North East,180,None,0,0,1,0,0,1,death_log,Salmonellosis
4526,3,rainy,North West,,Tylosin,0,1,1,0,0,0,sick_check,Salmonellosis
4527,1,rainy,South South,30,Vitamin_Electrolyte,0,1,1,1,0,2,death_log,Salmonellosis
4528,22,dry,North West,7,None,1,1,1,1,1,3,death_log,Newcastle Disease
4529,64,dry,South West,30,None,0,0,0,0,0,0,sick_check,Healthy
4530,1,dry,South West,,Vitamin_Electrolyte,0,1,1,1,0,0,sick_check,Salmonellosis
4531,2,dry,South East,180,None,0,1,1,0,1,1,death_log,Salmonellosis
4532,5,rainy,North Central,30,Oxytetracycline,0,0,1,1,0,5,death_log,Gumboro (IBD)
4533,72,rainy,South South,90,Vitamin_Electrolyte,0,0,0,0,0,0,sick_check,Healthy
4534,4,rainy,South East,7,Sulfadimidine,0,0,1,1,0,0,sick_check,Salmonellosis
4535,21,rainy,South East,90,Amprolium,1,0,0,0,0,2,death_log,Fowl Typhoid
4536,29,rainy,South West,,Sulfadimidine,1,1,1,1,1,0,sick_check,Newcastle Disease
4537,52,dry,North East,30,None,0,0,1,1,0,0,sick_check,Fowl Typhoid
4538,0,rainy,South East,90,None,0,1,0,1,0,0,sick_check,Salmonellosis
4539,71,dry,South West,7,None,1,1,1,1,0,0,sick_check,Newcastle Disease
4540,71,rainy,South East,30,None,0,0,0,1,0,0,sick_check,Newcastle Disease
4541,1,dry,South East,7,Amprolium,0,1,1,1,0,0,sick_check,Salmonellosis
4542,11,rainy,South South,14,None,0,1,1,1,0,0,sick_check,Salmonellosis
4543,7,rainy,South West,60,None,0,0,1,0,0,0,sick_check,Coccidiosis
4544,43,rainy,North East,7,None,0,1,0,0,0,0,sick_check,Healthy
4545,64,rainy,North East,7,Sulfadimidine,0,0,1,1,1,0,sick_check,Newcastle Disease
4546,52,dry,North Central,90,None,1,1,1,0,1,0,sick_check,Newcastle Disease
4547,48,dry,North West,180,None,1,0,1,0,1,0,sick_check,Newcastle Disease
4548,1,rainy,South West,,Oxytetracycline,1,0,0,1,0,0,sick_check,Salmonellosis
4549,39,dry,South South,180,None,1,0,1,1,1,1,death_log,Fowl Typhoid
4550,6,rainy,North West,60,None,0,1,0,1,0,0,sick_check,Coccidiosis
4551,22,dry,South East,180,None,1,1,0,1,0,0,sick_check,Newcastle Disease
4552,4,rainy,South East,30,None,0,0,1,0,0,1,death_log,Salmonellosis
4553,4,rainy,South West,30,Tylosin,0,1,1,0,0,0,sick_check,Coccidiosis
4554,6,dry,North West,,Sulfadimidine,0,0,1,0,0,0,sick_check,Gumboro (IBD)
4555,37,rainy,North West,14,None,1,0,1,1,0,0,sick_check,Fowl Typhoid
4556,4,rainy,South South,30,Sulfadimidine,0,1,0,1,0,0,sick_check,Coccidiosis
4557,11,rainy,South West,90,Oxytetracycline,1,0,0,0,1,4,death_log,Fowl Typhoid
4558,3,rainy,South South,60,Sulfadimidine,0,1,1,1,1,1,death_log,Coccidiosis
4559,76,rainy,South South,90,Amprolium,1,1,0,0,0,0,sick_check,Fowl Typhoid
4560,74,rainy,South West,14,None,0,0,0,0,0,0,sick_check,Healthy
4561,2,rainy,North Central,14,None,0,0,0,0,0,0,sick_check,Healthy
4562,51,dry,South West,60,Tylosin,0,1,1,0,0,0,sick_check,Newcastle Disease
4563,23,dry,North West,7,None,0,0,0,0,0,0,sick_check,Healthy
4564,60,rainy,South South,60,Sulfadimidine,1,1,1,0,1,0,sick_check,Fowl Typhoid
4565,57,dry,South South,60,None,0,0,0,0,0,0,sick_check,Healthy
4566,9,rainy,North West,7,None,1,0,1,0,0,0,sick_check,Fowl Typhoid
4567,3,dry,South South,90,Amprolium,0,1,0,0,1,4,death_log,Salmonellosis
4568,2,rainy,North West,7,Tylosin,0,1,1,1,0,0,sick_check,Salmonellosis
4569,12,dry,South West,90,None,0,1,0,0,0,0,sick_check,Healthy
4570,26,rainy,South East,60,Oxytetracycline,1,1,0,0,1,0,sick_check,Newcastle Disease
4571,7,rainy,North East,14,None,0,1,1,0,0,0,sick_check,Coccidiosis
4572,65,dry,South East,60,None,0,0,0,0,0,0,sick_check,Healthy
4573,44,dry,South South,30,Vitamin_Electrolyte,0,0,1,1,1,0,sick_check,Newcastle Disease
4574,29,dry,North West,180,None,0,1,1,0,0,0,sick_check,Fowl Typhoid
4575,6,dry,South South,60,None,0,1,1,1,0,0,sick_check,Gumboro (IBD)
4576,3,dry,South South,180,None,0,0,1,1,0,2,death_log,Gumboro (IBD)
4577,47,dry,North East,,Amprolium,0,0,1,1,0,0,sick_check,Fowl Typhoid
4578,20,dry,North East,30,None,0,1,1,1,0,2,death_log,Fowl Typhoid
4579,16,rainy,North Central,60,Vitamin_Electrolyte,1,1,1,1,0,0,sick_check,Newcastle Disease
4580,4,rainy,South West,180,Tylosin,0,1,1,0,0,0,sick_check,Coccidiosis
4581,28,rainy,South East,60,Tylosin,0,1,0,0,0,1,death_log,Fowl Typhoid
4582,1,rainy,North West,90,Sulfadimidine,0,1,1,1,0,1,death_log,Salmonellosis
4583,67,rainy,North Central,60,Tylosin,0,0,1,1,1,1,death_log,Fowl Typhoid
4584,26,dry,North East,180,Vitamin_Electrolyte,0,1,1,1,0,0,sick_check,Fowl Typhoid
4585,2,dry,North Central,30,Sulfadimidine,0,1,1,0,0,0,sick_check,Salmonellosis
4586,52,rainy,South South,7,Vitamin_Electrolyte,1,1,1,0,1,5,death_log,Newcastle Disease
4587,7,rainy,South East,7,Amprolium,0,1,0,1,0,0,sick_check,Coccidiosis
4588,5,rainy,South South,30,None,0,1,1,1,0,1,death_log,Coccidiosis
4589,6,rainy,North West,30,Sulfadimidine,0,1,1,0,0,0,sick_check,Coccidiosis
4590,5,rainy,South West,30,None,0,1,1,0,0,0,sick_check,Coccidiosis
4591,7,dry,North West,30,Oxytetracycline,0,1,1,1,1,0,sick_check,Coccidiosis
4592,4,rainy,South East,60,None,0,0,1,0,1,0,sick_check,Gumboro (IBD)
4593,0,rainy,South West,14,None,0,0,1,1,1,0,sick_check,Salmonellosis
4594,26,dry,South East,,Vitamin_Electrolyte,1,1,1,0,0,0,sick_check,Newcastle Disease
4595,2,dry,North Central,14,None,1,1,0,1,0,0,sick_check,Salmonellosis
4596,34,rainy,South West,14,None,1,0,0,0,0,0,sick_check,Newcastle Disease
4597,52,dry,South South,14,Tylosin,1,0,1,1,1,0,sick_check,Newcastle Disease
4598,54,dry,South East,30,Sulfadimidine,0,0,1,0,0,0,sick_check,Fowl Typhoid
4599,16,rainy,North East,7,None,0,0,0,0,0,0,sick_check,Healthy
4600,52,dry,North West,7,None,0,0,1,0,0,2,death_log,Fowl Typhoid
4601,4,rainy,North Central,180,Oxytetracycline,0,1,1,0,0,1,death_log,Coccidiosis
4602,2,rainy,North Central,180,Oxytetracycline,0,1,1,1,1,0,sick_check,Salmonellosis
4603,4,rainy,North West,90,None,0,0,0,1,0,1,death_log,Salmonellosis
4604,3,rainy,South South,30,Amprolium,1,1,1,1,0,0,sick_check,Salmonellosis
4605,1,rainy,North West,30,Oxytetracycline,0,1,0,0,0,0,sick_check,Salmonellosis
4606,1,dry,South South,60,Amprolium,0,1,1,0,1,0,sick_check,Salmonellosis
4607,8,rainy,South East,,None,0,1,0,1,0,0,sick_check,Coccidiosis
4608,8,rainy,South East,60,Vitamin_Electrolyte,0,0,0,0,0,1,death_log,Coccidiosis
4609,7,rainy,North West,60,Tylosin,0,1,0,0,0,0,sick_check,Coccidiosis
4610,73,rainy,South South,,Amprolium,1,0,0,1,0,0,sick_check,Newcastle Disease
4611,0,dry,South East,14,Sulfadimidine,0,1,1,1,0,0,sick_check,Salmonellosis
4612,2,dry,South East,90,None,0,1,1,1,0,0,sick_check,Salmonellosis
4613,72,rainy,South East,7,None,0,0,0,0,0,0,sick_check,Healthy
4614,41,dry,South South,14,None,0,0,1,1,1,0,sick_check,Newcastle Disease
4615,26,rainy,South East,60,None,1,0,1,0,0,0,sick_check,Fowl Typhoid
4616,4,rainy,North East,180,Amprolium,0,1,1,1,0,3,death_log,Gumboro (IBD)
4617,5,dry,South East,7,None,0,1,1,0,0,0,sick_check,Coccidiosis
4618,3,rainy,South East,14,Vitamin_Electrolyte,0,1,0,1,0,4,death_log,Salmonellosis
4619,8,rainy,North Central,30,Sulfadimidine,0,1,1,1,0,3,death_log,Coccidiosis
4620,19,rainy,North West,90,None,0,0,0,0,0,0,sick_check,Healthy
4621,3,dry,South East,30,None,0,0,1,0,0,0,sick_check,Gumboro (IBD)
4622,3,dry,North Central,7,None,0,0,1,0,0,3,death_log,Gumboro (IBD)
4623,71,dry,North East,180,Amprolium,1,0,1,1,1,0,sick_check,Newcastle Disease
4624,3,dry,South South,180,None,0,1,1,0,0,3,death_log,Gumboro (IBD)
4625,6,rainy,North Central,,None,0,1,1,0,0,2,death_log,Coccidiosis
4626,35,rainy,North East,60,None,1,0,1,1,0,0,sick_check,Newcastle Disease
4627,4,rainy,North Central,90,None,0,1,1,1,1,0,sick_check,Coccidiosis
4628,77,rainy,South East,,None,1,1,0,0,0,1,death_log,Fowl Typhoid
4629,3,rainy,North West,14,None,0,1,1,1,0,0,sick_check,Salmonellosis
4630,3,rainy,South West,30,None,1,0,1,0,1,3,death_log,Salmonellosis
4631,7,dry,North West,60,None,0,1,1,0,0,0,sick_check,Coccidiosis
4632,7,rainy,South South,90,Tylosin,0,1,1,0,0,0,sick_check,Coccidiosis
4633,6,rainy,South East,60,Tylosin,0,1,0,1,0,1,death_log,Coccidiosis
4634,68,dry,North East,180,Vitamin_Electrolyte,1,0,1,1,0,0,sick_check,Newcastle Disease
4635,47,rainy,North East,14,None,0,0,0,0,0,0,sick_check,Healthy
4636,7,rainy,North Central,14,None,0,1,1,1,0,0,sick_check,Coccidiosis
4637,78,rainy,South South,60,None,1,1,1,1,0,0,sick_check,Newcastle Disease
4638,20,dry,South West,180,Tylosin,1,1,0,1,0,0,sick_check,Fowl Typhoid
4639,7,rainy,North East,90,None,0,1,0,1,0,1,death_log,Coccidiosis
4640,5,rainy,South South,14,Sulfadimidine,0,0,1,0,0,0,sick_check,Gumboro (IBD)
4641,38,dry,South South,30,None,0,1,0,0,0,0,sick_check,Fowl Typhoid
4642,27,dry,South South,,None,1,0,0,1,1,0,sick_check,Newcastle Disease
4643,17,rainy,North Central,60,None,0,0,0,1,0,0,sick_check,Healthy
4644,15,dry,North East,14,Amprolium,1,0,1,1,1,4,death_log,Newcastle Disease
4645,5,rainy,South East,180,Vitamin_Electrolyte,0,1,1,1,0,0,sick_check,Gumboro (IBD)
4646,4,rainy,South East,,None,0,1,1,0,0,0,sick_check,Coccidiosis
4647,26,dry,North East,,None,1,1,1,0,0,3,death_log,Newcastle Disease
4648,6,rainy,South West,180,None,0,1,1,0,0,1,death_log,Coccidiosis
4649,5,rainy,North West,30,None,0,1,1,1,0,0,sick_check,Coccidiosis
4650,5,rainy,South South,60,None,1,1,1,1,0,0,sick_check,Coccidiosis
4651,3,rainy,North Central,14,None,0,1,1,0,1,0,sick_check,Coccidiosis
4652,68,rainy,South South,90,None,0,0,0,0,0,0,sick_check,Healthy
4653,34,rainy,South South,90,None,0,0,0,0,0,0,sick_check,Healthy
4654,9,dry,South East,60,None,0,1,1,1,0,0,sick_check,Fowl Typhoid
4655,6,rainy,South East,180,Vitamin_Electrolyte,0,1,0,0,0,0,sick_check,Coccidiosis
4656,6,dry,South South,60,None,0,1,1,1,1,0,sick_check,Gumboro (IBD)
4657,51,rainy,North East,180,Sulfadimidine,0,1,1,1,0,0,sick_check,Fowl Typhoid
4658,30,rainy,South East,90,Amprolium,1,1,0,0,1,3,death_log,Newcastle Disease
4659,7,rainy,South South,14,Vitamin_Electrolyte,0,1,0,0,0,0,sick_check,Coccidiosis
4660,26,rainy,South West,,Oxytetracycline,0,0,0,0,0,0,sick_check,Healthy
4661,35,rainy,North East,90,Sulfadimidine,0,0,1,0,0,0,sick_check,Healthy
4662,7,rainy,North Central,14,None,0,1,1,0,0,0,sick_check,Coccidiosis
4663,2,rainy,North Central,180,Sulfadimidine,0,1,0,0,1,2,death_log,Salmonellosis
4664,34,rainy,North West,60,Tylosin,0,0,1,0,0,0,sick_check,Healthy
4665,7,dry,South West,90,Amprolium,0,1,1,0,1,0,sick_check,Gumboro (IBD)
4666,6,dry,South West,30,Amprolium,0,1,0,0,0,0,sick_check,Coccidiosis
4667,8,dry,North Central,30,Amprolium,0,1,0,1,0,0,sick_check,Coccidiosis
4668,50,rainy,North East,90,Vitamin_Electrolyte,1,0,1,1,0,2,death_log,Newcastle Disease
4669,5,dry,North East,14,Vitamin_Electrolyte,0,0,0,1,0,2,death_log,Coccidiosis
4670,4,dry,North West,60,Amprolium,0,0,1,1,0,0,sick_check,Coccidiosis
4671,0,rainy,South East,180,None,0,1,0,0,1,0,sick_check,Coccidiosis
4672,44,dry,South West,60,Sulfadimidine,0,1,0,0,0,0,sick_check,Newcastle Disease
4673,4,rainy,South West,14,Oxytetracycline,0,1,1,1,0,1,death_log,Coccidiosis
4674,47,dry,South West,,None,1,0,1,1,0,0,sick_check,Fowl Typhoid
4675,17,dry,South South,180,None,1,1,1,0,0,0,sick_check,Newcastle Disease
4676,3,rainy,South East,180,Sulfadimidine,0,1,1,1,0,0,sick_check,Gumboro (IBD)
4677,37,rainy,North East,30,Amprolium,0,0,1,0,1,1,death_log,Fowl Typhoid
4678,2,rainy,South South,30,None,0,1,1,0,0,0,sick_check,Salmonellosis
4679,32,rainy,South East,90,Vitamin_Electrolyte,1,0,1,0,0,0,sick_check,Fowl Typhoid
4680,6,dry,North East,7,None,1,1,0,1,0,0,sick_check,Newcastle Disease
4681,7,rainy,South West,14,Sulfadimidine,0,0,1,1,0,1,death_log,Coccidiosis
4682,6,rainy,South East,90,None,0,1,1,0,0,1,death_log,Coccidiosis
4683,63,dry,South South,14,Oxytetracycline,0,0,0,1,0,0,sick_check,Fowl Typhoid
4684,74,rainy,South West,7,Amprolium,0,0,0,1,0,0,sick_check,Fowl Typhoid
4685,8,rainy,North East,,None,0,1,1,1,0,0,sick_check,Coccidiosis
4686,38,rainy,South East,180,Tylosin,1,1,1,1,0,4,death_log,Newcastle Disease
4687,23,dry,South East,60,Sulfadimidine,1,1,0,0,0,0,sick_check,Fowl Typhoid
4688,27,dry,South East,30,None,1,1,1,1,0,0,sick_check,Salmonellosis
4689,2,rainy,North Central,30,None,0,1,0,0,0,4,death_log,Salmonellosis
4690,68,dry,North Central,,None,0,0,0,1,0,0,sick_check,Healthy
4691,3,rainy,South West,,None,1,1,0,0,0,2,death_log,Newcastle Disease
4692,37,dry,South South,14,Amprolium,1,1,1,0,1,0,sick_check,Fowl Typhoid
4693,52,rainy,North West,60,None,1,0,1,1,0,0,sick_check,Fowl Typhoid
4694,4,dry,South West,,Oxytetracycline,1,1,0,0,0,0,sick_check,Gumboro (IBD)
4695,7,dry,North East,7,Vitamin_Electrolyte,0,0,0,0,0,0,sick_check,Healthy
4696,56,rainy,North West,,None,1,1,1,0,0,8,death_log,Newcastle Disease
4697,3,rainy,North Central,30,None,0,1,1,0,1,1,death_log,Coccidiosis
4698,3,rainy,South South,60,Vitamin_Electrolyte,0,1,1,1,0,1,death_log,Coccidiosis
4699,4,rainy,South East,,None,0,1,1,0,0,1,death_log,Gumboro (IBD)
4700,48,rainy,North West,90,None,1,1,0,1,0,0,sick_check,Newcastle Disease
4701,1,rainy,South South,90,Amprolium,1,1,1,0,1,0,sick_check,Salmonellosis
4702,8,rainy,North West,30,Amprolium,0,1,1,0,0,0,sick_check,Coccidiosis
4703,8,rainy,South West,60,Amprolium,0,1,0,1,0,0,sick_check,Coccidiosis
4704,6,dry,South East,180,None,0,1,0,0,0,1,death_log,Coccidiosis
4705,1,rainy,South East,90,Amprolium,0,1,1,0,0,1,death_log,Salmonellosis
4706,1,dry,South South,14,Oxytetracycline,0,0,1,1,0,4,death_log,Salmonellosis
4707,23,dry,North Central,90,None,1,1,1,1,1,0,sick_check,Newcastle Disease
4708,4,dry,South South,7,Sulfadimidine,1,1,1,0,0,0,sick_check,Gumboro (IBD)
4709,5,rainy,North East,,Oxytetracycline,0,1,0,0,0,0,sick_check,Coccidiosis
4710,0,dry,North East,30,None,0,1,1,1,1,0,sick_check,Salmonellosis
4711,6,dry,North Central,180,Tylosin,0,1,1,1,0,0,sick_check,Coccidiosis
4712,6,dry,South West,14,None,0,0,0,1,1,0,sick_check,Coccidiosis
4713,3,rainy,North East,180,Tylosin,0,0,1,0,0,0,sick_check,Salmonellosis
4714,4,rainy,South South,,Sulfadimidine,0,1,0,1,0,0,sick_check,Coccidiosis
4715,6,rainy,South East,90,Vitamin_Electrolyte,0,0,1,0,1,0,sick_check,Coccidiosis
4716,1,rainy,North Central,14,Amprolium,0,1,1,1,0,0,sick_check,Salmonellosis
4717,4,dry,North West,,None,0,1,1,1,0,1,death_log,Coccidiosis
4718,43,rainy,South East,180,None,0,0,0,0,0,0,sick_check,Healthy
4719,31,rainy,South South,60,None,0,1,1,0,0,0,sick_check,Fowl Typhoid
4720,7,rainy,North West,,None,1,1,1,1,1,0,sick_check,Coccidiosis
4721,3,rainy,North Central,180,None,0,0,0,0,0,0,sick_check,Healthy
4722,3,rainy,South South,180,Oxytetracycline,0,1,0,1,1,1,death_log,Coccidiosis
4723,62,rainy,South West,30,None,0,0,1,0,0,0,sick_check,Fowl Typhoid
4724,75,rainy,North Central,60,None,1,1,1,1,0,0,sick_check,Fowl Typhoid
4725,3,dry,South South,,Vitamin_Electrolyte,0,0,1,0,1,0,sick_check,Coccidiosis
4726,49,dry,North Central,90,None,1,1,0,1,0,2,death_log,Fowl Typhoid
4727,31,rainy,North East,90,None,1,0,1,1,1,0,sick_check,Fowl Typhoid
4728,8,dry,South South,14,None,0,0,0,0,0,0,sick_check,Healthy
4729,18,dry,South West,30,Vitamin_Electrolyte,1,1,1,1,0,0,sick_check,Newcastle Disease
4730,4,rainy,North East,7,None,0,0,1,0,0,2,death_log,Gumboro (IBD)
4731,4,dry,South East,,Vitamin_Electrolyte,0,1,1,1,1,0,sick_check,Coccidiosis
4732,0,dry,South South,14,None,0,0,1,1,0,0,sick_check,Salmonellosis
4733,4,dry,North West,60,None,0,1,1,1,0,0,sick_check,Salmonellosis
4734,51,rainy,North East,7,None,1,1,1,1,1,4,death_log,Fowl Typhoid
4735,75,dry,South West,,Tylosin,0,1,0,1,1,1,death_log,Newcastle Disease
4736,37,rainy,South South,,None,1,0,0,1,0,0,sick_check,Fowl Typhoid
4737,74,dry,South South,180,None,1,0,1,0,0,0,sick_check,Newcastle Disease
4738,54,dry,North West,30,None,1,1,1,1,0,0,sick_check,Newcastle Disease
4739,65,dry,North Central,14,None,0,1,1,0,0,0,sick_check,Newcastle Disease
4740,3,rainy,North Central,,None,0,1,0,1,0,0,sick_check,Coccidiosis
4741,19,dry,South East,90,None,1,1,1,0,0,0,sick_check,Fowl Typhoid
4742,31,rainy,South East,7,Tylosin,1,1,1,1,0,0,sick_check,Fowl Typhoid
4743,2,rainy,South West,14,None,0,1,0,1,0,0,sick_check,Coccidiosis
4744,21,dry,North West,7,None,1,1,1,1,0,0,sick_check,Newcastle Disease
4745,41,dry,South South,14,None,0,0,1,0,0,0,sick_check,Fowl Typhoid
4746,4,rainy,North East,7,Oxytetracycline,0,1,1,1,0,3,death_log,Coccidiosis
4747,3,dry,South East,,Oxytetracycline,0,1,1,1,1,0,sick_check,Gumboro (IBD)
4748,51,dry,South West,30,None,0,1,1,1,0,2,death_log,Newcastle Disease
4749,67,dry,South South,,Vitamin_Electrolyte,1,1,0,0,0,1,death_log,Fowl Typhoid
4750,15,dry,North East,14,Vitamin_Electrolyte,1,1,1,0,0,0,sick_check,Newcastle Disease
4751,19,dry,North Central,60,Vitamin_Electrolyte,0,1,1,1,0,5,death_log,Fowl Typhoid
4752,27,dry,South South,,None,1,0,0,0,1,4,death_log,Newcastle Disease
4753,51,dry,South South,,None,1,1,1,0,0,0,sick_check,Fowl Typhoid
4754,46,dry,South West,,Vitamin_Electrolyte,1,0,1,1,1,0,sick_check,Newcastle Disease
4755,15,rainy,South West,30,None,0,1,1,0,0,0,sick_check,Coccidiosis
4756,5,rainy,South South,7,None,0,1,1,0,0,0,sick_check,Coccidiosis
4757,4,dry,North Central,7,Tylosin,0,1,1,1,0,0,sick_check,Salmonellosis
4758,5,rainy,North Central,14,Amprolium,0,1,1,0,0,0,sick_check,Coccidiosis
4759,9,rainy,North East,14,Vitamin_Electrolyte,0,0,0,0,0,0,sick_check,Healthy
4760,3,dry,South South,180,Tylosin,0,1,0,1,0,2,death_log,Salmonellosis
4761,5,rainy,North West,14,None,1,1,1,0,0,0,sick_check,Gumboro (IBD)
4762,25,rainy,South West,,Amprolium,1,0,1,1,0,0,sick_check,Newcastle Disease
4763,50,rainy,South South,180,Sulfadimidine,1,0,1,0,0,0,sick_check,Newcastle Disease
4764,66,dry,North Central,180,Amprolium,0,1,0,1,1,0,sick_check,Newcastle Disease
4765,4,rainy,North East,14,None,0,1,0,0,0,2,death_log,Salmonellosis
4766,50,rainy,North East,,Sulfadimidine,1,0,1,1,0,0,sick_check,Newcastle Disease
4767,6,rainy,South West,,None,0,1,1,0,0,0,sick_check,Coccidiosis
4768,2,dry,North East,,None,0,1,1,0,0,0,sick_check,Salmonellosis
4769,0,rainy,North West,,None,1,1,0,1,0,0,sick_check,Coccidiosis
4770,4,rainy,South South,30,None,1,1,1,0,0,0,sick_check,Coccidiosis
4771,5,rainy,South South,14,None,0,1,1,1,0,2,death_log,Gumboro (IBD)
4772,0,rainy,South West,180,None,1,1,1,1,0,0,sick_check,Coccidiosis
4773,0,dry,South South,60,Tylosin,0,0,1,1,0,0,sick_check,Gumboro (IBD)
4774,6,rainy,North East,30,None,0,1,1,1,1,0,sick_check,Coccidiosis
4775,0,rainy,North East,7,None,1,1,0,1,1,0,sick_check,Gumboro (IBD)
4776,40,dry,North West,14,Sulfadimidine,1,1,1,0,0,0,sick_check,Fowl Typhoid
4777,52,rainy,South West,7,Tylosin,0,0,1,1,0,0,sick_check,Fowl Typhoid
4778,34,rainy,North West,180,None,1,0,1,1,1,7,death_log,Newcastle Disease
4779,4,rainy,South South,,Vitamin_Electrolyte,0,0,0,1,0,0,sick_check,Coccidiosis
4780,60,rainy,North West,30,None,1,1,1,1,0,0,sick_check,Fowl Typhoid
4781,46,rainy,South South,7,None,1,0,1,1,1,1,death_log,Newcastle Disease
4782,13,dry,North Central,60,None,0,1,0,0,0,0,sick_check,Fowl Typhoid
4783,4,rainy,North East,30,Oxytetracycline,0,1,1,1,0,1,death_log,Coccidiosis
4784,44,rainy,South West,30,Vitamin_Electrolyte,0,0,1,1,0,1,death_log,Fowl Typhoid
4785,5,rainy,North East,,None,0,0,0,1,1,1,death_log,Gumboro (IBD)
4786,75,dry,South West,60,None,0,0,0,0,0,0,sick_check,Healthy
4787,53,dry,South East,30,Sulfadimidine,0,0,1,1,0,0,sick_check,Fowl Typhoid
4788,2,dry,North West,,Vitamin_Electrolyte,0,1,1,1,0,0,sick_check,Salmonellosis
4789,61,rainy,South West,90,None,1,0,1,0,0,1,death_log,Fowl Typhoid
4790,77,dry,North Central,7,None,0,0,0,0,0,0,sick_check,Healthy
4791,9,dry,South East,180,Tylosin,0,0,1,1,0,0,sick_check,Fowl Typhoid
4792,35,dry,North Central,60,None,1,1,1,1,1,0,sick_check,Newcastle Disease
4793,5,rainy,North West,30,None,0,1,0,0,0,0,sick_check,Coccidiosis
4794,3,rainy,South West,90,Tylosin,1,1,0,1,0,0,sick_check,Coccidiosis
4795,31,rainy,South East,,None,1,0,1,1,0,0,sick_check,Newcastle Disease
4796,64,rainy,South South,60,Vitamin_Electrolyte,0,1,0,1,0,0,sick_check,Fowl Typhoid
4797,59,rainy,South East,180,Oxytetracycline,0,0,0,0,0,0,sick_check,Healthy
4798,2,dry,South West,7,Amprolium,0,1,1,1,0,2,death_log,Salmonellosis
4799,38,rainy,North Central,180,None,1,1,1,1,0,0,sick_check,Fowl Typhoid
4800,4,dry,South South,30,Sulfadimidine,1,0,0,1,0,0,sick_check,Healthy
4801,13,dry,South South,14,None,1,0,1,0,0,0,sick_check,Newcastle Disease
4802,0,dry,South South,7,Oxytetracycline,0,1,1,1,0,0,sick_check,Salmonellosis
4803,69,rainy,North West,30,Tylosin,0,0,0,0,1,0,sick_check,Healthy
4804,13,rainy,South South,7,None,0,1,1,1,0,4,death_log,Newcastle Disease
4805,71,rainy,South East,30,Sulfadimidine,0,1,1,0,0,0,sick_check,Fowl Typhoid
4806,41,dry,North East,180,None,0,0,0,0,0,0,sick_check,Healthy
4807,62,rainy,North East,,Amprolium,1,0,0,1,0,0,sick_check,Fowl Typhoid
4808,5,rainy,North West,7,None,0,1,1,1,0,0,sick_check,Coccidiosis
4809,14,rainy,North West,14,None,1,1,1,1,1,1,death_log,Newcastle Disease
4810,4,rainy,South East,,Tylosin,0,1,1,1,0,0,sick_check,Coccidiosis
4811,34,rainy,North East,90,None,1,0,1,0,1,0,sick_check,Newcastle Disease
4812,8,rainy,North West,60,Oxytetracycline,0,0,1,0,0,0,sick_check,Coccidiosis
4813,71,rainy,South South,14,None,0,0,0,0,0,0,sick_check,Healthy
4814,4,rainy,North Central,14,Sulfadimidine,0,1,1,0,1,0,sick_check,Coccidiosis
4815,57,dry,North West,14,Oxytetracycline,1,0,1,0,0,5,death_log,Newcastle Disease
4816,64,dry,South West,14,Amprolium,0,1,1,0,0,1,death_log,Fowl Typhoid
4817,6,dry,South South,14,Amprolium,0,1,1,1,0,2,death_log,Coccidiosis
4818,67,rainy,North East,14,Vitamin_Electrolyte,1,0,1,1,1,2,death_log,Newcastle Disease
4819,19,rainy,North West,60,Amprolium,0,1,1,0,1,0,sick_check,Newcastle Disease
4820,24,dry,South West,7,Vitamin_Electrolyte,0,1,1,0,0,0,sick_check,Fowl Typhoid
4821,3,rainy,North East,90,Oxytetracycline,0,0,0,0,0,1,death_log,Salmonellosis
4822,8,rainy,South West,60,Amprolium,0,0,0,0,0,0,sick_check,Healthy
4823,4,dry,North West,30,Vitamin_Electrolyte,1,0,1,1,0,1,death_log,Gumboro (IBD)
4824,38,dry,North Central,60,None,0,1,0,1,1,0,sick_check,Newcastle Disease
4825,1,dry,South South,30,Sulfadimidine,0,0,0,0,0,0,sick_check,Healthy
4826,26,dry,South East,90,None,1,1,0,0,1,0,sick_check,Fowl Typhoid
4827,54,dry,North Central,7,None,1,0,1,1,0,2,death_log,Fowl Typhoid
4828,4,rainy,North West,90,None,1,0,1,0,0,0,sick_check,Gumboro (IBD)
4829,5,rainy,North Central,90,Sulfadimidine,1,1,1,0,0,1,death_log,Coccidiosis
4830,26,rainy,South South,,None,0,1,1,0,0,0,sick_check,Salmonellosis
4831,6,rainy,South South,30,None,0,1,1,0,0,0,sick_check,Coccidiosis
4832,5,rainy,South East,60,None,0,0,1,1,0,2,death_log,Gumboro (IBD)
4833,76,rainy,South East,30,Amprolium,1,1,1,1,1,0,sick_check,Newcastle Disease
4834,73,dry,North East,14,None,0,0,0,1,0,0,sick_check,Healthy
4835,44,rainy,South West,30,Amprolium,1,0,1,1,0,0,sick_check,Newcastle Disease
4836,74,rainy,South East,7,Vitamin_Electrolyte,1,1,1,1,1,0,sick_check,Newcastle Disease
4837,4,dry,South East,180,Vitamin_Electrolyte,0,1,1,1,0,0,sick_check,Gumboro (IBD)
4838,65,rainy,North West,7,None,0,1,1,0,0,0,sick_check,Fowl Typhoid
4839,62,rainy,South West,60,None,1,1,1,1,0,0,sick_check,Newcastle Disease
4840,15,rainy,North West,180,Oxytetracycline,0,1,0,0,0,2,death_log,Newcastle Disease
4841,75,rainy,South East,,None,0,1,0,1,0,0,sick_check,Fowl Typhoid
4842,35,rainy,North East,180,None,1,0,0,0,1,0,sick_check,Fowl Typhoid
4843,5,dry,South West,30,None,0,1,1,0,1,0,sick_check,Gumboro (IBD)
4844,64,dry,North East,,None,0,0,0,0,0,0,sick_check,Healthy
4845,4,rainy,South East,7,None,0,1,1,1,1,3,death_log,Gumboro (IBD)
4846,4,rainy,South East,90,None,0,0,0,1,1,0,sick_check,Coccidiosis
4847,58,dry,South East,90,None,0,0,0,0,0,0,sick_check,Healthy
4848,43,rainy,South West,,None,1,1,1,1,0,0,sick_check,Fowl Typhoid
4849,5,dry,North Central,30,Oxytetracycline,0,1,1,1,0,2,death_log,Salmonellosis
4850,56,rainy,South South,30,None,0,1,1,1,1,0,sick_check,Newcastle Disease
4851,6,rainy,South South,180,Amprolium,0,0,1,1,0,0,sick_check,Coccidiosis
4852,71,dry,South East,180,Vitamin_Electrolyte,0,0,1,1,0,0,sick_check,Newcastle Disease
4853,5,rainy,North East,7,Oxytetracycline,0,1,1,1,0,1,death_log,Coccidiosis
4854,4,rainy,North East,90,Vitamin_Electrolyte,0,1,1,0,0,0,sick_check,Coccidiosis
4855,25,dry,South West,30,None,1,1,1,0,0,0,sick_check,Newcastle Disease
4856,65,rainy,North East,7,Tylosin,1,0,1,0,0,0,sick_check,Newcastle Disease
4857,3,dry,North Central,60,Sulfadimidine,0,1,1,1,0,0,sick_check,Salmonellosis
4858,0,dry,North Central,90,Tylosin,0,1,0,1,1,0,sick_check,Gumboro (IBD)
4859,3,dry,North Central,60,None,0,1,0,1,1,0,sick_check,Gumboro (IBD)
4860,29,dry,South South,30,Tylosin,1,0,1,0,0,0,sick_check,Fowl Typhoid
4861,0,dry,North West,90,None,0,0,1,0,1,5,death_log,Salmonellosis
4862,62,rainy,South South,14,Oxytetracycline,0,0,0,0,0,0,sick_check,Healthy
4863,28,rainy,South West,7,None,1,0,1,1,1,5,death_log,Newcastle Disease
4864,11,dry,North Central,7,Oxytetracycline,1,1,0,1,0,2,death_log,Newcastle Disease
4865,34,rainy,South East,90,None,1,1,1,1,0,0,sick_check,Newcastle Disease
4866,3,rainy,North Central,90,None,0,0,1,0,0,1,death_log,Coccidiosis
4867,15,rainy,North West,30,None,1,1,1,1,0,0,sick_check,Fowl Typhoid
4868,1,dry,South South,90,None,0,1,1,1,0,1,death_log,Salmonellosis
4869,0,rainy,North West,,Amprolium,0,1,1,1,0,0,sick_check,Salmonellosis
4870,0,rainy,North East,14,None,0,0,0,0,0,3,death_log,Salmonellosis
4871,3,dry,North Central,,None,0,1,1,0,0,3,death_log,Salmonellosis
4872,54,rainy,North East,7,Amprolium,1,0,1,0,0,0,sick_check,Newcastle Disease
4873,19,rainy,North Central,30,None,0,0,0,0,1,0,sick_check,Newcastle Disease
4874,0,rainy,South East,,None,0,0,1,1,0,0,sick_check,Salmonellosis
4875,7,rainy,North West,,Vitamin_Electrolyte,0,1,0,1,0,2,death_log,Coccidiosis
4876,14,dry,North West,60,Amprolium,0,0,0,0,0,0,sick_check,Healthy
4877,5,rainy,North East,,None,0,0,1,0,0,1,death_log,Coccidiosis
4878,4,dry,South West,30,None,1,1,0,0,1,0,sick_check,Gumboro (IBD)
4879,25,rainy,North West,30,Vitamin_Electrolyte,0,0,0,0,0,0,sick_check,Healthy
4880,5,rainy,North West,14,None,0,1,1,0,0,0,sick_check,Salmonellosis
4881,1,dry,South East,7,None,0,1,0,0,0,0,sick_check,Salmonellosis
4882,6,rainy,South South,180,Tylosin,0,0,1,1,0,3,death_log,Gumboro (IBD)
4883,52,dry,North East,7,None,1,1,1,1,0,0,sick_check,Newcastle Disease
4884,36,rainy,North Central,180,None,0,0,0,0,0,0,sick_check,Healthy
4885,4,rainy,South South,180,None,0,1,0,0,1,0,sick_check,Coccidiosis
4886,68,rainy,North West,,Vitamin_Electrolyte,0,1,0,1,1,0,sick_check,Newcastle Disease
4887,39,rainy,South East,180,Oxytetracycline,1,1,0,0,0,0,sick_check,Newcastle Disease
4888,27,dry,South East,,None,0,1,1,0,1,0,sick_check,Newcastle Disease
4889,3,dry,North West,180,Amprolium,0,0,1,1,0,0,sick_check,Salmonellosis
4890,5,rainy,North West,,None,0,1,1,1,1,0,sick_check,Coccidiosis
4891,1,dry,North Central,180,None,1,0,1,0,1,0,sick_check,Salmonellosis
4892,5,dry,North West,30,Vitamin_Electrolyte,0,1,1,1,0,0,sick_check,Coccidiosis
4893,11,rainy,South East,7,Sulfadimidine,0,1,1,1,0,2,death_log,Salmonellosis
4894,38,dry,North West,14,None,0,1,0,1,0,0,sick_check,Healthy
4895,7,rainy,North West,30,Oxytetracycline,0,1,1,1,0,1,death_log,Coccidiosis
4896,73,rainy,South East,7,Amprolium,0,0,1,1,0,0,sick_check,Fowl Typhoid
4897,8,rainy,South South,90,Oxytetracycline,0,0,0,0,0,0,sick_check,Healthy
4898,14,rainy,South East,180,Vitamin_Electrolyte,1,0,1,0,0,0,sick_check,Newcastle Disease
4899,0,rainy,South East,90,Vitamin_Electrolyte,0,1,1,0,0,3,death_log,Salmonellosis
4900,4,rainy,North West,,Sulfadimidine,0,0,0,0,0,0,sick_check,Coccidiosis
4901,6,rainy,North Central,30,None,0,1,1,0,0,0,sick_check,Coccidiosis
4902,40,dry,North Central,,None,1,1,1,0,1,1,death_log,Newcastle Disease
4903,6,rainy,North West,90,None,0,1,1,1,0,0,sick_check,Coccidiosis
4904,2,dry,North Central,7,Oxytetracycline,0,0,0,1,0,0,sick_check,Salmonellosis
4905,4,rainy,North Central,90,Tylosin,0,0,1,1,0,7,death_log,Salmonellosis
4906,0,dry,South West,7,Sulfadimidine,0,1,1,1,0,0,sick_check,Salmonellosis
4907,57,dry,North West,7,Sulfadimidine,0,0,0,0,0,0,sick_check,Healthy
4908,7,rainy,North West,,None,0,1,0,0,0,0,sick_check,Coccidiosis
4909,53,dry,North West,,None,1,0,1,1,0,0,sick_check,Newcastle Disease
4910,1,rainy,South South,,None,0,1,0,1,0,2,death_log,Salmonellosis
4911,6,rainy,North East,60,None,0,1,0,0,0,0,sick_check,Coccidiosis
4912,26,rainy,North East,,Sulfadimidine,0,0,1,0,0,0,sick_check,Salmonellosis
4913,11,rainy,South South,,Sulfadimidine,1,1,1,1,0,0,sick_check,Fowl Typhoid
4914,10,rainy,North East,60,Oxytetracycline,1,1,1,0,0,0,sick_check,Fowl Typhoid
4915,26,rainy,North East,90,None,1,0,1,1,1,5,death_log,Newcastle Disease
4916,21,rainy,North East,90,None,0,1,1,1,0,0,sick_check,Fowl Typhoid
4917,34,rainy,South East,7,Amprolium,1,0,1,1,0,3,death_log,Fowl Typhoid
4918,50,dry,North Central,60,None,1,0,0,1,0,0,sick_check,Fowl Typhoid
4919,22,rainy,North West,60,None,0,1,1,1,1,1,death_log,Coccidiosis
4920,26,dry,North West,60,Tylosin,1,1,0,0,0,0,sick_check,Newcastle Disease
4921,33,dry,South West,180,None,1,1,1,1,0,0,sick_check,Newcastle Disease
4922,13,rainy,South East,180,Oxytetracycline,0,0,0,0,0,0,sick_check,Healthy
4923,13,rainy,South South,30,None,0,0,1,1,1,0,sick_check,Newcastle Disease
4924,12,dry,South South,60,None,0,0,0,0,0,0,sick_check,Healthy
4925,4,rainy,South South,,Tylosin,0,0,1,0,0,0,sick_check,Salmonellosis
4926,17,rainy,North Central,60,Amprolium,0,1,1,0,1,0,sick_check,Gumboro (IBD)
4927,2,rainy,North East,60,None,0,1,1,0,1,0,sick_check,Salmonellosis
4928,0,rainy,South East,90,None,0,0,1,0,0,0,sick_check,Salmonellosis
4929,33,dry,South West,180,None,1,0,1,0,0,1,death_log,Fowl Typhoid
4930,29,rainy,South West,30,Amprolium,1,0,1,1,0,0,sick_check,Fowl Typhoid
4931,75,rainy,South West,60,Sulfadimidine,1,0,0,0,1,0,sick_check,Healthy
4932,53,rainy,North West,7,None,0,1,1,1,0,0,sick_check,Newcastle Disease
4933,27,dry,South East,60,Amprolium,1,1,1,0,0,0,sick_check,Salmonellosis
4934,4,dry,North West,7,Sulfadimidine,0,1,1,1,1,4,death_log,Salmonellosis
4935,4,rainy,North East,30,Amprolium,0,0,1,0,0,0,sick_check,Salmonellosis
4936,38,dry,South East,180,None,0,0,0,0,0,0,sick_check,Healthy
4937,25,rainy,South South,30,None,0,1,0,1,1,0,sick_check,Coccidiosis
4938,9,rainy,North Central,30,Vitamin_Electrolyte,0,0,0,0,0,0,sick_check,Coccidiosis
4939,7,rainy,North West,180,Vitamin_Electrolyte,0,0,0,1,0,0,sick_check,Coccidiosis
4940,4,dry,South South,90,Sulfadimidine,1,1,1,1,1,3,death_log,Newcastle Disease
4941,46,dry,North Central,14,Amprolium,1,1,1,1,0,0,sick_check,Newcastle Disease
4942,22,dry,North West,14,None,0,0,0,0,0,0,sick_check,Healthy
4943,40,rainy,South East,90,Vitamin_Electrolyte,1,0,0,1,1,7,death_log,Newcastle Disease
4944,4,dry,North West,7,Amprolium,0,0,1,0,0,0,sick_check,Gumboro (IBD)
4945,5,rainy,North Central,14,Tylosin,0,1,0,0,0,0,sick_check,Gumboro (IBD)
4946,4,dry,North West,30,None,0,0,0,0,1,0,sick_check,Gumboro (IBD)
4947,8,rainy,North East,7,Sulfadimidine,0,1,0,1,0,1,death_log,Coccidiosis
4948,66,dry,North West,90,Oxytetracycline,1,0,1,1,0,5,death_log,Newcastle Disease
4949,5,rainy,North Central,90,Tylosin,0,1,0,1,1,0,sick_check,Coccidiosis
4950,56,dry,North Central,7,Tylosin,1,1,1,1,0,0,sick_check,Newcastle Disease
4951,2,rainy,South East,,Amprolium,0,1,0,1,0,3,death_log,Salmonellosis
4952,5,rainy,South South,7,None,0,1,0,0,0,0,sick_check,Coccidiosis
4953,27,dry,South East,,Sulfadimidine,1,0,0,1,0,0,sick_check,Fowl Typhoid
4954,6,rainy,South South,14,None,0,0,0,1,1,0,sick_check,Salmonellosis
4955,4,rainy,North Central,,Tylosin,0,1,0,1,0,0,sick_check,Coccidiosis
4956,3,dry,South South,90,None,0,1,1,1,0,0,sick_check,Salmonellosis
4957,0,rainy,South South,,Sulfadimidine,0,1,0,1,0,0,sick_check,Gumboro (IBD)
4958,42,rainy,South South,7,None,0,1,0,1,0,0,sick_check,Fowl Typhoid
4959,41,rainy,South West,30,None,1,0,0,1,0,0,sick_check,Fowl Typhoid
4960,3,dry,North East,90,None,1,0,1,0,1,0,sick_check,Newcastle Disease
4961,2,rainy,South South,60,None,0,1,1,1,1,4,death_log,Salmonellosis
4962,53,rainy,South West,90,Tylosin,1,1,1,1,0,2,death_log,Fowl Typhoid
4963,3,rainy,South West,14,Tylosin,0,1,1,0,0,0,sick_check,Salmonellosis
4964,41,rainy,South South,180,None,1,1,1,1,0,0,sick_check,Newcastle Disease
4965,66,rainy,North East,60,Vitamin_Electrolyte,1,0,1,1,0,3,death_log,Fowl Typhoid
4966,60,dry,North East,7,None,0,0,1,1,0,4,death_log,Fowl Typhoid
4967,66,dry,North West,60,Oxytetracycline,1,1,1,0,0,0,sick_check,Newcastle Disease
4968,19,dry,North East,90,None,0,0,1,1,1,0,sick_check,Newcastle Disease
4969,3,dry,South East,30,None,0,0,1,0,0,1,death_log,Gumboro (IBD)
4970,35,dry,North East,30,Sulfadimidine,1,0,1,0,1,4,death_log,Newcastle Disease
4971,1,dry,South South,7,Sulfadimidine,0,1,1,0,0,0,sick_check,Salmonellosis
4972,4,rainy,North Central,60,Vitamin_Electrolyte,0,1,0,1,1,0,sick_check,Coccidiosis
4973,63,dry,South South,14,None,1,1,1,1,1,0,sick_check,Newcastle Disease
4974,51,rainy,South West,14,Oxytetracycline,0,1,1,0,0,0,sick_check,Fowl Typhoid
4975,22,rainy,North West,14,Vitamin_Electrolyte,1,1,0,1,0,0,sick_check,Newcastle Disease
4976,64,rainy,North West,60,None,1,1,1,1,0,0,sick_check,Fowl Typhoid
4977,34,rainy,South East,60,None,1,1,0,1,1,0,sick_check,Newcastle Disease
4978,15,dry,North East,180,None,1,0,0,0,0,0,sick_check,Newcastle Disease
4979,0,rainy,North West,,Sulfadimidine,0,0,0,1,0,0,sick_check,Salmonellosis
4980,11,dry,South South,90,Vitamin_Electrolyte,0,1,1,0,0,1,death_log,Salmonellosis
4981,29,rainy,South West,90,Sulfadimidine,1,1,1,1,0,0,sick_check,Fowl Typhoid
4982,3,rainy,South West,90,Vitamin_Electrolyte,0,1,0,0,0,3,death_log,Salmonellosis
4983,7,rainy,South South,,None,0,1,0,1,0,1,death_log,Coccidiosis
4984,50,rainy,North West,14,None,1,1,1,1,0,0,sick_check,Newcastle Disease
4985,60,dry,North West,30,None,0,0,0,0,0,0,sick_check,Healthy
4986,3,rainy,North Central,,None,1,0,1,1,1,4,death_log,Newcastle Disease
4987,61,rainy,North West,14,None,0,0,1,0,0,0,sick_check,Fowl Typhoid
4988,5,rainy,North West,30,None,0,0,1,0,0,0,sick_check,Gumboro (IBD)
4989,7,dry,North East,30,None,0,0,1,1,0,1,death_log,Coccidiosis
4990,0,rainy,North East,14,None,0,1,1,0,0,0,sick_check,Coccidiosis
4991,75,rainy,South West,,Vitamin_Electrolyte,0,1,1,1,0,0,sick_check,Fowl Typhoid
4992,39,rainy,South East,30,Amprolium,0,1,1,0,1,0,sick_check,Fowl Typhoid
4993,6,rainy,North East,30,None,0,1,0,1,0,2,death_log,Gumboro (IBD)
4994,2,rainy,North East,30,None,0,0,0,1,0,0,sick_check,Salmonellosis
4995,36,rainy,South East,60,Sulfadimidine,0,1,1,1,0,0,sick_check,Fowl Typhoid
4996,39,dry,South East,60,None,0,0,1,1,1,0,sick_check,Healthy
4997,0,rainy,North East,30,Vitamin_Electrolyte,0,1,0,1,0,0,sick_check,Coccidiosis
4998,0,dry,North Central,14,None,0,1,0,1,0,0,sick_check,Salmonellosis
4999,6,rainy,South East,14,None,0,1,0,1,0,0,sick_check,Coccidiosis
5000,17,rainy,South East,60,None,0,1,0,1,0,0,sick_check,Coccidiosis
5001,46,dry,North Central,14,Oxytetracycline,1,1,1,0,0,0,sick_check,Fowl Typhoid
5002,67,dry,North Central,180,Oxytetracycline,1,0,0,1,1,0,sick_check,Newcastle Disease
5003,6,dry,North Central,90,Sulfadimidine,0,1,0,0,0,0,sick_check,Coccidiosis
5004,70,dry,North East,90,Oxytetracycline,0,1,1,0,0,0,sick_check,Fowl Typhoid
5005,56,dry,South West,180,None,1,1,1,1,0,0,sick_check,Fowl Typhoid
5006,6,rainy,South South,90,None,0,1,0,0,0,0,sick_check,Coccidiosis
5007,27,rainy,North East,180,Tylosin,0,0,0,0,0,0,sick_check,Healthy
5008,12,dry,South West,180,None,0,0,1,1,0,0,sick_check,Newcastle Disease
5009,3,rainy,North East,7,Vitamin_Electrolyte,0,0,1,0,0,0,sick_check,Salmonellosis
5010,12,rainy,South East,30,None,0,1,1,1,0,0,sick_check,Fowl Typhoid
5011,31,rainy,South East,,Sulfadimidine,0,1,1,1,0,0,sick_check,Coccidiosis
5012,26,rainy,North East,14,Oxytetracycline,0,0,0,1,0,0,sick_check,Newcastle Disease
5013,55,dry,North Central,90,Vitamin_Electrolyte,0,1,0,0,0,0,sick_check,Fowl Typhoid
5014,43,dry,South South,7,None,1,1,0,0,0,6,death_log,Newcastle Disease
5015,53,rainy,North East,90,None,1,1,1,0,0,0,sick_check,Newcastle Disease
5016,3,rainy,South South,,None,1,1,0,1,0,0,sick_check,Coccidiosis
5017,1,dry,North East,7,None,0,1,1,0,0,0,sick_check,Salmonellosis
5018,61,dry,North West,30,Vitamin_Electrolyte,0,0,0,0,0,0,sick_check,Healthy
5019,23,rainy,South South,30,None,0,1,0,0,0,0,sick_check,Healthy
5020,1,rainy,South West,30,None,0,1,0,0,0,0,sick_check,Salmonellosis
5021,0,rainy,South West,30,Sulfadimidine,0,1,0,0,0,0,sick_check,Gumboro (IBD)
5022,6,rainy,North West,,Sulfadimidine,0,1,1,1,0,0,sick_check,Coccidiosis
5023,33,rainy,North East,7,None,1,1,1,0,1,0,sick_check,Newcastle Disease
5024,49,dry,North West,60,Amprolium,1,1,1,0,1,0,sick_check,Fowl Typhoid
5025,5,dry,South West,14,None,0,1,1,1,0,0,sick_check,Gumboro (IBD)
5026,39,dry,North East,90,None,1,1,0,0,0,0,sick_check,Newcastle Disease
5027,58,rainy,North East,180,Oxytetracycline,1,1,1,1,0,4,death_log,Newcastle Disease
5028,60,rainy,North West,30,Amprolium,1,0,0,1,1,3,death_log,Newcastle Disease
5029,0,rainy,South East,30,None,0,1,1,0,0,0,sick_check,Gumboro (IBD)
5030,4,dry,North Central,60,Sulfadimidine,1,1,1,1,0,0,sick_check,Gumboro (IBD)
5031,3,rainy,South South,30,None,1,1,1,0,0,0,sick_check,Coccidiosis
5032,71,dry,South East,,None,1,0,0,0,1,5,death_log,Fowl Typhoid
5033,5,dry,North West,30,None,0,1,0,1,0,0,sick_check,Coccidiosis
5034,4,rainy,North Central,30,None,0,1,0,1,1,0,sick_check,Coccidiosis
5035,42,rainy,North Central,,Tylosin,0,0,1,1,0,7,death_log,Newcastle Disease
5036,72,dry,North East,60,Sulfadimidine,1,1,0,1,0,0,sick_check,Newcastle Disease
5037,8,rainy,North Central,180,None,1,1,0,1,0,0,sick_check,Coccidiosis
5038,5,dry,North Central,180,None,1,1,1,1,0,0,sick_check,Gumboro (IBD)
5039,33,dry,North East,7,None,1,0,1,1,1,0,sick_check,Newcastle Disease
5040,61,dry,South South,,None,0,1,1,1,1,3,death_log,Newcastle Disease
5041,76,rainy,South West,,Sulfadimidine,0,0,0,0,0,0,sick_check,Healthy
5042,22,dry,North East,30,Vitamin_Electrolyte,0,0,0,0,1,0,sick_check,Healthy
5043,7,rainy,North Central,14,Oxytetracycline,0,0,1,0,0,4,death_log,Coccidiosis
5044,7,rainy,South East,14,None,0,1,0,0,1,0,sick_check,Coccidiosis
5045,48,rainy,North West,14,Oxytetracycline,1,0,1,1,1,0,sick_check,Newcastle Disease
5046,66,rainy,North Central,,Vitamin_Electrolyte,1,1,1,1,1,0,sick_check,Fowl Typhoid
5047,55,dry,North East,180,None,1,0,0,1,1,0,sick_check,Newcastle Disease
5048,6,rainy,South South,7,None,0,1,1,1,0,1,death_log,Coccidiosis
5049,6,dry,North East,60,Sulfadimidine,1,0,1,1,0,3,death_log,Newcastle Disease
5050,37,dry,South East,,None,1,0,0,1,0,0,sick_check,Newcastle Disease
5051,24,rainy,North Central,180,Amprolium,0,1,0,1,0,0,sick_check,Coccidiosis
5052,31,rainy,South South,7,Amprolium,0,1,1,1,0,0,sick_check,Fowl Typhoid
5053,50,dry,South West,7,None,1,1,1,1,0,0,sick_check,Newcastle Disease
5054,5,rainy,North East,60,None,0,1,1,1,0,0,sick_check,Gumboro (IBD)
5055,4,rainy,South East,180,None,0,1,1,1,0,0,sick_check,Coccidiosis
5056,5,dry,North Central,,None,0,1,0,0,0,0,sick_check,Gumboro (IBD)
5057,4,dry,North East,60,Amprolium,0,0,1,0,0,0,sick_check,Coccidiosis
5058,72,dry,North West,60,None,1,1,1,1,0,0,sick_check,Fowl Typhoid
5059,4,dry,South West,,Vitamin_Electrolyte,0,1,1,1,1,2,death_log,Salmonellosis
5060,1,rainy,South South,,Oxytetracycline,1,1,1,1,0,0,sick_check,Newcastle Disease
5061,7,rainy,North West,60,None,0,0,0,1,1,0,sick_check,Gumboro (IBD)
5062,78,dry,South West,,Amprolium,0,0,0,0,0,0,sick_check,Healthy
5063,3,dry,South South,180,None,0,1,1,0,0,0,sick_check,Gumboro (IBD)
5064,7,rainy,South East,90,None,0,1,1,1,0,1,death_log,Coccidiosis
5065,71,dry,North Central,30,Amprolium,1,1,1,1,1,0,sick_check,Newcastle Disease
5066,47,dry,South West,,None,0,0,1,0,0,1,death_log,Fowl Typhoid
5067,41,dry,South South,60,None,0,0,0,0,0,0,sick_check,Healthy
5068,7,rainy,South West,60,None,0,1,0,0,0,1,death_log,Coccidiosis
5069,3,dry,North Central,7,None,0,1,1,0,0,0,sick_check,Salmonellosis
5070,56,rainy,North Central,14,None,0,1,1,1,0,0,sick_check,Fowl Typhoid
5071,4,rainy,South West,90,Oxytetracycline,0,0,0,1,0,0,sick_check,Salmonellosis
5072,4,rainy,South West,30,Vitamin_Electrolyte,0,1,0,1,1,0,sick_check,Coccidiosis
5073,32,dry,South West,30,Oxytetracycline,0,1,0,1,0,0,sick_check,Fowl Typhoid
5074,15,rainy,North West,30,None,0,0,1,0,1,4,death_log,Newcastle Disease
5075,13,dry,North West,30,Oxytetracycline,1,0,1,1,0,7,death_log,Newcastle Disease
5076,13,rainy,South West,90,Amprolium,1,1,1,1,1,2,death_log,Newcastle Disease
5077,70,dry,South East,90,None,0,1,0,0,0,0,sick_check,Fowl Typhoid
5078,46,rainy,South South,60,None,0,0,0,0,0,0,sick_check,Healthy
5079,19,rainy,South South,30,Amprolium,1,0,1,1,0,0,sick_check,Newcastle Disease
5080,12,rainy,North West,14,Vitamin_Electrolyte,1,1,0,1,1,3,death_log,Fowl Typhoid
5081,5,dry,South South,14,Amprolium,0,1,1,1,0,2,death_log,Coccidiosis
5082,30,rainy,North West,60,None,1,1,1,1,1,0,sick_check,Newcastle Disease
5083,1,rainy,North East,,None,1,1,1,0,1,0,sick_check,Salmonellosis
5084,1,rainy,South South,180,None,1,1,1,1,1,0,sick_check,Newcastle Disease
5085,0,dry,North Central,7,None,0,0,0,0,0,0,sick_check,Coccidiosis
5086,2,dry,North Central,60,Vitamin_Electrolyte,0,0,0,1,0,0,sick_check,Salmonellosis
5087,5,dry,South East,14,None,0,1,1,1,0,0,sick_check,Gumboro (IBD)
5088,64,rainy,North East,14,None,1,1,0,0,0,0,sick_check,Fowl Typhoid
5089,4,dry,North Central,14,Tylosin,0,1,1,0,0,0,sick_check,Gumboro (IBD)
5090,63,rainy,North Central,7,Sulfadimidine,1,0,1,0,0,0,sick_check,Newcastle Disease
5091,2,dry,North East,60,Vitamin_Electrolyte,0,1,1,1,1,1,death_log,Salmonellosis
5092,16,dry,North East,,None,1,1,1,0,0,0,sick_check,Newcastle Disease
5093,60,rainy,South West,14,Sulfadimidine,1,1,0,1,0,3,death_log,Newcastle Disease
5094,0,dry,South West,30,None,0,1,0,1,0,4,death_log,Salmonellosis
5095,25,rainy,South West,30,Tylosin,0,0,1,1,0,6,death_log,Fowl Typhoid
5096,12,rainy,South West,7,Sulfadimidine,1,0,1,1,0,0,sick_check,Newcastle Disease
5097,2,rainy,North West,180,None,0,0,1,0,0,0,sick_check,Salmonellosis
5098,3,rainy,North Central,14,Oxytetracycline,0,1,1,1,0,0,sick_check,Coccidiosis
5099,37,rainy,South South,,Oxytetracycline,0,0,0,1,0,0,sick_check,Newcastle Disease
5100,3,rainy,North East,14,None,0,1,1,1,0,0,sick_check,Salmonellosis
5101,5,dry,South South,90,None,0,0,1,1,0,0,sick_check,Coccidiosis
5102,8,dry,North East,90,Sulfadimidine,0,1,0,1,1,0,sick_check,Coccidiosis
5103,4,dry,North West,180,Amprolium,0,0,0,1,0,1,death_log,Coccidiosis
5104,45,rainy,North Central,14,None,1,1,0,1,0,0,sick_check,Newcastle Disease
5105,5,rainy,South East,90,Tylosin,0,1,1,0,0,3,death_log,Coccidiosis
5106,3,rainy,North East,,None,0,1,1,0,0,0,sick_check,Salmonellosis
5107,36,rainy,North East,14,None,1,0,1,1,0,0,sick_check,Newcastle Disease
5108,3,rainy,South East,180,None,0,0,0,1,0,0,sick_check,Coccidiosis
5109,31,rainy,North Central,30,None,1,1,1,1,1,0,sick_check,Newcastle Disease
5110,2,rainy,South West,,Tylosin,0,1,1,0,0,1,death_log,Salmonellosis
5111,19,dry,South South,30,Vitamin_Electrolyte,1,1,1,0,0,0,sick_check,Fowl Typhoid
5112,4,rainy,North East,60,None,0,0,0,0,0,0,sick_check,Coccidiosis
5113,14,rainy,North East,7,Oxytetracycline,0,1,0,0,0,0,sick_check,Coccidiosis
5114,58,dry,North Central,7,None,0,0,0,0,0,0,sick_check,Healthy
5115,14,rainy,North East,60,None,0,0,0,0,0,0,sick_check,Healthy
5116,0,rainy,North Central,180,None,0,1,1,1,0,0,sick_check,Salmonellosis
5117,24,rainy,North East,60,Sulfadimidine,0,1,0,1,0,4,death_log,Newcastle Disease
5118,2,dry,South South,30,Amprolium,0,1,1,0,0,0,sick_check,Salmonellosis
5119,18,dry,North Central,14,Amprolium,0,0,1,1,0,0,sick_check,Healthy
5120,1,dry,South East,,None,1,1,1,0,1,2,death_log,Salmonellosis
5121,48,dry,North Central,90,Amprolium,0,0,0,0,0,0,sick_check,Healthy
5122,38,rainy,South East,,Tylosin,1,1,1,1,0,2,death_log,Newcastle Disease
5123,4,dry,North East,90,None,0,1,1,0,0,0,sick_check,Gumboro (IBD)
5124,65,dry,North Central,14,None,1,1,0,0,1,0,sick_check,Newcastle Disease
5125,3,rainy,South West,14,Vitamin_Electrolyte,0,1,1,1,0,0,sick_check,Salmonellosis
5126,57,rainy,South South,14,None,0,1,1,0,1,0,sick_check,Newcastle Disease
5127,5,rainy,South West,60,Vitamin_Electrolyte,0,0,0,0,0,0,sick_check,Coccidiosis
5128,6,rainy,North West,30,None,0,1,1,1,0,2,death_log,Coccidiosis
5129,0,rainy,South West,,Oxytetracycline,0,1,1,0,0,2,death_log,Salmonellosis
5130,38,rainy,South East,180,Amprolium,1,1,1,1,0,0,sick_check,Fowl Typhoid
5131,19,rainy,South South,180,Amprolium,1,0,1,0,0,0,sick_check,Fowl Typhoid
5132,6,rainy,North Central,14,None,0,1,1,0,1,0,sick_check,Coccidiosis
5133,18,rainy,North Central,7,Sulfadimidine,0,0,0,0,0,0,sick_check,Healthy
5134,0,rainy,North West,180,Oxytetracycline,0,0,1,1,0,0,sick_check,Salmonellosis
5135,50,dry,South East,30,Oxytetracycline,1,1,1,1,0,0,sick_check,Newcastle Disease
5136,1,dry,North Central,,Amprolium,0,1,0,1,0,0,sick_check,Salmonellosis
5137,18,dry,South West,14,Oxytetracycline,0,0,0,1,0,0,sick_check,Salmonellosis
5138,28,rainy,North West,14,None,1,0,1,0,1,0,sick_check,Fowl Typhoid
5139,14,rainy,South East,14,None,0,0,1,1,0,1,death_log,Newcastle Disease
5140,5,rainy,South East,,Sulfadimidine,0,1,1,1,0,0,sick_check,Coccidiosis
5141,55,rainy,North East,,None,0,0,0,0,0,0,sick_check,Healthy
5142,0,dry,South West,90,None,0,1,0,0,0,0,sick_check,Salmonellosis
5143,5,rainy,South South,14,None,0,0,0,1,0,0,sick_check,Coccidiosis
5144,5,dry,South South,7,Tylosin,0,1,1,0,0,0,sick_check,Gumboro (IBD)
5145,5,dry,North Central,,None,1,1,1,1,0,0,sick_check,Gumboro (IBD)
5146,55,dry,North West,180,None,0,1,0,0,0,0,sick_check,Fowl Typhoid
5147,17,dry,South West,,Vitamin_Electrolyte,1,0,1,1,1,0,sick_check,Newcastle Disease
5148,3,rainy,South West,180,Vitamin_Electrolyte,0,1,1,1,0,0,sick_check,Gumboro (IBD)
5149,5,rainy,North East,14,None,0,1,1,0,0,0,sick_check,Coccidiosis
5150,53,rainy,North Central,180,None,1,0,1,1,0,4,death_log,Newcastle Disease
5151,4,rainy,North Central,,None,1,1,1,0,0,0,sick_check,Coccidiosis
5152,6,rainy,South East,7,Vitamin_Electrolyte,0,0,0,1,0,0,sick_check,Coccidiosis
5153,6,rainy,South West,30,Oxytetracycline,0,0,0,1,0,0,sick_check,Coccidiosis
5154,3,rainy,North Central,60,Amprolium,0,1,0,1,0,1,death_log,Coccidiosis
5155,1,dry,North Central,60,Sulfadimidine,0,1,0,1,0,0,sick_check,Salmonellosis
5156,4,rainy,South South,60,Amprolium,0,1,1,0,0,0,sick_check,Coccidiosis
5157,4,rainy,South East,180,None,1,0,1,1,0,0,sick_check,Gumboro (IBD)
5158,57,dry,South East,7,Amprolium,1,1,0,1,0,0,sick_check,Newcastle Disease
5159,5,rainy,South South,7,Sulfadimidine,0,1,1,1,0,1,death_log,Coccidiosis
5160,18,dry,North West,30,None,0,1,1,1,1,0,sick_check,Fowl Typhoid
5161,25,rainy,South East,30,Oxytetracycline,0,0,0,1,0,0,sick_check,Healthy
5162,19,dry,South South,60,None,1,0,0,0,0,0,sick_check,Healthy
5163,69,rainy,North West,30,Amprolium,1,0,0,1,0,2,death_log,Fowl Typhoid
5164,1,dry,North East,30,Tylosin,0,1,1,0,0,0,sick_check,Salmonellosis
5165,24,rainy,South West,180,None,0,0,0,0,1,0,sick_check,Healthy
5166,0,rainy,South West,14,Amprolium,0,1,1,0,1,0,sick_check,Coccidiosis
5167,5,dry,South East,180,Amprolium,0,0,1,0,0,0,sick_check,Gumboro (IBD)
5168,59,rainy,North East,14,Sulfadimidine,1,0,1,1,0,0,sick_check,Fowl Typhoid
5169,46,rainy,North East,90,Amprolium,1,1,1,1,1,0,sick_check,Fowl Typhoid
5170,47,rainy,South West,90,None,0,1,0,0,0,0,sick_check,Healthy
5171,42,dry,South East,180,None,1,0,1,0,0,0,sick_check,Newcastle Disease
5172,4,rainy,North Central,180,Oxytetracycline,0,1,0,1,0,0,sick_check,Salmonellosis
5173,5,rainy,North Central,7,None,0,1,1,1,0,2,death_log,Coccidiosis
5174,54,rainy,South South,60,Oxytetracycline,0,0,0,0,1,0,sick_check,Healthy
5175,36,rainy,South South,180,None,1,0,1,1,1,0,sick_check,Newcastle Disease
5176,48,rainy,North East,180,Tylosin,1,1,0,1,0,2,death_log,Newcastle Disease
5177,2,rainy,North East,180,Sulfadimidine,0,1,1,0,0,0,sick_check,Salmonellosis
5178,5,rainy,South South,7,None,0,1,1,1,0,0,sick_check,Coccidiosis
5179,0,dry,South South,,None,0,1,1,0,0,0,sick_check,Salmonellosis
5180,4,rainy,South West,180,None,1,1,0,1,0,0,sick_check,Coccidiosis
5181,47,rainy,South West,90,None,1,0,1,1,0,2,death_log,Newcastle Disease
5182,4,rainy,North East,7,Oxytetracycline,0,0,1,0,0,0,sick_check,Gumboro (IBD)
5183,6,rainy,South East,60,None,0,1,1,1,0,0,sick_check,Coccidiosis
5184,49,dry,South West,14,None,1,1,1,0,0,5,death_log,Newcastle Disease
5185,48,rainy,South South,,None,1,1,1,1,0,0,sick_check,Fowl Typhoid
5186,35,dry,South South,14,None,1,1,0,0,0,1,death_log,Fowl Typhoid
5187,5,rainy,South East,14,None,0,1,1,1,0,1,death_log,Coccidiosis
5188,5,rainy,North East,,Amprolium,0,1,0,1,0,1,death_log,Coccidiosis
5189,7,rainy,North Central,30,None,0,1,1,0,0,1,death_log,Coccidiosis
5190,77,rainy,North Central,90,Oxytetracycline,1,1,1,0,0,0,sick_check,Newcastle Disease
5191,5,rainy,South South,30,Sulfadimidine,0,1,1,0,0,4,death_log,Gumboro (IBD)
5192,30,rainy,North East,60,Tylosin,1,1,1,1,1,0,sick_check,Newcastle Disease
5193,7,rainy,North Central,7,None,0,1,0,1,0,0,sick_check,Coccidiosis
5194,3,dry,North West,180,Oxytetracycline,0,1,0,1,1,3,death_log,Gumboro (IBD)
5195,24,dry,North East,180,None,0,0,1,1,1,0,sick_check,Newcastle Disease
5196,43,rainy,South South,180,Tylosin,1,0,1,1,0,3,death_log,Newcastle Disease
5197,1,dry,South East,180,Vitamin_Electrolyte,1,1,1,0,1,0,sick_check,Salmonellosis
5198,55,rainy,South South,7,None,0,0,0,0,0,0,sick_check,Healthy
5199,64,dry,North Central,14,Amprolium,1,1,1,0,1,0,sick_check,Newcastle Disease
5200,6,dry,South West,30,Vitamin_Electrolyte,1,1,1,1,0,0,sick_check,Newcastle Disease
5201,26,rainy,North West,14,None,0,0,0,1,0,0,sick_check,Fowl Typhoid
5202,16,dry,North West,14,None,1,0,0,0,0,0,sick_check,Healthy
5203,20,dry,North West,30,Sulfadimidine,1,1,1,0,0,4,death_log,Newcastle Disease
5204,29,dry,South East,7,Sulfadimidine,0,0,1,0,0,0,sick_check,Healthy
5205,8,rainy,North Central,60,Oxytetracycline,0,1,0,0,0,4,death_log,Coccidiosis
5206,6,rainy,North Central,,None,0,1,0,0,1,0,sick_check,Coccidiosis
5207,5,rainy,North Central,180,None,0,1,1,0,0,0,sick_check,Coccidiosis
5208,13,rainy,North East,14,None,1,1,0,1,1,5,death_log,Newcastle Disease
5209,2,dry,North West,7,Oxytetracycline,1,1,1,1,1,0,sick_check,Salmonellosis
5210,20,dry,South South,14,None,1,0,0,1,0,0,sick_check,Newcastle Disease
5211,71,rainy,South East,180,Oxytetracycline,0,1,0,1,0,0,sick_check,Fowl Typhoid
5212,12,rainy,South West,7,None,0,0,0,0,0,0,sick_check,Healthy
5213,6,rainy,South South,30,None,0,1,1,0,0,0,sick_check,Coccidiosis
5214,8,rainy,South West,180,None,0,1,1,0,0,1,death_log,Coccidiosis
5215,1,dry,South West,7,None,0,0,1,1,0,0,sick_check,Salmonellosis
5216,0,rainy,North West,7,Vitamin_Electrolyte,0,1,1,0,0,0,sick_check,Salmonellosis
5217,43,dry,South East,7,Oxytetracycline,0,1,1,1,0,0,sick_check,Fowl Typhoid
5218,47,rainy,South East,14,Tylosin,0,1,1,0,0,0,sick_check,Fowl Typhoid
5219,2,rainy,North Central,180,None,0,1,1,0,0,0,sick_check,Salmonellosis
5220,63,dry,South East,180,Oxytetracycline,1,1,0,1,0,0,sick_check,Fowl Typhoid
5221,15,rainy,South West,90,None,0,0,0,1,1,0,sick_check,Newcastle Disease
5222,5,rainy,North Central,14,Vitamin_Electrolyte,0,0,1,1,0,0,sick_check,Gumboro (IBD)
5223,47,dry,South East,30,None,0,0,0,0,0,0,sick_check,Healthy
5224,13,rainy,South East,60,None,1,1,1,0,1,0,sick_check,Fowl Typhoid
5225,4,rainy,South East,7,Sulfadimidine,0,1,1,0,1,1,death_log,Coccidiosis
5226,4,dry,South West,90,None,0,1,1,1,0,2,death_log,Salmonellosis
5227,1,rainy,South West,90,Tylosin,0,1,1,1,0,0,sick_check,Gumboro (IBD)
5228,19,dry,North West,30,None,0,1,1,1,0,2,death_log,Gumboro (IBD)
5229,3,rainy,South East,90,None,0,1,0,0,0,0,sick_check,Salmonellosis
5230,3,dry,North East,60,None,0,1,1,0,1,0,sick_check,Gumboro (IBD)
5231,5,rainy,South East,60,None,0,1,1,1,1,0,sick_check,Gumboro (IBD)
5232,69,rainy,North West,180,None,1,0,0,0,0,0,sick_check,Healthy
5233,62,rainy,North Central,14,None,1,1,1,0,0,3,death_log,Newcastle Disease
5234,6,rainy,North East,30,None,1,0,1,0,1,0,sick_check,Coccidiosis
5235,4,rainy,South East,,Oxytetracycline,0,1,1,0,0,3,death_log,Salmonellosis
5236,3,dry,North Central,90,None,0,1,1,1,0,2,death_log,Gumboro (IBD)
5237,38,dry,North East,30,Oxytetracycline,0,0,0,1,0,0,sick_check,Fowl Typhoid
5238,4,rainy,North West,90,Tylosin,0,1,0,1,0,0,sick_check,Salmonellosis
5239,5,rainy,North Central,180,Amprolium,0,1,1,1,0,0,sick_check,Gumboro (IBD)
5240,7,rainy,North West,30,None,0,1,0,1,0,1,death_log,Coccidiosis
5241,47,rainy,North Central,7,Sulfadimidine,0,1,1,0,0,3,death_log,Fowl Typhoid
5242,25,rainy,North Central,60,Amprolium,0,0,0,0,0,0,sick_check,Healthy
5243,51,rainy,North East,7,Tylosin,0,1,1,1,1,0,sick_check,Fowl Typhoid
5244,2,dry,North East,,Oxytetracycline,0,1,0,1,0,2,death_log,Salmonellosis
5245,33,dry,South East,7,Tylosin,0,1,1,1,0,0,sick_check,Fowl Typhoid
5246,51,dry,South South,14,None,0,0,0,0,0,0,sick_check,Healthy
5247,6,dry,South South,,Oxytetracycline,0,1,0,1,1,1,death_log,Coccidiosis
5248,48,rainy,South South,60,None,1,0,1,0,1,2,death_log,Newcastle Disease
5249,5,rainy,South West,14,None,0,0,1,1,0,4,death_log,Gumboro (IBD)
5250,77,rainy,North Central,30,None,0,0,0,0,0,0,sick_check,Healthy
5251,4,rainy,South East,60,None,0,1,1,0,1,0,sick_check,Salmonellosis
5252,48,dry,North East,14,Oxytetracycline,1,0,1,0,0,0,sick_check,Newcastle Disease
5253,37,dry,North East,90,Vitamin_Electrolyte,1,1,1,0,0,1,death_log,Fowl Typhoid
5254,70,dry,North East,90,None,1,0,1,1,0,1,death_log,Fowl Typhoid
5255,3,rainy,South West,,None,0,1,1,0,0,0,sick_check,Salmonellosis
5256,0,rainy,North West,90,Sulfadimidine,0,0,1,0,1,0,sick_check,Salmonellosis
5257,61,dry,South East,30,None,1,0,0,0,0,0,sick_check,Newcastle Disease
5258,4,rainy,South South,14,Amprolium,0,0,1,1,1,1,death_log,Salmonellosis
5259,10,dry,North Central,,None,1,0,0,1,1,6,death_log,Newcastle Disease
5260,28,dry,North East,7,Vitamin_Electrolyte,0,0,0,0,0,0,sick_check,Healthy
5261,0,dry,North East,180,Vitamin_Electrolyte,1,1,1,1,0,0,sick_check,Salmonellosis
5262,10,dry,South East,180,None,1,0,0,0,0,0,sick_check,Newcastle Disease
5263,3,dry,North West,14,Sulfadimidine,0,1,1,1,0,2,death_log,Salmonellosis
5264,0,dry,North Central,7,Sulfadimidine,0,1,1,1,1,0,sick_check,Salmonellosis
5265,55,dry,South West,90,Vitamin_Electrolyte,1,1,1,0,1,0,sick_check,Newcastle Disease
5266,8,rainy,South East,90,Vitamin_Electrolyte,0,1,1,1,0,0,sick_check,Coccidiosis
5267,7,rainy,South East,90,None,0,1,1,0,0,0,sick_check,Coccidiosis
5268,18,dry,South West,30,Sulfadimidine,0,1,0,1,1,0,sick_check,Salmonellosis
5269,12,dry,South West,90,None,1,1,1,1,0,0,sick_check,Newcastle Disease
5270,7,rainy,North Central,60,Sulfadimidine,0,0,0,1,1,0,sick_check,Coccidiosis
5271,64,rainy,North East,7,Vitamin_Electrolyte,0,0,0,0,0,0,sick_check,Healthy
5272,75,dry,North West,90,None,1,0,1,0,0,0,sick_check,Newcastle Disease
5273,43,rainy,South East,30,None,1,0,1,1,0,0,sick_check,Newcastle Disease
5274,23,dry,South East,90,None,1,1,1,1,0,0,sick_check,Fowl Typhoid
5275,56,dry,North Central,,None,0,0,0,0,0,0,sick_check,Healthy
5276,61,rainy,South East,60,Tylosin,0,1,1,0,0,0,sick_check,Fowl Typhoid
5277,7,rainy,North West,14,Oxytetracycline,0,1,0,0,0,0,sick_check,Coccidiosis
5278,3,dry,North East,30,Oxytetracycline,0,1,1,0,1,0,sick_check,Salmonellosis
5279,4,rainy,North East,,Amprolium,0,1,1,1,1,0,sick_check,Gumboro (IBD)
5280,69,rainy,South South,60,Sulfadimidine,0,1,1,0,1,4,death_log,Fowl Typhoid
5281,5,dry,North West,,None,0,0,0,1,1,0,sick_check,Gumboro (IBD)
5282,14,dry,South South,,None,0,1,1,0,0,1,death_log,Fowl Typhoid
5283,5,rainy,North West,7,Oxytetracycline,0,1,0,1,0,0,sick_check,Gumboro (IBD)
5284,6,rainy,South West,180,None,0,1,0,1,0,0,sick_check,Coccidiosis
5285,3,rainy,North Central,7,Vitamin_Electrolyte,0,1,1,1,0,0,sick_check,Coccidiosis
5286,8,dry,North West,14,None,0,1,1,1,1,0,sick_check,Coccidiosis
5287,62,rainy,North Central,30,Amprolium,1,1,0,1,0,1,death_log,Fowl Typhoid
5288,49,rainy,South South,7,Sulfadimidine,1,1,1,0,0,1,death_log,Fowl Typhoid
5289,3,rainy,North Central,60,Oxytetracycline,1,0,1,1,0,1,death_log,Salmonellosis
5290,3,rainy,North East,60,Sulfadimidine,0,0,1,0,0,0,sick_check,Coccidiosis
5291,27,dry,North Central,180,Sulfadimidine,1,0,1,1,0,1,death_log,Coccidiosis
5292,7,rainy,North West,60,None,0,1,1,1,0,0,sick_check,Coccidiosis
5293,5,rainy,North East,14,Amprolium,0,0,0,1,0,2,death_log,Gumboro (IBD)
5294,71,dry,South West,90,None,0,1,0,0,0,3,death_log,Fowl Typhoid
5295,12,rainy,South West,14,Vitamin_Electrolyte,1,1,1,0,0,0,sick_check,Fowl Typhoid
5296,5,dry,South South,14,Amprolium,0,0,1,0,0,0,sick_check,Gumboro (IBD)
5297,34,rainy,South West,60,Tylosin,0,0,0,0,0,0,sick_check,Healthy
5298,4,rainy,South South,7,Vitamin_Electrolyte,1,1,0,0,1,0,sick_check,Coccidiosis
5299,58,dry,South South,90,Oxytetracycline,0,1,1,1,0,0,sick_check,Newcastle Disease
5300,4,rainy,North East,60,None,0,1,1,0,0,0,sick_check,Gumboro (IBD)
5301,7,rainy,South West,90,Tylosin,0,0,1,1,0,0,sick_check,Coccidiosis
5302,0,rainy,South East,,None,0,1,1,1,0,0,sick_check,Coccidiosis
5303,4,rainy,North Central,90,Vitamin_Electrolyte,0,1,0,0,0,0,sick_check,Salmonellosis
5304,42,dry,South West,90,None,1,1,1,1,0,0,sick_check,Fowl Typhoid
5305,45,dry,North East,180,None,0,1,0,1,0,0,sick_check,Newcastle Disease
5306,20,rainy,North West,7,None,1,1,0,0,0,0,sick_check,Fowl Typhoid
5307,3,rainy,North East,90,None,1,1,1,0,0,0,sick_check,Salmonellosis
5308,7,rainy,North Central,,None,0,1,1,1,0,0,sick_check,Coccidiosis
5309,5,rainy,North East,7,None,0,1,0,1,0,2,death_log,Coccidiosis
5310,25,rainy,North East,90,None,1,0,0,1,1,0,sick_check,Newcastle Disease
5311,6,dry,South South,7,None,0,1,1,0,1,1,death_log,Gumboro (IBD)
5312,37,rainy,North West,180,Amprolium,1,0,1,1,1,0,sick_check,Newcastle Disease
5313,4,rainy,South West,90,Vitamin_Electrolyte,0,0,1,1,0,4,death_log,Salmonellosis
5314,5,rainy,North Central,90,None,0,1,0,1,0,0,sick_check,Coccidiosis
5315,5,rainy,North West,,None,0,1,1,1,0,0,sick_check,Coccidiosis
5316,4,dry,North West,7,Sulfadimidine,0,1,1,0,0,5,death_log,Salmonellosis
5317,2,rainy,North Central,30,None,0,0,1,1,0,2,death_log,Salmonellosis
5318,0,dry,South West,14,None,1,1,0,0,0,0,sick_check,Salmonellosis
5319,34,rainy,South South,7,None,0,1,1,0,0,1,death_log,Fowl Typhoid
5320,8,dry,North Central,,None,1,1,0,0,0,0,sick_check,Coccidiosis
5321,0,rainy,South South,7,Amprolium,1,1,1,1,1,2,death_log,Newcastle Disease
5322,57,dry,South East,90,None,1,1,1,1,1,0,sick_check,Newcastle Disease
5323,62,rainy,South West,30,None,0,1,0,0,0,0,sick_check,Healthy
5324,6,rainy,South East,30,Sulfadimidine,0,1,1,0,0,0,sick_check,Coccidiosis
5325,5,rainy,South East,7,None,0,1,1,1,1,1,death_log,Coccidiosis
5326,8,dry,North Central,90,Oxytetracycline,1,1,1,0,0,0,sick_check,Salmonellosis
5327,1,dry,South West,60,None,0,1,1,0,0,1,death_log,Salmonellosis
5328,6,rainy,North Central,7,Amprolium,0,1,1,0,0,3,death_log,Salmonellosis
5329,4,dry,South West,90,None,1,1,1,0,0,0,sick_check,Salmonellosis
5330,1,dry,South West,14,None,0,1,1,1,0,0,sick_check,Salmonellosis
5331,3,rainy,North East,90,None,0,0,0,0,0,6,death_log,Newcastle Disease
5332,3,dry,North Central,60,Tylosin,0,1,0,0,1,0,sick_check,Coccidiosis
5333,75,dry,South East,,Tylosin,1,1,1,1,0,0,sick_check,Newcastle Disease
5334,62,dry,North Central,14,None,1,1,1,0,0,0,sick_check,Fowl Typhoid
5335,1,dry,North West,14,None,0,1,0,1,0,0,sick_check,Salmonellosis
5336,4,rainy,South East,7,None,0,1,0,1,0,0,sick_check,Gumboro (IBD)
5337,1,dry,North Central,,Sulfadimidine,0,0,1,1,0,3,death_log,Salmonellosis
5338,44,rainy,South West,30,None,0,0,0,1,0,0,sick_check,Fowl Typhoid
5339,2,dry,North East,14,None,0,1,1,1,0,0,sick_check,Salmonellosis
5340,49,rainy,North West,14,None,0,1,1,1,0,0,sick_check,Fowl Typhoid
5341,63,rainy,North West,14,None,0,0,0,0,1,0,sick_check,Healthy
5342,63,dry,South West,14,Oxytetracycline,1,1,1,1,0,0,sick_check,Newcastle Disease
5343,2,rainy,North East,7,Sulfadimidine,0,1,1,0,0,0,sick_check,Salmonellosis
5344,66,rainy,North Central,7,None,1,1,0,0,0,3,death_log,Fowl Typhoid
5345,19,dry,South West,14,Oxytetracycline,0,0,1,0,1,0,sick_check,Newcastle Disease
5346,3,dry,South South,,Oxytetracycline,0,0,1,0,0,3,death_log,Salmonellosis
5347,4,rainy,South West,7,Tylosin,1,1,0,1,0,0,sick_check,Salmonellosis
5348,6,rainy,North Central,180,Vitamin_Electrolyte,0,1,1,0,0,0,sick_check,Coccidiosis
5349,0,dry,North East,,None,0,1,1,1,0,0,sick_check,Gumboro (IBD)
5350,48,rainy,North West,,None,1,0,0,1,0,0,sick_check,Fowl Typhoid
5351,69,dry,North East,90,None,1,0,1,1,0,4,death_log,Fowl Typhoid
5352,67,rainy,South South,14,Oxytetracycline,1,1,1,0,0,0,sick_check,Newcastle Disease
5353,15,rainy,South South,90,Vitamin_Electrolyte,0,0,0,0,0,0,sick_check,Healthy
5354,22,rainy,North West,7,None,0,1,1,0,0,2,death_log,Coccidiosis
5355,35,rainy,South South,60,None,0,0,0,1,0,0,sick_check,Coccidiosis
5356,63,dry,South South,30,None,0,1,1,0,0,0,sick_check,Fowl Typhoid
5357,4,dry,South West,180,Tylosin,0,1,1,0,1,0,sick_check,Gumboro (IBD)
5358,6,rainy,North Central,90,Oxytetracycline,0,0,1,0,0,0,sick_check,Salmonellosis
5359,4,dry,North Central,14,Amprolium,0,0,1,1,0,0,sick_check,Salmonellosis
5360,6,rainy,South South,180,Oxytetracycline,1,0,0,0,0,0,sick_check,Healthy
5361,3,dry,South East,7,None,0,1,1,0,0,0,sick_check,Salmonellosis
5362,4,rainy,South East,90,None,0,0,1,0,0,0,sick_check,Salmonellosis
5363,36,dry,North East,7,Vitamin_Electrolyte,1,1,1,1,1,0,sick_check,Fowl Typhoid
5364,22,dry,North East,7,None,0,0,0,0,0,0,sick_check,Healthy
5365,7,rainy,South East,,None,0,1,0,1,0,0,sick_check,Coccidiosis
5366,29,rainy,North Central,90,None,0,0,0,1,0,0,sick_check,Fowl Typhoid
5367,38,dry,North Central,7,None,1,0,1,0,0,0,sick_check,Newcastle Disease
5368,3,rainy,South West,14,None,0,1,1,1,0,1,death_log,Salmonellosis
5369,5,dry,South South,7,None,0,1,1,1,0,0,sick_check,Coccidiosis
5370,3,rainy,North West,,Tylosin,1,1,1,0,0,0,sick_check,Salmonellosis
5371,68,dry,North West,60,None,1,0,1,1,1,2,death_log,Newcastle Disease
5372,1,dry,South East,90,None,0,1,1,0,0,0,sick_check,Salmonellosis
5373,6,rainy,South East,14,Sulfadimidine,1,1,1,1,0,0,sick_check,Coccidiosis
5374,5,rainy,South East,14,None,1,1,1,1,1,1,death_log,Coccidiosis
5375,0,rainy,South South,180,Sulfadimidine,0,1,1,1,0,0,sick_check,Salmonellosis
5376,5,rainy,South West,90,Amprolium,0,1,0,1,0,0,sick_check,Coccidiosis
5377,67,dry,North Central,30,None,0,1,0,0,0,0,sick_check,Healthy
5378,8,dry,South South,30,None,1,1,1,1,0,0,sick_check,Newcastle Disease
5379,4,rainy,North East,60,None,0,1,1,0,0,0,sick_check,Coccidiosis
5380,13,dry,North East,180,Oxytetracycline,0,0,1,1,0,0,sick_check,Newcastle Disease
5381,41,dry,South South,60,Vitamin_Electrolyte,1,0,1,1,0,0,sick_check,Newcastle Disease
5382,5,rainy,North Central,90,Amprolium,0,1,1,0,1,2,death_log,Coccidiosis
5383,6,rainy,North Central,,Tylosin,0,0,0,0,0,0,sick_check,Gumboro (IBD)
5384,11,rainy,South South,,Sulfadimidine,1,0,1,0,0,1,death_log,Gumboro (IBD)
5385,58,rainy,North East,7,None,1,0,0,1,0,3,death_log,Newcastle Disease
5386,53,dry,South South,14,None,0,1,1,1,0,0,sick_check,Fowl Typhoid
5387,7,dry,South South,,None,0,0,1,1,0,0,sick_check,Salmonellosis
5388,5,rainy,South South,90,Tylosin,1,0,0,0,0,0,sick_check,Healthy
5389,17,dry,South West,180,Vitamin_Electrolyte,0,0,1,1,1,0,sick_check,Newcastle Disease
5390,3,rainy,North West,14,None,0,1,0,1,0,0,sick_check,Coccidiosis
5391,61,dry,North West,90,Sulfadimidine,1,1,1,1,0,4,death_log,Fowl Typhoid
5392,19,rainy,South East,7,Oxytetracycline,0,1,0,1,0,0,sick_check,Coccidiosis
5393,6,rainy,South East,,None,0,0,1,0,0,0,sick_check,Coccidiosis
5394,7,rainy,South South,90,Amprolium,0,1,0,1,0,0,sick_check,Coccidiosis
5395,59,dry,North West,60,Vitamin_Electrolyte,1,0,1,1,0,0,sick_check,Newcastle Disease
5396,55,dry,South East,180,None,1,1,1,1,0,0,sick_check,Fowl Typhoid
5397,34,dry,North Central,180,Sulfadimidine,0,0,0,0,0,0,sick_check,Healthy
5398,6,dry,North East,90,None,0,0,1,1,0,0,sick_check,Coccidiosis
5399,4,rainy,North West,180,None,0,1,1,1,0,0,sick_check,Coccidiosis
5400,45,rainy,South South,90,None,0,0,0,0,0,0,sick_check,Healthy
5401,3,rainy,North East,14,None,0,1,1,1,1,0,sick_check,Coccidiosis
5402,32,rainy,North Central,30,None,0,0,1,1,0,0,sick_check,Newcastle Disease
5403,51,dry,South West,14,None,0,0,0,0,0,0,sick_check,Healthy
5404,7,dry,South West,180,None,0,1,1,1,1,0,sick_check,Coccidiosis
5405,38,dry,North East,7,Vitamin_Electrolyte,1,0,0,1,0,0,sick_check,Newcastle Disease
5406,5,dry,South West,90,None,1,1,1,1,0,3,death_log,Newcastle Disease
5407,0,rainy,South West,60,Sulfadimidine,1,1,0,1,0,0,sick_check,Salmonellosis
5408,0,rainy,North Central,180,None,0,1,1,0,0,0,sick_check,Coccidiosis
5409,12,dry,North West,,Vitamin_Electrolyte,1,1,0,1,0,2,death_log,Newcastle Disease
5410,3,rainy,South West,180,None,0,1,1,0,0,0,sick_check,Salmonellosis
5411,22,dry,North West,,None,1,0,0,1,0,0,sick_check,Newcastle Disease
5412,30,rainy,South East,30,None,0,0,0,0,0,0,sick_check,Healthy
5413,61,dry,South West,,Sulfadimidine,0,0,0,0,0,0,sick_check,Healthy
5414,31,rainy,North Central,90,None,1,1,1,0,1,0,sick_check,Newcastle Disease
5415,8,dry,South South,90,None,1,1,0,1,1,0,sick_check,Newcastle Disease
5416,73,dry,South West,90,Amprolium,1,1,1,0,0,0,sick_check,Newcastle Disease
5417,5,dry,South West,14,Amprolium,0,1,1,1,0,1,death_log,Coccidiosis
5418,45,dry,North Central,90,None,0,1,1,1,0,0,sick_check,Fowl Typhoid
5419,4,dry,South East,180,Sulfadimidine,0,1,1,1,0,0,sick_check,Gumboro (IBD)
5420,7,rainy,North East,,Tylosin,0,1,0,0,0,0,sick_check,Coccidiosis
5421,1,rainy,South East,180,None,0,1,1,0,0,0,sick_check,Salmonellosis
5422,3,rainy,North East,30,Oxytetracycline,0,1,0,0,1,0,sick_check,Salmonellosis
5423,6,rainy,South West,,None,0,1,0,1,0,0,sick_check,Coccidiosis
5424,45,dry,South East,30,Tylosin,1,1,1,0,1,1,death_log,Newcastle Disease
5425,10,rainy,South East,180,Amprolium,0,0,1,1,0,0,sick_check,Fowl Typhoid
5426,35,dry,South West,180,None,0,1,1,1,1,0,sick_check,Fowl Typhoid
5427,2,dry,South East,180,None,0,1,1,1,0,1,death_log,Salmonellosis
5428,3,dry,South East,,None,0,1,1,1,0,0,sick_check,Salmonellosis
5429,4,dry,North East,7,Amprolium,0,1,1,1,0,0,sick_check,Coccidiosis
5430,1,dry,North Central,,None,1,0,1,1,0,0,sick_check,Salmonellosis
5431,2,dry,North East,180,Oxytetracycline,0,1,1,1,0,2,death_log,Salmonellosis
5432,31,rainy,South East,7,None,1,0,1,1,0,0,sick_check,Newcastle Disease
5433,35,dry,North West,90,Oxytetracycline,0,0,1,0,0,0,sick_check,Healthy
5434,0,dry,North East,180,Oxytetracycline,1,1,1,0,0,0,sick_check,Salmonellosis
5435,37,rainy,North Central,180,None,1,1,0,0,1,0,sick_check,Newcastle Disease
5436,3,dry,South South,90,Vitamin_Electrolyte,0,0,0,1,1,0,sick_check,Salmonellosis
5437,4,rainy,South West,,Oxytetracycline,0,1,0,1,1,1,death_log,Coccidiosis
5438,26,dry,South South,,Sulfadimidine,1,1,1,0,0,0,sick_check,Fowl Typhoid
5439,4,rainy,North East,,None,0,1,1,1,0,1,death_log,Coccidiosis
5440,1,rainy,South East,60,None,0,1,0,1,0,0,sick_check,Salmonellosis
5441,3,rainy,North West,,None,0,0,0,1,0,0,sick_check,Coccidiosis
5442,6,rainy,South South,90,Vitamin_Electrolyte,0,0,1,0,0,0,sick_check,Coccidiosis
5443,74,dry,North Central,180,Sulfadimidine,1,1,0,1,0,0,sick_check,Newcastle Disease
5444,23,dry,South East,90,None,0,0,0,1,0,0,sick_check,Healthy
5445,68,dry,South South,60,None,1,1,1,1,0,0,sick_check,Fowl Typhoid
5446,65,dry,South East,180,Amprolium,0,1,0,1,1,2,death_log,Newcastle Disease
5447,4,dry,South West,60,Amprolium,0,1,0,1,0,0,sick_check,Salmonellosis
5448,2,dry,North Central,,Vitamin_Electrolyte,0,0,1,1,0,0,sick_check,Salmonellosis
5449,4,dry,North East,30,None,0,0,1,0,0,0,sick_check,Salmonellosis
5450,17,rainy,South East,30,None,0,1,0,1,1,0,sick_check,Coccidiosis
5451,0,rainy,North East,180,Tylosin,0,1,0,0,0,1,death_log,Salmonellosis
5452,5,rainy,South West,,None,0,1,1,1,0,0,sick_check,Coccidiosis
5453,63,rainy,North Central,,None,1,0,0,0,0,1,death_log,Fowl Typhoid
5454,72,rainy,South West,90,None,0,1,1,0,1,0,sick_check,Newcastle Disease
5455,4,rainy,North West,60,None,0,1,1,0,0,1,death_log,Coccidiosis
5456,4,dry,North Central,,None,0,1,0,1,0,0,sick_check,Gumboro (IBD)
5457,6,rainy,North Central,14,None,0,0,1,1,0,1,death_log,Coccidiosis
5458,51,rainy,North East,,Vitamin_Electrolyte,0,0,1,1,0,4,death_log,Fowl Typhoid
5459,58,dry,North East,,Oxytetracycline,0,0,1,1,0,0,sick_check,Fowl Typhoid
5460,35,rainy,South West,14,Sulfadimidine,0,1,0,1,0,0,sick_check,Newcastle Disease
5461,65,rainy,North East,7,Tylosin,1,0,1,0,0,0,sick_check,Fowl Typhoid
5462,8,dry,South West,90,Vitamin_Electrolyte,1,1,1,0,1,0,sick_check,Coccidiosis
5463,8,rainy,South West,14,None,0,1,0,0,0,0,sick_check,Coccidiosis
5464,8,rainy,North Central,90,None,0,1,0,0,0,0,sick_check,Coccidiosis
5465,68,dry,South South,14,Amprolium,0,1,1,1,0,0,sick_check,Newcastle Disease
5466,6,rainy,North Central,30,None,1,1,0,1,0,0,sick_check,Coccidiosis
5467,3,rainy,South East,30,None,0,1,1,0,1,0,sick_check,Salmonellosis
5468,15,rainy,North West,180,Vitamin_Electrolyte,0,1,0,1,1,0,sick_check,Coccidiosis
5469,67,dry,North Central,7,Amprolium,0,1,1,0,0,0,sick_check,Fowl Typhoid
5470,0,dry,South South,7,Oxytetracycline,0,0,0,1,1,1,death_log,Gumboro (IBD)
5471,12,rainy,North West,60,Amprolium,0,1,0,1,0,0,sick_check,Salmonellosis
5472,4,rainy,South West,90,Vitamin_Electrolyte,0,1,1,1,0,0,sick_check,Coccidiosis
5473,67,rainy,South East,7,Oxytetracycline,1,1,0,1,0,0,sick_check,Newcastle Disease
5474,37,rainy,North Central,90,None,0,0,0,1,0,0,sick_check,Healthy
5475,28,dry,North Central,,Amprolium,1,1,0,1,0,2,death_log,Fowl Typhoid
5476,4,rainy,South West,,Oxytetracycline,1,0,1,1,0,0,sick_check,Gumboro (IBD)
5477,0,rainy,North Central,180,None,0,1,0,0,0,0,sick_check,Coccidiosis
5478,5,dry,North East,60,None,0,0,0,0,0,0,sick_check,Gumboro (IBD)
5479,68,rainy,South South,90,Oxytetracycline,1,0,0,1,0,0,sick_check,Fowl Typhoid
5480,3,rainy,South West,7,Tylosin,1,0,1,0,0,0,sick_check,Coccidiosis
5481,75,rainy,South South,60,None,1,1,1,0,0,0,sick_check,Fowl Typhoid
5482,62,dry,South West,14,None,0,1,0,0,0,0,sick_check,Healthy
5483,61,rainy,South South,180,Tylosin,0,1,1,0,0,0,sick_check,Fowl Typhoid
5484,6,rainy,North Central,90,None,0,0,0,1,0,0,sick_check,Coccidiosis
5485,4,dry,North East,90,None,0,0,1,0,0,3,death_log,Salmonellosis
5486,8,dry,South South,7,Tylosin,1,0,1,1,0,0,sick_check,Newcastle Disease
5487,7,rainy,North West,7,None,0,1,1,1,0,1,death_log,Coccidiosis
5488,62,rainy,North West,,Tylosin,1,1,0,0,0,0,sick_check,Fowl Typhoid
5489,0,dry,South South,7,None,0,0,1,1,0,0,sick_check,Salmonellosis
5490,48,dry,South East,7,None,0,1,0,0,0,0,sick_check,Fowl Typhoid
5491,52,rainy,North West,60,None,1,0,0,0,1,0,sick_check,Newcastle Disease
5492,5,dry,North East,180,None,0,1,0,1,1,2,death_log,Gumboro (IBD)
5493,49,rainy,South West,14,None,1,1,1,0,0,0,sick_check,Newcastle Disease
5494,52,rainy,South South,14,None,0,0,0,0,0,0,sick_check,Healthy
5495,4,rainy,South West,60,None,0,0,1,0,0,3,death_log,Gumboro (IBD)
5496,4,rainy,North East,90,None,0,1,0,0,0,1,death_log,Coccidiosis
5497,39,dry,South West,60,None,1,0,0,1,1,0,sick_check,Fowl Typhoid
5498,2,rainy,North West,7,Tylosin,0,1,1,1,1,0,sick_check,Salmonellosis
5499,59,rainy,South South,7,Oxytetracycline,0,1,1,1,0,0,sick_check,Newcastle Disease
5500,6,rainy,South East,60,Tylosin,0,1,1,1,1,0,sick_check,Coccidiosis
5501,5,rainy,North Central,90,None,0,1,1,0,1,0,sick_check,Gumboro (IBD)
5502,49,dry,North West,180,None,0,0,0,1,0,0,sick_check,Newcastle Disease
5503,8,rainy,North East,90,Tylosin,0,0,1,1,0,0,sick_check,Coccidiosis
5504,19,rainy,North West,180,None,0,1,0,1,0,3,death_log,Fowl Typhoid
5505,28,dry,North West,60,Vitamin_Electrolyte,0,0,1,1,0,5,death_log,Newcastle Disease
5506,36,rainy,North East,14,None,0,1,1,1,0,0,sick_check,Fowl Typhoid
5507,5,dry,South West,90,Oxytetracycline,0,0,1,1,0,0,sick_check,Gumboro (IBD)
5508,60,dry,South South,180,Oxytetracycline,0,0,0,0,0,0,sick_check,Healthy
5509,62,dry,South East,14,None,0,0,0,0,0,0,sick_check,Healthy
5510,5,dry,North Central,90,Vitamin_Electrolyte,1,1,1,0,1,0,sick_check,Newcastle Disease
5511,42,dry,North East,90,None,1,1,1,1,0,0,sick_check,Newcastle Disease
5512,58,rainy,North Central,90,Oxytetracycline,1,0,1,1,0,0,sick_check,Newcastle Disease
5513,52,rainy,South West,180,None,0,0,0,0,0,0,sick_check,Healthy
5514,3,dry,North West,180,None,0,0,1,0,0,2,death_log,Gumboro (IBD)
5515,8,rainy,South West,60,None,0,1,0,1,1,8,death_log,Newcastle Disease
5516,2,dry,North East,180,Oxytetracycline,0,1,1,1,1,0,sick_check,Salmonellosis
5517,2,rainy,North Central,60,None,0,1,1,1,1,0,sick_check,Salmonellosis
5518,3,rainy,North West,14,None,0,1,1,0,0,1,death_log,Salmonellosis
5519,20,rainy,North Central,60,None,1,0,0,0,0,0,sick_check,Newcastle Disease
5520,44,dry,North East,30,None,0,0,1,1,0,5,death_log,Newcastle Disease
5521,35,dry,South East,180,Tylosin,1,1,1,0,1,7,death_log,Newcastle Disease
5522,0,rainy,South East,180,None,0,1,1,1,0,2,death_log,Salmonellosis
5523,70,rainy,North Central,30,None,1,0,1,1,0,0,sick_check,Fowl Typhoid
5524,30,dry,South West,7,None,1,1,0,1,1,0,sick_check,Newcastle Disease
5525,36,dry,South South,90,Oxytetracycline,1,0,0,0,1,0,sick_check,Newcastle Disease
5526,3,rainy,North West,,None,0,1,1,1,1,0,sick_check,Salmonellosis
5527,73,dry,South East,30,None,1,0,1,0,1,2,death_log,Fowl Typhoid
5528,3,rainy,North Central,180,None,0,1,1,0,0,3,death_log,Salmonellosis
5529,44,rainy,South South,14,None,0,1,1,0,0,4,death_log,Fowl Typhoid
5530,9,rainy,North West,,None,0,0,1,1,0,4,death_log,Gumboro (IBD)
5531,55,rainy,South South,90,None,0,0,0,0,0,0,sick_check,Healthy
5532,1,dry,North Central,30,Oxytetracycline,0,1,0,0,0,0,sick_check,Salmonellosis
5533,6,dry,North West,180,Oxytetracycline,0,1,0,1,0,0,sick_check,Gumboro (IBD)
5534,72,rainy,North East,90,None,0,0,0,0,0,0,sick_check,Healthy
5535,5,rainy,North West,7,Amprolium,0,1,0,0,0,0,sick_check,Coccidiosis
5536,3,rainy,North Central,180,Vitamin_Electrolyte,0,1,1,1,0,0,sick_check,Coccidiosis
5537,4,rainy,North West,14,None,0,0,1,0,0,0,sick_check,Coccidiosis
5538,26,rainy,North East,30,None,0,0,1,1,0,3,death_log,Newcastle Disease
5539,41,dry,North Central,60,Vitamin_Electrolyte,1,0,1,1,1,0,sick_check,Fowl Typhoid
5540,6,rainy,North Central,7,Vitamin_Electrolyte,0,1,1,0,0,1,death_log,Coccidiosis
5541,62,dry,South South,7,None,1,1,0,1,0,5,death_log,Newcastle Disease
5542,3,rainy,South South,30,None,0,1,1,1,0,2,death_log,Salmonellosis
5543,59,dry,South East,180,Tylosin,1,1,0,0,0,0,sick_check,Newcastle Disease
5544,27,rainy,South South,60,None,1,1,1,0,0,0,sick_check,Newcastle Disease
5545,23,rainy,South East,180,None,1,0,0,1,0,0,sick_check,Newcastle Disease
5546,2,dry,North West,14,None,0,1,1,0,0,0,sick_check,Salmonellosis
5547,4,rainy,North East,14,Tylosin,0,1,0,0,0,3,death_log,Coccidiosis
5548,10,rainy,North West,,Tylosin,0,1,0,1,1,0,sick_check,Gumboro (IBD)
5549,62,rainy,North East,,None,1,1,0,1,1,4,death_log,Newcastle Disease
5550,2,rainy,North East,7,Tylosin,0,1,1,0,0,0,sick_check,Salmonellosis
5551,0,dry,North West,,None,0,1,1,1,0,3,death_log,Salmonellosis
5552,56,dry,North West,14,None,1,0,1,1,0,0,sick_check,Fowl Typhoid
5553,8,rainy,South West,30,None,0,1,1,1,0,2,death_log,Coccidiosis
5554,13,rainy,South East,30,None,1,1,1,1,1,2,death_log,Fowl Typhoid
5555,38,dry,North Central,60,Vitamin_Electrolyte,0,0,1,0,0,0,sick_check,Healthy
5556,12,rainy,North Central,60,None,0,0,0,0,0,0,sick_check,Healthy
5557,47,rainy,North East,30,Oxytetracycline,1,1,1,1,0,2,death_log,Newcastle Disease
5558,7,rainy,North Central,,Sulfadimidine,0,0,1,1,0,0,sick_check,Gumboro (IBD)
5559,44,dry,North Central,,None,0,0,0,0,0,0,sick_check,Healthy
5560,1,rainy,South East,30,Sulfadimidine,0,1,1,1,0,2,death_log,Salmonellosis
5561,38,dry,North West,7,None,0,1,1,0,0,0,sick_check,Newcastle Disease
5562,4,dry,South East,7,Vitamin_Electrolyte,0,1,1,0,1,5,death_log,Gumboro (IBD)
5563,21,rainy,North East,90,Amprolium,0,1,1,1,1,0,sick_check,Coccidiosis
5564,61,dry,South South,60,Amprolium,0,0,1,0,0,0,sick_check,Fowl Typhoid
5565,49,dry,North East,180,None,1,0,0,1,1,0,sick_check,Newcastle Disease
5566,30,rainy,North Central,90,Amprolium,1,0,1,1,0,0,sick_check,Newcastle Disease
5567,37,dry,North East,60,Vitamin_Electrolyte,0,1,0,1,0,1,death_log,Fowl Typhoid
5568,2,rainy,North West,180,None,1,1,1,1,0,4,death_log,Salmonellosis
5569,27,rainy,North Central,90,Oxytetracycline,1,0,1,1,1,0,sick_check,Newcastle Disease
5570,33,dry,North Central,180,None,1,0,0,1,0,0,sick_check,Newcastle Disease
5571,5,dry,South West,180,Amprolium,1,0,0,1,0,0,sick_check,Newcastle Disease
5572,41,rainy,North East,14,None,0,0,1,0,1,0,sick_check,Newcastle Disease
5573,19,rainy,North West,7,Amprolium,0,0,0,0,0,0,sick_check,Healthy
5574,0,rainy,South South,60,Sulfadimidine,0,1,1,1,0,0,sick_check,Gumboro (IBD)
5575,17,rainy,North West,14,Vitamin_Electrolyte,1,0,1,0,0,0,sick_check,Newcastle Disease
5576,4,dry,South East,90,Tylosin,0,1,1,1,0,0,sick_check,Coccidiosis
5577,3,rainy,South East,30,None,0,0,1,0,0,0,sick_check,Salmonellosis
5578,7,rainy,South South,30,Sulfadimidine,0,1,0,0,0,0,sick_check,Coccidiosis
5579,3,rainy,South West,60,None,1,1,1,1,0,1,death_log,Gumboro (IBD)
5580,6,rainy,North East,60,Sulfadimidine,0,1,1,0,1,1,death_log,Coccidiosis
5581,7,rainy,South West,7,None,1,0,0,1,0,0,sick_check,Newcastle Disease
5582,39,rainy,South South,14,Oxytetracycline,0,0,0,0,0,0,sick_check,Healthy
5583,57,rainy,North West,30,None,0,1,1,1,0,0,sick_check,Newcastle Disease
5584,4,dry,North West,90,None,0,1,1,1,1,0,sick_check,Gumboro (IBD)
5585,55,dry,South South,14,None,1,1,1,1,0,0,sick_check,Newcastle Disease
5586,4,rainy,North Central,14,None,0,1,1,1,0,0,sick_check,Salmonellosis
5587,4,rainy,South West,30,Amprolium,0,0,0,1,0,0,sick_check,Salmonellosis
5588,3,rainy,South South,14,None,0,1,0,1,0,0,sick_check,Gumboro (IBD)
5589,73,dry,North Central,14,Oxytetracycline,1,0,0,1,0,0,sick_check,Newcastle Disease
5590,1,dry,North West,,Vitamin_Electrolyte,0,0,1,0,0,0,sick_check,Salmonellosis
5591,28,rainy,South West,180,None,1,0,0,1,0,0,sick_check,Newcastle Disease
5592,3,dry,North West,,None,0,1,1,1,0,0,sick_check,Salmonellosis
5593,4,rainy,North West,,Vitamin_Electrolyte,0,0,0,1,1,1,death_log,Coccidiosis
5594,77,dry,South South,,Amprolium,1,0,1,1,1,0,sick_check,Newcastle Disease
5595,12,rainy,South South,180,Vitamin_Electrolyte,0,0,1,1,1,0,sick_check,Newcastle Disease
5596,21,dry,North West,90,Sulfadimidine,0,0,1,1,1,0,sick_check,Newcastle Disease
5597,4,rainy,North East,7,None,0,0,1,1,0,1,death_log,Gumboro (IBD)
5598,4,rainy,South East,90,Tylosin,1,0,0,0,0,0,sick_check,Newcastle Disease
5599,2,dry,South West,14,Sulfadimidine,0,1,0,0,0,0,sick_check,Salmonellosis
5600,1,rainy,North Central,90,Sulfadimidine,1,1,1,1,1,4,death_log,Newcastle Disease
5601,9,dry,South West,7,None,0,0,1,1,0,0,sick_check,Fowl Typhoid
5602,13,rainy,South West,14,Amprolium,1,0,1,0,0,0,sick_check,Fowl Typhoid
5603,3,rainy,North Central,180,Amprolium,1,0,1,0,0,2,death_log,Salmonellosis
5604,4,dry,North Central,60,Tylosin,0,0,0,1,0,0,sick_check,Salmonellosis
5605,18,rainy,North Central,180,None,1,1,1,0,0,0,sick_check,Fowl Typhoid
5606,29,rainy,North Central,180,Tylosin,1,1,1,1,1,0,sick_check,Newcastle Disease
5607,7,rainy,South East,,None,0,1,0,0,1,0,sick_check,Coccidiosis
5608,39,dry,South East,,None,0,0,0,1,1,0,sick_check,Healthy
5609,8,rainy,South South,14,Vitamin_Electrolyte,0,0,1,1,0,0,sick_check,Coccidiosis
5610,7,dry,South South,14,None,0,1,0,0,1,2,death_log,Coccidiosis
5611,4,rainy,North East,60,Tylosin,0,1,1,1,1,0,sick_check,Coccidiosis
5612,33,dry,North East,30,Tylosin,1,0,0,1,1,5,death_log,Newcastle Disease
5613,58,rainy,North Central,180,None,0,1,0,0,0,1,death_log,Fowl Typhoid
5614,23,dry,North East,90,None,0,0,0,1,0,0,sick_check,Healthy
5615,5,rainy,South West,,None,0,1,0,1,1,0,sick_check,Coccidiosis
5616,3,dry,South West,30,None,0,1,1,0,1,0,sick_check,Gumboro (IBD)
5617,3,rainy,North West,7,None,0,1,1,1,0,0,sick_check,Coccidiosis
5618,35,rainy,South South,,Vitamin_Electrolyte,1,0,1,1,0,0,sick_check,Newcastle Disease
5619,28,dry,North West,14,None,1,0,1,0,1,0,sick_check,Newcastle Disease
5620,69,rainy,North West,14,Sulfadimidine,1,1,0,0,0,2,death_log,Fowl Typhoid
5621,1,dry,South East,90,None,0,0,1,0,0,2,death_log,Salmonellosis
5622,54,dry,North Central,7,None,1,1,0,0,0,3,death_log,Fowl Typhoid
5623,38,rainy,North West,,Vitamin_Electrolyte,0,0,1,1,0,0,sick_check,Newcastle Disease
5624,4,dry,South West,180,None,0,1,1,1,0,1,death_log,Coccidiosis
5625,26,rainy,North Central,90,Vitamin_Electrolyte,0,0,0,0,0,0,sick_check,Healthy
5626,13,rainy,South West,60,None,1,0,1,0,1,0,sick_check,Newcastle Disease
5627,32,dry,South East,7,None,1,0,1,0,1,0,sick_check,Newcastle Disease
5628,63,rainy,North East,,None,0,0,0,0,0,0,sick_check,Healthy
5629,4,dry,North Central,30,None,0,0,1,0,0,0,sick_check,Gumboro (IBD)
5630,51,dry,North East,,Sulfadimidine,1,0,0,1,0,0,sick_check,Fowl Typhoid
5631,45,rainy,North Central,,Oxytetracycline,1,0,1,0,1,0,sick_check,Newcastle Disease
5632,19,dry,North East,180,None,1,1,0,1,1,1,death_log,Newcastle Disease
5633,8,rainy,South South,90,Tylosin,0,0,1,1,0,1,death_log,Coccidiosis
5634,18,rainy,South South,7,None,0,1,1,1,0,0,sick_check,Fowl Typhoid
5635,7,rainy,South West,14,None,0,1,0,1,0,0,sick_check,Coccidiosis
5636,51,rainy,North Central,60,None,1,0,0,0,0,1,death_log,Fowl Typhoid
5637,7,rainy,South South,14,Tylosin,0,0,1,1,0,2,death_log,Coccidiosis
5638,34,dry,South West,60,Oxytetracycline,1,1,0,0,0,6,death_log,Newcastle Disease
5639,4,rainy,South South,30,Sulfadimidine,0,1,0,0,0,2,death_log,Coccidiosis
5640,46,dry,South East,14,None,1,1,1,0,0,4,death_log,Newcastle Disease
5641,3,rainy,South West,7,None,0,1,1,1,0,2,death_log,Coccidiosis
5642,40,dry,North Central,180,None,1,0,1,0,0,0,sick_check,Newcastle Disease
5643,3,rainy,North Central,30,None,0,0,1,0,0,0,sick_check,Salmonellosis
5644,6,rainy,South East,60,Amprolium,0,1,1,1,0,0,sick_check,Newcastle Disease
5645,24,rainy,South West,,Amprolium,0,1,1,1,1,1,death_log,Fowl Typhoid
5646,18,rainy,South West,7,None,0,1,1,1,0,0,sick_check,Newcastle Disease
5647,76,rainy,North Central,14,None,1,1,1,0,0,0,sick_check,Fowl Typhoid
5648,6,rainy,South East,30,Tylosin,0,1,0,0,0,0,sick_check,Coccidiosis
5649,4,rainy,North West,60,None,0,1,1,0,0,1,death_log,Coccidiosis
5650,0,rainy,North East,7,None,0,1,1,1,0,1,death_log,Gumboro (IBD)
5651,24,rainy,South South,7,Sulfadimidine,1,1,0,1,1,0,sick_check,Newcastle Disease
5652,19,dry,South East,,Tylosin,1,1,0,1,0,0,sick_check,Newcastle Disease
5653,40,dry,North West,180,None,1,1,0,0,0,0,sick_check,Fowl Typhoid
5654,5,dry,North Central,90,None,0,0,1,1,1,1,death_log,Coccidiosis
5655,10,dry,South South,180,Oxytetracycline,1,0,1,1,1,0,sick_check,Newcastle Disease
5656,6,dry,North West,60,Vitamin_Electrolyte,0,0,1,0,0,0,sick_check,Gumboro (IBD)
5657,5,dry,North East,,Vitamin_Electrolyte,1,0,1,1,0,4,death_log,Newcastle Disease
5658,57,dry,North East,,Tylosin,1,1,1,0,0,0,sick_check,Newcastle Disease
5659,28,rainy,North West,7,Tylosin,1,0,1,1,0,3,death_log,Newcastle Disease
5660,4,rainy,North West,7,None,0,1,1,1,0,1,death_log,Coccidiosis
5661,4,rainy,North Central,60,Amprolium,0,1,1,0,0,0,sick_check,Salmonellosis
5662,15,rainy,South West,,None,0,0,1,0,1,0,sick_check,Newcastle Disease
5663,27,rainy,South South,7,Tylosin,0,1,0,0,0,0,sick_check,Coccidiosis
5664,8,rainy,North Central,90,None,1,1,0,0,0,0,sick_check,Coccidiosis
5665,66,rainy,South East,14,None,1,1,1,1,1,1,death_log,Newcastle Disease
5666,3,rainy,South East,14,Oxytetracycline,1,1,1,1,0,0,sick_check,Salmonellosis
5667,56,dry,South South,,None,1,0,1,1,1,0,sick_check,Newcastle Disease
5668,50,rainy,South East,30,Sulfadimidine,1,0,1,0,1,0,sick_check,Newcastle Disease
5669,0,rainy,North East,90,None,0,1,1,1,0,0,sick_check,Salmonellosis
5670,49,dry,North Central,180,Amprolium,1,1,0,0,0,3,death_log,Fowl Typhoid
5671,3,dry,North Central,90,Amprolium,0,1,1,1,1,3,death_log,Gumboro (IBD)
5672,34,dry,South South,,None,0,0,0,0,0,0,sick_check,Healthy
5673,10,dry,South East,90,None,1,1,1,1,0,3,death_log,Newcastle Disease
5674,5,dry,South West,7,Oxytetracycline,0,0,0,1,0,0,sick_check,Gumboro (IBD)
5675,64,dry,South West,14,None,0,1,1,0,0,0,sick_check,Fowl Typhoid
5676,6,rainy,South East,7,Sulfadimidine,0,1,1,1,1,0,sick_check,Coccidiosis
5677,25,dry,North Central,180,Amprolium,1,0,1,1,1,3,death_log,Newcastle Disease
5678,35,rainy,South South,,None,0,0,0,0,1,0,sick_check,Healthy
5679,19,dry,South East,7,Vitamin_Electrolyte,1,0,0,0,0,0,sick_check,Newcastle Disease
5680,2,dry,North East,30,None,0,1,0,0,0,1,death_log,Salmonellosis
5681,6,rainy,South West,180,None,0,1,1,1,1,0,sick_check,Coccidiosis
5682,3,rainy,South South,30,None,0,0,0,0,0,0,sick_check,Salmonellosis
5683,39,dry,North East,14,Tylosin,1,1,1,1,1,3,death_log,Newcastle Disease
5684,75,dry,North West,30,None,1,1,1,1,0,0,sick_check,Fowl Typhoid
5685,40,dry,South West,7,Vitamin_Electrolyte,1,0,0,0,0,0,sick_check,Healthy
5686,13,dry,South West,30,None,0,1,1,0,0,0,sick_check,Fowl Typhoid
5687,72,rainy,South South,,None,0,1,0,0,0,0,sick_check,Fowl Typhoid
5688,2,rainy,North West,,Oxytetracycline,0,0,1,1,0,0,sick_check,Salmonellosis
5689,5,dry,North East,30,Tylosin,1,0,1,1,0,3,death_log,Gumboro (IBD)
5690,54,dry,South West,60,None,1,1,0,0,0,4,death_log,Fowl Typhoid
5691,28,dry,North West,7,Tylosin,1,1,1,1,1,3,death_log,Newcastle Disease
5692,75,rainy,South South,60,Oxytetracycline,1,0,1,1,0,0,sick_check,Fowl Typhoid
5693,28,dry,North West,60,Tylosin,1,0,1,1,1,5,death_log,Newcastle Disease
5694,0,rainy,North Central,60,Sulfadimidine,0,1,1,1,0,0,sick_check,Salmonellosis
5695,30,rainy,North Central,14,Oxytetracycline,1,0,1,1,0,5,death_log,Newcastle Disease
5696,38,dry,South East,180,None,0,1,1,1,0,0,sick_check,Healthy
5697,6,dry,North West,14,None,0,1,1,1,1,1,death_log,Coccidiosis
5698,64,rainy,South East,90,Vitamin_Electrolyte,0,1,1,0,1,0,sick_check,Newcastle Disease
5699,20,dry,North East,14,None,1,1,1,1,1,5,death_log,Newcastle Disease
5700,12,dry,South South,180,Sulfadimidine,0,0,1,0,1,0,sick_check,Fowl Typhoid
5701,78,rainy,South South,180,None,0,0,1,0,0,2,death_log,Fowl Typhoid
5702,37,dry,South West,30,None,1,0,1,0,0,3,death_log,Newcastle Disease
5703,35,dry,North East,90,None,0,0,1,0,0,0,sick_check,Healthy
5704,58,rainy,South West,90,None,1,0,1,1,0,0,sick_check,Newcastle Disease
5705,0,rainy,South South,7,Vitamin_Electrolyte,0,1,0,0,0,1,death_log,Coccidiosis
5706,18,dry,South West,14,None,1,1,1,0,0,0,sick_check,Newcastle Disease
5707,0,rainy,North Central,180,Tylosin,0,0,0,1,1,0,sick_check,Coccidiosis
5708,72,dry,North East,90,None,1,1,1,1,1,0,sick_check,Newcastle Disease
5709,48,rainy,South West,90,Sulfadimidine,1,1,1,1,0,0,sick_check,Fowl Typhoid
5710,29,dry,North Central,90,Tylosin,0,1,1,1,1,0,sick_check,Fowl Typhoid
5711,4,rainy,South South,14,None,0,0,1,0,1,5,death_log,Gumboro (IBD)
5712,75,dry,North West,,None,0,0,0,0,0,0,sick_check,Healthy
5713,4,rainy,North East,30,Vitamin_Electrolyte,1,1,1,0,1,1,death_log,Salmonellosis
5714,1,rainy,South South,60,None,0,1,0,0,1,0,sick_check,Salmonellosis
5715,53,rainy,North Central,30,Amprolium,1,1,0,0,1,8,death_log,Newcastle Disease
5716,25,dry,South West,180,None,1,1,1,1,0,0,sick_check,Fowl Typhoid
5717,2,rainy,North West,14,Tylosin,0,1,0,0,0,0,sick_check,Salmonellosis
5718,5,dry,South West,90,None,0,0,1,1,1,0,sick_check,Gumboro (IBD)
5719,8,rainy,North East,7,None,0,1,1,0,0,1,death_log,Coccidiosis
5720,74,rainy,South South,30,Tylosin,0,0,0,0,0,0,sick_check,Healthy
5721,9,rainy,North West,30,None,0,0,0,1,0,0,sick_check,Healthy
5722,2,dry,South East,7,Oxytetracycline,1,1,1,1,0,5,death_log,Salmonellosis
5723,7,rainy,North Central,14,Oxytetracycline,0,1,1,1,0,1,death_log,Coccidiosis
5724,4,dry,South West,,None,0,1,1,1,0,0,sick_check,Gumboro (IBD)
5725,75,rainy,North Central,60,Oxytetracycline,1,1,1,1,0,0,sick_check,Newcastle Disease
5726,47,rainy,South West,7,None,0,1,1,1,0,0,sick_check,Fowl Typhoid
5727,7,rainy,South East,14,Oxytetracycline,0,1,0,1,0,1,death_log,Coccidiosis
5728,1,rainy,South West,90,Amprolium,0,1,0,0,0,0,sick_check,Salmonellosis
5729,24,rainy,North Central,180,Vitamin_Electrolyte,1,0,1,0,0,0,sick_check,Newcastle Disease
5730,0,dry,North Central,7,Sulfadimidine,0,0,1,0,0,0,sick_check,Gumboro (IBD)
5731,53,dry,South West,,Tylosin,1,0,1,1,1,0,sick_check,Newcastle Disease
5732,8,rainy,South West,60,None,0,1,0,1,0,0,sick_check,Coccidiosis
5733,51,dry,South South,180,Oxytetracycline,1,1,0,1,0,0,sick_check,Newcastle Disease
5734,46,rainy,North Central,14,None,1,0,0,0,1,0,sick_check,Newcastle Disease
5735,6,rainy,North East,,Tylosin,0,1,1,1,0,0,sick_check,Coccidiosis
5736,16,dry,North West,,None,0,1,1,1,0,1,death_log,Fowl Typhoid
5737,22,dry,North East,30,Sulfadimidine,0,1,1,1,0,0,sick_check,Newcastle Disease
5738,52,rainy,South South,180,None,1,1,1,1,0,1,death_log,Fowl Typhoid
5739,15,rainy,South South,60,None,0,0,0,0,0,0,sick_check,Healthy
5740,8,rainy,South East,14,Tylosin,0,0,1,0,0,4,death_log,Gumboro (IBD)
5741,0,dry,South South,60,None,0,0,0,0,0,0,sick_check,Healthy
5742,20,rainy,North West,90,None,0,0,1,0,0,0,sick_check,Healthy
5743,60,rainy,North Central,7,Amprolium,0,0,1,1,0,0,sick_check,Newcastle Disease
5744,3,dry,South East,,Amprolium,1,0,1,0,0,0,sick_check,Gumboro (IBD)
5745,2,rainy,South West,30,None,0,0,1,0,0,0,sick_check,Salmonellosis
5746,59,rainy,North West,,None,0,0,0,0,0,0,sick_check,Healthy
5747,6,rainy,North East,90,Sulfadimidine,0,1,1,1,1,0,sick_check,Coccidiosis
5748,50,rainy,North East,60,Amprolium,0,1,1,1,0,0,sick_check,Fowl Typhoid
5749,3,dry,South South,14,None,1,1,1,1,0,0,sick_check,Salmonellosis
5750,7,rainy,North East,,None,0,1,1,1,1,0,sick_check,Coccidiosis
5751,39,dry,South East,30,Sulfadimidine,1,0,0,0,1,0,sick_check,Newcastle Disease
5752,7,rainy,North Central,7,None,0,1,0,1,0,0,sick_check,Coccidiosis
5753,5,rainy,South South,180,None,1,1,1,1,0,0,sick_check,Coccidiosis
5754,74,dry,North West,14,None,0,1,1,1,1,0,sick_check,Fowl Typhoid
5755,0,rainy,South East,60,None,0,0,1,1,0,0,sick_check,Gumboro (IBD)
5756,4,rainy,North West,180,Sulfadimidine,0,1,1,1,0,1,death_log,Coccidiosis
5757,56,dry,South South,14,Oxytetracycline,1,1,1,0,0,0,sick_check,Fowl Typhoid
5758,6,rainy,South East,60,None,0,0,1,1,0,2,death_log,Gumboro (IBD)
5759,6,rainy,South South,14,Sulfadimidine,1,1,1,1,1,0,sick_check,Newcastle Disease
5760,29,dry,North West,60,None,1,1,1,1,1,0,sick_check,Fowl Typhoid
5761,21,rainy,North East,60,None,0,0,0,0,0,0,sick_check,Healthy
5762,30,rainy,North Central,30,None,1,1,1,1,0,0,sick_check,Newcastle Disease
5763,35,dry,South South,90,Sulfadimidine,1,1,1,0,1,1,death_log,Fowl Typhoid
5764,16,rainy,North West,,Amprolium,0,1,1,1,1,0,sick_check,Fowl Typhoid
5765,4,rainy,North East,30,Amprolium,0,0,1,1,1,4,death_log,Gumboro (IBD)
5766,1,dry,South South,14,Vitamin_Electrolyte,0,1,1,1,0,0,sick_check,Salmonellosis
5767,19,rainy,South South,14,None,0,0,0,0,0,0,sick_check,Healthy
5768,72,dry,North East,60,Tylosin,1,0,1,0,1,3,death_log,Newcastle Disease
5769,20,rainy,North East,180,None,0,1,1,0,0,0,sick_check,Salmonellosis
5770,3,dry,South South,,None,0,1,1,1,0,0,sick_check,Salmonellosis
5771,4,dry,South East,7,Oxytetracycline,0,0,0,1,1,0,sick_check,Gumboro (IBD)
5772,4,rainy,South East,60,None,0,0,1,1,0,0,sick_check,Coccidiosis
5773,57,rainy,South East,180,Sulfadimidine,1,1,1,1,0,1,death_log,Fowl Typhoid
5774,3,rainy,South East,180,None,0,1,1,1,0,0,sick_check,Salmonellosis
5775,4,rainy,North West,180,None,0,1,1,0,0,0,sick_check,Coccidiosis
5776,52,dry,North East,,Vitamin_Electrolyte,1,1,1,0,1,0,sick_check,Newcastle Disease
5777,2,rainy,North East,14,None,0,1,1,1,0,1,death_log,Salmonellosis
5778,26,dry,South West,90,None,1,1,1,1,1,2,death_log,Newcastle Disease
5779,31,rainy,South South,14,Oxytetracycline,1,1,1,0,0,0,sick_check,Fowl Typhoid
5780,6,dry,North Central,90,None,1,1,0,1,1,0,sick_check,Gumboro (IBD)
5781,8,rainy,North West,,Sulfadimidine,0,0,1,1,0,0,sick_check,Coccidiosis
5782,53,dry,North West,60,Tylosin,1,1,1,1,0,0,sick_check,Fowl Typhoid
5783,61,rainy,North East,90,None,1,1,1,0,0,0,sick_check,Fowl Typhoid
5784,4,dry,South South,30,Tylosin,1,1,1,1,0,0,sick_check,Gumboro (IBD)
5785,30,dry,North Central,14,None,1,1,0,0,1,4,death_log,Newcastle Disease
5786,25,rainy,North Central,30,None,0,1,1,0,0,0,sick_check,Coccidiosis
5787,6,dry,North West,30,Sulfadimidine,0,1,0,0,0,0,sick_check,Coccidiosis
5788,25,dry,North Central,,None,0,0,0,1,0,0,sick_check,Healthy
5789,57,rainy,North East,,None,0,1,0,1,0,2,death_log,Newcastle Disease
5790,56,rainy,South South,180,Amprolium,0,0,0,0,0,0,sick_check,Healthy
5791,6,dry,North East,180,Sulfadimidine,0,1,1,1,0,0,sick_check,Coccidiosis
5792,9,dry,South West,14,None,1,0,1,1,1,0,sick_check,Newcastle Disease
5793,37,rainy,North Central,7,None,0,0,1,1,0,0,sick_check,Fowl Typhoid
5794,76,dry,South West,,Tylosin,0,0,1,1,0,5,death_log,Newcastle Disease
5795,76,dry,North Central,90,Tylosin,0,0,0,0,0,0,sick_check,Healthy
5796,5,dry,North Central,,Tylosin,1,0,1,0,1,2,death_log,Newcastle Disease
5797,2,dry,North Central,60,Amprolium,0,1,1,1,1,0,sick_check,Salmonellosis
5798,19,rainy,South East,30,None,0,0,0,0,0,0,sick_check,Healthy
5799,38,dry,South East,,Amprolium,0,0,0,0,0,0,sick_check,Healthy
5800,8,rainy,North Central,90,Tylosin,0,0,0,1,0,0,sick_check,Coccidiosis
5801,30,rainy,South West,,None,0,0,0,0,0,0,sick_check,Healthy
5802,2,rainy,North West,,None,0,1,1,1,0,5,death_log,Salmonellosis
5803,2,dry,North East,60,Sulfadimidine,0,1,1,0,0,0,sick_check,Salmonellosis
5804,43,dry,South West,60,None,0,0,0,0,0,0,sick_check,Healthy
5805,5,rainy,North Central,90,None,0,1,1,1,0,0,sick_check,Coccidiosis
5806,35,rainy,North West,,Amprolium,1,1,1,1,1,0,sick_check,Fowl Typhoid
5807,0,rainy,South East,14,None,0,0,1,1,0,0,sick_check,Salmonellosis
5808,17,rainy,North Central,,Oxytetracycline,0,0,1,0,0,0,sick_check,Fowl Typhoid
5809,9,rainy,South West,14,Oxytetracycline,0,0,0,1,0,0,sick_check,Fowl Typhoid
5810,6,rainy,South South,90,None,0,1,0,1,0,0,sick_check,Coccidiosis
5811,0,dry,South East,14,Vitamin_Electrolyte,0,1,1,0,0,0,sick_check,Newcastle Disease
5812,37,dry,South West,,None,1,1,1,1,0,0,sick_check,Newcastle Disease
5813,4,dry,North West,7,None,0,1,0,1,0,1,death_log,Coccidiosis
5814,3,rainy,North West,30,None,0,1,1,0,0,0,sick_check,Salmonellosis
5815,23,rainy,North East,14,None,0,1,1,1,0,0,sick_check,Coccidiosis
5816,3,rainy,South South,90,None,0,1,1,1,0,0,sick_check,Coccidiosis
5817,46,dry,North East,7,None,0,1,0,0,0,2,death_log,Newcastle Disease
5818,77,dry,North East,180,Sulfadimidine,1,1,1,0,0,0,sick_check,Newcastle Disease
5819,1,rainy,South West,14,Tylosin,0,0,1,1,1,0,sick_check,Salmonellosis
5820,60,rainy,North East,30,Tylosin,1,1,1,0,0,3,death_log,Fowl Typhoid
5821,2,dry,South West,14,Oxytetracycline,0,1,1,0,0,0,sick_check,Salmonellosis
5822,4,rainy,North Central,,None,0,0,0,1,0,0,sick_check,Coccidiosis
5823,2,rainy,North West,180,None,0,0,0,0,0,0,sick_check,Healthy
5824,6,rainy,South South,14,Tylosin,0,1,1,0,0,0,sick_check,Coccidiosis
5825,6,rainy,North West,90,Tylosin,0,1,1,0,1,0,sick_check,Coccidiosis
5826,71,rainy,South West,7,Vitamin_Electrolyte,0,0,0,0,0,0,sick_check,Healthy
5827,24,rainy,South South,180,None,0,0,0,0,1,0,sick_check,Fowl Typhoid
5828,3,dry,South East,180,None,0,0,1,0,0,3,death_log,Salmonellosis
5829,41,dry,South South,90,Amprolium,0,0,0,0,0,0,sick_check,Healthy
5830,73,rainy,South South,60,Vitamin_Electrolyte,1,1,0,1,1,0,sick_check,Newcastle Disease
5831,72,dry,South East,14,Amprolium,0,0,0,0,0,0,sick_check,Healthy
5832,5,rainy,South South,14,Sulfadimidine,0,1,0,0,0,0,sick_check,Coccidiosis
5833,5,rainy,North West,14,Vitamin_Electrolyte,0,1,1,1,0,0,sick_check,Gumboro (IBD)
5834,5,rainy,South South,30,None,1,1,1,1,0,2,death_log,Coccidiosis
5835,5,dry,North West,14,None,0,1,0,1,1,1,death_log,Gumboro (IBD)
5836,63,rainy,North West,180,Amprolium,1,1,1,1,1,0,sick_check,Newcastle Disease
5837,72,rainy,North Central,14,Amprolium,1,1,1,1,1,0,sick_check,Fowl Typhoid
5838,1,dry,South East,60,Tylosin,0,0,1,1,0,1,death_log,Coccidiosis
5839,33,dry,North East,7,None,1,1,0,0,0,0,sick_check,Fowl Typhoid
5840,0,rainy,North Central,60,Tylosin,0,1,1,0,0,3,death_log,Salmonellosis
5841,75,dry,North West,,Oxytetracycline,1,1,1,1,0,0,sick_check,Newcastle Disease
5842,8,rainy,North East,7,None,0,1,1,1,0,0,sick_check,Coccidiosis
5843,4,rainy,North Central,,None,0,0,1,0,0,0,sick_check,Gumboro (IBD)
5844,4,rainy,North East,14,None,0,1,1,1,0,0,sick_check,Coccidiosis
5845,19,dry,South West,,Tylosin,1,1,0,0,0,0,sick_check,Fowl Typhoid
5846,35,rainy,South South,90,Tylosin,0,0,0,0,0,0,sick_check,Healthy
5847,6,rainy,South West,90,Sulfadimidine,0,0,1,0,1,0,sick_check,Gumboro (IBD)
5848,66,dry,North Central,,Vitamin_Electrolyte,1,1,1,1,0,0,sick_check,Fowl Typhoid
5849,59,rainy,South East,60,Amprolium,1,1,0,0,0,0,sick_check,Fowl Typhoid
5850,8,rainy,North East,14,Oxytetracycline,0,1,0,1,0,1,death_log,Coccidiosis
5851,6,dry,North East,30,Amprolium,0,1,1,1,0,0,sick_check,Coccidiosis
5852,6,rainy,South West,,Amprolium,0,1,0,1,1,0,sick_check,Coccidiosis
5853,5,dry,South West,30,Tylosin,0,0,1,0,0,1,death_log,Gumboro (IBD)
5854,8,dry,North East,60,Sulfadimidine,1,1,1,0,0,0,sick_check,Coccidiosis
5855,20,rainy,North East,,None,0,1,1,1,0,0,sick_check,Fowl Typhoid
5856,46,dry,South West,7,None,1,0,0,0,0,0,sick_check,Healthy
5857,41,rainy,South West,90,Sulfadimidine,0,0,1,0,0,0,sick_check,Fowl Typhoid
5858,43,rainy,South West,,None,0,1,0,0,1,0,sick_check,Healthy
5859,40,rainy,North West,180,Amprolium,1,0,1,1,0,3,death_log,Newcastle Disease
5860,6,rainy,South West,90,None,0,1,1,1,0,1,death_log,Coccidiosis
5861,6,rainy,North West,180,Vitamin_Electrolyte,0,1,1,1,1,0,sick_check,Coccidiosis
5862,48,rainy,South East,60,Sulfadimidine,1,1,1,1,1,0,sick_check,Newcastle Disease
5863,2,dry,North West,14,None,0,0,0,1,0,0,sick_check,Salmonellosis
5864,74,dry,South East,,None,1,0,1,1,0,2,death_log,Fowl Typhoid
5865,51,dry,South South,14,None,1,0,1,0,0,2,death_log,Newcastle Disease
5866,6,rainy,North Central,7,None,0,1,1,0,0,0,sick_check,Coccidiosis
5867,47,dry,South East,30,None,0,0,1,0,0,2,death_log,Fowl Typhoid
5868,4,rainy,South South,180,Vitamin_Electrolyte,0,0,1,1,0,0,sick_check,Gumboro (IBD)
5869,9,rainy,North West,7,Vitamin_Electrolyte,0,1,1,1,0,0,sick_check,Coccidiosis
5870,4,rainy,North West,,Vitamin_Electrolyte,1,1,1,0,0,0,sick_check,Coccidiosis
5871,66,dry,North West,,Vitamin_Electrolyte,1,1,1,0,0,0,sick_check,Fowl Typhoid
5872,62,dry,North Central,14,None,0,1,1,1,0,4,death_log,Fowl Typhoid
5873,1,dry,North Central,7,Oxytetracycline,0,0,1,0,1,0,sick_check,Salmonellosis
5874,12,dry,North West,30,None,0,0,0,0,0,0,sick_check,Healthy
5875,77,dry,South South,,None,1,0,1,1,0,1,death_log,Newcastle Disease
5876,24,rainy,North West,60,None,1,1,0,0,0,0,sick_check,Fowl Typhoid
5877,8,rainy,North West,180,Oxytetracycline,0,0,0,0,0,0,sick_check,Coccidiosis
5878,4,rainy,South West,14,None,0,1,1,0,1,0,sick_check,Coccidiosis
5879,4,rainy,South West,90,None,1,1,1,0,0,0,sick_check,Coccidiosis
5880,6,rainy,North Central,7,Sulfadimidine,0,1,1,0,0,2,death_log,Coccidiosis
5881,0,rainy,North Central,60,Sulfadimidine,0,0,1,0,0,0,sick_check,Salmonellosis
5882,6,rainy,North West,7,None,0,1,1,0,1,2,death_log,Coccidiosis
5883,27,rainy,North Central,180,Vitamin_Electrolyte,0,0,0,0,0,0,sick_check,Healthy
5884,6,rainy,South East,,None,0,1,1,1,0,0,sick_check,Coccidiosis
5885,36,rainy,South West,,None,0,0,0,0,0,0,sick_check,Healthy
5886,23,rainy,North East,7,Vitamin_Electrolyte,0,1,1,1,0,0,sick_check,Coccidiosis
5887,50,dry,North Central,7,None,0,0,1,0,0,0,sick_check,Healthy
5888,1,dry,South West,90,None,0,0,1,1,0,0,sick_check,Salmonellosis
5889,2,dry,North Central,14,Tylosin,1,1,1,1,0,0,sick_check,Salmonellosis
5890,4,rainy,South East,7,None,0,1,1,1,0,0,sick_check,Coccidiosis
5891,0,rainy,South South,90,None,0,1,1,1,0,0,sick_check,Salmonellosis
5892,5,rainy,South West,60,Sulfadimidine,1,1,0,1,0,0,sick_check,Coccidiosis
5893,0,rainy,North West,30,None,0,1,1,1,0,0,sick_check,Gumboro (IBD)
5894,27,dry,South East,,None,0,0,1,0,0,0,sick_check,Salmonellosis
5895,5,rainy,South West,14,Amprolium,0,1,1,0,0,0,sick_check,Coccidiosis
5896,7,rainy,South East,30,Sulfadimidine,0,1,0,1,1,0,sick_check,Coccidiosis
5897,2,rainy,South South,180,Tylosin,0,0,0,0,0,0,sick_check,Salmonellosis
5898,3,rainy,South South,,Sulfadimidine,0,1,0,1,0,0,sick_check,Coccidiosis
5899,58,dry,North East,180,None,0,1,1,1,1,0,sick_check,Fowl Typhoid
5900,47,dry,North Central,7,None,1,0,1,1,1,0,sick_check,Newcastle Disease
5901,3,rainy,South West,,None,0,1,1,0,1,0,sick_check,Salmonellosis
5902,5,rainy,North East,30,Amprolium,0,0,1,1,0,0,sick_check,Gumboro (IBD)
5903,20,dry,North Central,,Oxytetracycline,1,0,1,1,1,0,sick_check,Newcastle Disease
5904,52,rainy,South West,7,None,1,0,0,0,1,3,death_log,Newcastle Disease
5905,5,dry,South West,7,None,0,0,1,0,1,1,death_log,Gumboro (IBD)
5906,23,rainy,North East,30,None,0,0,0,1,1,3,death_log,Fowl Typhoid
5907,74,dry,South West,30,None,1,1,1,0,0,0,sick_check,Newcastle Disease
5908,5,dry,South West,90,None,0,1,0,0,0,0,sick_check,Coccidiosis
5909,72,dry,North Central,90,Oxytetracycline,0,0,1,0,0,3,death_log,Newcastle Disease
5910,35,dry,North Central,7,None,1,0,1,1,0,0,sick_check,Newcastle Disease
5911,4,rainy,South East,,None,0,1,1,1,0,0,sick_check,Gumboro (IBD)
5912,10,rainy,South East,,Amprolium,0,1,1,0,0,0,sick_check,Salmonellosis
5913,41,rainy,North East,7,Amprolium,0,1,1,0,0,1,death_log,Fowl Typhoid
5914,72,rainy,North Central,7,None,1,0,0,1,1,0,sick_check,Newcastle Disease
5915,27,rainy,South West,30,Tylosin,1,0,1,1,1,0,sick_check,Newcastle Disease
5916,50,rainy,North West,60,None,1,1,1,1,0,0,sick_check,Fowl Typhoid
5917,26,rainy,North Central,180,Amprolium,1,0,1,1,0,4,death_log,Newcastle Disease
5918,3,dry,South West,60,Amprolium,1,1,0,1,0,0,sick_check,Salmonellosis
5919,62,dry,North Central,7,None,1,0,0,1,0,0,sick_check,Fowl Typhoid
5920,12,dry,North Central,180,Sulfadimidine,0,1,1,1,0,0,sick_check,Salmonellosis
5921,29,rainy,North West,7,Oxytetracycline,1,1,1,1,0,4,death_log,Fowl Typhoid
5922,2,rainy,South East,,None,0,1,1,1,0,0,sick_check,Salmonellosis
5923,4,rainy,South West,,Tylosin,0,1,0,1,0,3,death_log,Gumboro (IBD)
5924,3,rainy,South East,180,None,0,1,1,0,0,0,sick_check,Salmonellosis
5925,6,rainy,South East,7,None,0,1,0,1,0,0,sick_check,Coccidiosis
5926,4,rainy,South East,90,None,0,0,1,1,0,3,death_log,Salmonellosis
5927,5,dry,South South,,None,0,0,1,0,0,0,sick_check,Gumboro (IBD)
5928,3,dry,South East,180,None,0,0,1,0,0,0,sick_check,Gumboro (IBD)
5929,18,dry,North Central,60,None,0,0,0,0,0,0,sick_check,Healthy
5930,1,dry,North West,60,None,0,1,0,0,1,0,sick_check,Salmonellosis
5931,7,rainy,South East,90,None,0,1,1,1,0,0,sick_check,Coccidiosis
5932,11,dry,South East,,Oxytetracycline,1,0,1,1,0,1,death_log,Gumboro (IBD)
5933,63,dry,South South,180,Oxytetracycline,0,0,0,1,0,0,sick_check,Fowl Typhoid
5934,51,dry,North Central,180,None,1,1,1,1,0,0,sick_check,Fowl Typhoid
5935,32,rainy,South South,180,None,0,0,0,0,0,0,sick_check,Healthy
5936,4,rainy,North East,30,None,0,1,1,0,0,0,sick_check,Salmonellosis
5937,55,rainy,North West,60,Oxytetracycline,1,0,0,0,0,0,sick_check,Newcastle Disease
5938,8,rainy,North East,7,Vitamin_Electrolyte,0,1,1,0,0,1,death_log,Coccidiosis
5939,71,dry,South East,60,Oxytetracycline,0,0,1,1,0,0,sick_check,Fowl Typhoid
5940,8,rainy,South East,,None,0,1,0,0,0,1,death_log,Coccidiosis
5941,14,dry,South East,90,None,0,1,1,0,0,3,death_log,Salmonellosis
5942,74,rainy,South West,14,None,0,0,0,0,0,0,sick_check,Healthy
5943,3,rainy,South West,,Sulfadimidine,0,0,1,1,1,0,sick_check,Coccidiosis
5944,3,dry,North Central,90,Oxytetracycline,0,0,1,0,0,0,sick_check,Gumboro (IBD)
5945,28,dry,South South,60,Tylosin,0,0,0,0,0,0,sick_check,Healthy
5946,5,dry,North Central,7,None,0,1,1,1,0,3,death_log,Gumboro (IBD)
5947,51,dry,North Central,,Oxytetracycline,0,0,1,0,0,3,death_log,Fowl Typhoid
5948,2,rainy,South West,60,None,0,1,0,1,0,2,death_log,Salmonellosis
5949,2,dry,North Central,7,None,0,1,1,1,0,0,sick_check,Salmonellosis
5950,9,rainy,South West,90,None,0,1,1,1,0,0,sick_check,Coccidiosis
5951,4,dry,North West,90,Vitamin_Electrolyte,0,1,1,1,1,0,sick_check,Gumboro (IBD)
5952,71,dry,North Central,14,Tylosin,1,0,1,1,0,0,sick_check,Newcastle Disease
5953,4,rainy,North West,14,None,0,0,0,0,0,0,sick_check,Coccidiosis
5954,66,dry,North West,14,None,0,1,0,1,0,2,death_log,Fowl Typhoid
5955,6,dry,South West,14,None,1,0,1,0,0,1,death_log,Salmonellosis
5956,5,rainy,South West,90,Sulfadimidine,1,0,1,1,0,1,death_log,Gumboro (IBD)
5957,1,rainy,North East,,None,0,1,1,1,1,0,sick_check,Newcastle Disease
5958,5,rainy,North West,60,Amprolium,0,1,0,0,0,0,sick_check,Coccidiosis
5959,26,rainy,South West,90,None,1,1,1,0,1,0,sick_check,Newcastle Disease
5960,36,rainy,North East,7,None,0,1,1,1,0,3,death_log,Fowl Typhoid
5961,5,rainy,North West,30,None,0,1,1,1,1,0,sick_check,Gumboro (IBD)
5962,4,rainy,South South,7,None,0,1,1,0,0,0,sick_check,Coccidiosis
5963,21,rainy,North Central,60,Vitamin_Electrolyte,1,1,0,1,0,0,sick_check,Newcastle Disease
5964,2,dry,South West,,Oxytetracycline,0,1,1,1,1,1,death_log,Salmonellosis
5965,6,dry,South West,14,Vitamin_Electrolyte,0,1,1,1,1,0,sick_check,Gumboro (IBD)
5966,3,rainy,South East,7,Vitamin_Electrolyte,0,1,0,1,0,0,sick_check,Salmonellosis
5967,4,rainy,South East,60,None,0,1,1,0,1,0,sick_check,Gumboro (IBD)
5968,46,dry,South East,,Amprolium,1,1,1,1,1,0,sick_check,Newcastle Disease
5969,4,dry,South West,14,None,0,0,1,0,1,2,death_log,Gumboro (IBD)
5970,17,rainy,South East,7,None,0,0,0,0,0,0,sick_check,Fowl Typhoid
5971,63,dry,South West,60,None,0,0,0,0,0,0,sick_check,Healthy
5972,4,rainy,South West,180,None,0,1,0,1,0,0,sick_check,Coccidiosis
5973,1,dry,South West,180,Tylosin,0,0,1,1,0,1,death_log,Salmonellosis
5974,5,rainy,South East,,Amprolium,0,1,1,0,0,0,sick_check,Coccidiosis
5975,1,dry,South East,180,Amprolium,1,0,1,0,0,0,sick_check,Salmonellosis
5976,2,dry,North Central,180,Vitamin_Electrolyte,0,1,1,1,0,0,sick_check,Salmonellosis
5977,35,rainy,South West,7,None,0,0,0,0,0,0,sick_check,Healthy
5978,2,rainy,South South,180,None,0,1,0,1,0,0,sick_check,Salmonellosis
5979,7,rainy,North West,,Oxytetracycline,0,1,1,1,1,1,death_log,Coccidiosis
5980,7,rainy,North Central,14,Vitamin_Electrolyte,0,0,0,1,0,1,death_log,Coccidiosis
5981,3,rainy,South West,90,None,0,0,0,0,0,2,death_log,Coccidiosis
5982,27,dry,North East,14,None,0,1,1,0,0,2,death_log,Fowl Typhoid
5983,52,rainy,North West,,None,0,1,0,0,0,0,sick_check,Healthy
5984,3,dry,North West,7,None,0,1,0,0,0,0,sick_check,Salmonellosis
5985,67,dry,South East,30,None,0,1,1,1,0,0,sick_check,Fowl Typhoid
5986,65,dry,South West,14,Tylosin,0,0,1,1,0,0,sick_check,Fowl Typhoid
5987,5,dry,North East,90,None,1,0,1,1,0,0,sick_check,Coccidiosis
5988,6,dry,North East,30,Tylosin,0,1,1,0,0,0,sick_check,Coccidiosis
5989,20,rainy,South West,180,None,0,1,1,1,0,0,sick_check,Fowl Typhoid
5990,4,rainy,South East,,None,0,1,1,0,0,1,death_log,Coccidiosis
5991,43,dry,South South,90,None,1,1,0,1,0,1,death_log,Fowl Typhoid
5992,3,rainy,North East,90,None,0,1,1,0,0,0,sick_check,Gumboro (IBD)
5993,0,dry,North East,14,Vitamin_Electrolyte,1,1,0,1,0,3,death_log,Salmonellosis
5994,2,rainy,North West,180,None,0,0,1,0,0,1,death_log,Salmonellosis
5995,56,dry,South West,7,None,1,1,1,1,0,0,sick_check,Newcastle Disease
5996,70,rainy,South South,60,Sulfadimidine,0,1,0,1,0,0,sick_check,Fowl Typhoid
5997,37,rainy,North East,14,None,0,0,1,1,0,0,sick_check,Coccidiosis
5998,17,rainy,South South,90,None,0,1,1,0,0,2,death_log,Coccidiosis
5999,22,dry,South West,30,None,1,0,0,0,0,1,death_log,Fowl Typhoid
6000,36,rainy,North Central,180,None,0,1,0,0,0,5,death_log,Newcastle Disease
